scenario_name,alpha,beta,phi,kappa,K,suite,final_nodes,K_label,varied_parameter,varied_value,replications,final_node_count,final_edge_count,early_terminated,termination_reason,truncation_events,total_missing_links,mean_degree,max_degree,degree_gini,share_at_capacity,connected_components,largest_component_size,largest_component_share,average_clustering,average_shortest_path_lcc,diameter_lcc,degree_assortativity,mean_edge_length,median_edge_length,total_network_length,degree_centralization,fraction_degree_1,fraction_degree_ge_threshold,cyclomatic_number,edge_length_p10,edge_length_p25,edge_length_p50,edge_length_p75,edge_length_p90,replication,seed
ba_benchmark,1.0,0.0,0.0,2,very_large,headline,200,very_large,,,8,200,400,False,completed,0,0,4.0,38.0,0.3732000000000002,0.0,1,200,1.0,0.04671967156971868,3.34321608040201,6.0,-0.07184621837141494,0.5118010634010093,0.4931151526639898,204.7204253604037,0.17258007207755952,0.0,0.05,201.0,0.14354762389340095,0.3012710746512025,0.4931151526639898,0.7151981360828769,0.8605422217776993,0,566322974
ba_benchmark,1.0,0.0,0.0,2,very_large,headline,200,very_large,,,8,200,400,False,completed,0,0,4.0,37.0,0.39488750000000006,0.0,1,200,1.0,0.12887294652929326,3.2917085427135677,6.0,-0.15863005143224643,0.5174353192485944,0.5031698730562753,206.97412769943776,0.16750418760469013,0.0,0.07,201.0,0.21124273999256765,0.3125541154618175,0.5031698730562753,0.6748017407909028,0.8700509013754956,1,2942576711
ba_benchmark,1.0,0.0,0.0,2,very_large,headline,200,very_large,,,8,200,400,False,completed,0,0,4.0,47.0,0.3937375000000001,0.0,1,200,1.0,0.13745429412790644,3.1956281407035174,6.0,-0.16985653718820007,0.5301741294652653,0.5213720244447437,212.06965178610614,0.2182630323333841,0.0,0.045,201.0,0.19221054057285447,0.33177824767758757,0.5213720244447437,0.7267659316886705,0.8632180938304289,2,2742117968
ba_benchmark,1.0,0.0,0.0,2,very_large,headline,200,very_large,,,8,200,400,False,completed,0,0,4.0,33.0,0.3894500000000001,0.0,1,200,1.0,0.07850239021181497,3.257989949748744,7.0,-0.13756662637926384,0.503302899456723,0.4933040786956644,201.3211597826892,0.14720064971321253,0.0,0.055,201.0,0.183077384418958,0.29574374940960924,0.4933040786956644,0.697668249527526,0.8431417677176911,3,3221469392
ba_benchmark,1.0,0.0,0.0,2,very_large,headline,200,very_large,,,8,200,400,False,completed,0,0,4.0,39.0,0.3862000000000001,0.0,1,200,1.0,0.09741749092790618,3.304673366834171,6.0,-0.11845981649045136,0.4952926032596494,0.4696147197751026,198.11704130385976,0.1776559565504289,0.0,0.065,201.0,0.17728759244489042,0.28904699097575226,0.4696147197751026,0.6710909633656722,0.8539971936195444,4,3725569160
ba_benchmark,1.0,0.0,0.0,2,very_large,headline,200,very_large,,,8,200,400,False,completed,0,0,4.0,42.0,0.397,0.0,1,200,1.0,0.12742915131153257,3.2198994974874373,6.0,-0.17482225027884934,0.49280844899038273,0.47675288843432584,197.1233795961531,0.1928836099690371,0.0,0.065,201.0,0.17865213013158773,0.3269316492483427,0.47675288843432584,0.6609239549505037,0.8140933630915528,5,2673789677
ba_benchmark,1.0,0.0,0.0,2,very_large,headline,200,very_large,,,8,200,400,False,completed,0,0,4.0,36.0,0.3962375,0.0,1,200,1.0,0.10282596389118127,3.27,6.0,-0.12298601042852203,0.490549551215761,0.4805954554497286,196.2198204863044,0.16242830313182072,0.0,0.075,201.0,0.15989184321192176,0.3038911217791437,0.4805954554497286,0.6576563570821885,0.8290754284481194,6,2990963024
ba_benchmark,1.0,0.0,0.0,2,very_large,headline,200,very_large,,,8,200,400,False,completed,0,0,4.0,38.0,0.39095000000000013,0.0,1,200,1.0,0.14180983747702014,3.196030150753769,6.0,-0.16146103272059356,0.5284927220705624,0.5161462362394825,211.39708882822498,0.17258007207755952,0.0,0.06,201.0,0.18819012873794178,0.33325125312752624,0.5161462362394825,0.7199444151119433,0.871343063382818,7,1953223064
capacity_only,1.0,1.0,0.0,2,16,headline,200,16,,,8,200,400,False,completed,0,0,4.0,16.0,0.3308000000000002,0.005,1,200,1.0,0.022766483516483516,3.722462311557789,7.0,0.04335887328933909,0.5055529738785016,0.4903804392006005,202.22118955140064,0.06091061367443277,0.0,0.05,201.0,0.18963755825443337,0.3201837979559161,0.4903804392006005,0.6799440868668933,0.8390752253833352,0,2450196853
capacity_only,1.0,1.0,0.0,2,16,headline,200,16,,,8,200,400,False,completed,0,0,4.0,15.0,0.32738750000000016,0.0,1,200,1.0,0.015157509157509156,3.7409547738693467,7.0,0.03779207218776473,0.5294594769321556,0.5335257902957726,211.78379077286223,0.05583472920156337,0.0,0.065,201.0,0.20598040261165942,0.34584455715792506,0.5335257902957726,0.6962526304030177,0.8520102653063548,1,2453142974
capacity_only,1.0,1.0,0.0,2,16,headline,200,16,,,8,200,400,False,completed,0,0,4.0,16.0,0.3423250000000002,0.005,1,200,1.0,0.039975663225663226,3.686884422110553,7.0,0.08969151526151375,0.5440287031760537,0.549465867843825,217.61148127042145,0.06091061367443277,0.0,0.07,201.0,0.22438554370075112,0.33162174639363606,0.549465867843825,0.7295146541456364,0.8859900764771867,2,3345298856
capacity_only,1.0,1.0,0.0,2,16,headline,200,16,,,8,200,400,False,completed,0,0,4.0,15.0,0.33830000000000005,0.0,1,200,1.0,0.025929931179931177,3.6772361809045226,6.0,0.03740374037403764,0.5379604197757292,0.5202565367445412,215.18416791029165,0.05583472920156337,0.0,0.065,201.0,0.2256324554593306,0.34219615990417424,0.5202565367445412,0.7297513739363211,0.8887967541884243,3,2004613820
capacity_only,1.0,1.0,0.0,2,16,headline,200,16,,,8,200,400,False,completed,0,0,4.0,16.0,0.33572500000000005,0.005,1,200,1.0,0.022606032856032857,3.7214070351758792,7.0,0.04158084043565017,0.5245520387279322,0.5171769313850728,209.82081549117288,0.06091061367443277,0.0,0.08,201.0,0.1964238361995549,0.33072593320968213,0.5171769313850728,0.701107453984785,0.8605251261248905,4,2538844907
capacity_only,1.0,1.0,0.0,2,16,headline,200,16,,,8,200,400,False,completed,0,0,4.0,15.0,0.3365250000000002,0.0,1,200,1.0,0.03137495837495838,3.71356783919598,7.0,0.06154321273973283,0.5404452998112906,0.5092417087805847,216.17811992451627,0.05583472920156337,0.0,0.065,201.0,0.20731105711935488,0.3192314080180709,0.5092417087805847,0.7640374146892677,0.8970862410747135,5,3473493968
capacity_only,1.0,1.0,0.0,2,16,headline,200,16,,,8,200,400,False,completed,0,0,4.0,13.0,0.33882500000000015,0.0,1,200,1.0,0.023302392052392054,3.725778894472362,7.0,0.02206831254904286,0.5065598072675037,0.5032074618938084,202.62392290700149,0.04568296025582458,0.0,0.075,201.0,0.18507376853703894,0.3081139233106483,0.5032074618938084,0.6948002657013321,0.857281129837421,6,1131864980
capacity_only,1.0,1.0,0.0,2,16,headline,200,16,,,8,200,400,False,completed,0,0,4.0,15.0,0.3312875000000002,0.0,1,200,1.0,0.03472927072927073,3.7148743718592967,7.0,0.028846153846154046,0.5199681801462013,0.5006277548569238,207.9872720584805,0.05583472920156337,0.0,0.065,201.0,0.19675411556177796,0.3287994947899365,0.5006277548569238,0.7113261317917097,0.8665694981988428,7,1742941336
spatial_only,1.0,0.0,1.0,2,very_large,headline,200,very_large,,,8,200,400,False,completed,0,0,4.0,39.0,0.3908625000000001,0.0,1,200,1.0,0.11352316371995164,3.275929648241206,6.0,-0.14935708838353481,0.35874306358048985,0.3176629639964559,143.49722543219593,0.1776559565504289,0.0,0.07,201.0,0.07820107853600046,0.1567321074548593,0.3176629639964559,0.5045371833884696,0.7225841421413051,0,2721870198
spatial_only,1.0,0.0,1.0,2,very_large,headline,200,very_large,,,8,200,400,False,completed,0,0,4.0,37.0,0.38192500000000007,0.0,1,200,1.0,0.1241906209829748,3.3208040201005025,6.0,-0.14164687377688015,0.3924441487394413,0.3203145027375641,156.97765949577652,0.16750418760469013,0.0,0.055,201.0,0.06449375010722085,0.16274160358758055,0.3203145027375641,0.612200229623803,0.7909824082426753,1,3606343212
spatial_only,1.0,0.0,1.0,2,very_large,headline,200,very_large,,,8,200,400,False,completed,0,0,4.0,29.0,0.39136250000000006,0.0,1,200,1.0,0.044116573261568176,3.3385427135678394,6.0,-0.14749675602010964,0.36470487097891424,0.32349860610486414,145.8819483915657,0.12689711182173494,0.0,0.07,201.0,0.06699004668440713,0.15463586539349267,0.32349860610486414,0.535606980902687,0.7407565533688456,2,3311648933
spatial_only,1.0,0.0,1.0,2,very_large,headline,200,very_large,,,8,200,400,False,completed,0,0,4.0,29.0,0.37293750000000014,0.0,1,200,1.0,0.11598999070571078,3.468643216080402,7.0,-0.14063108071535385,0.3737520438516395,0.298523708638778,149.50081754065582,0.12689711182173494,0.0,0.08,201.0,0.0736729179395619,0.16360926119204156,0.298523708638778,0.5654000868124346,0.7656074731388599,3,2416139329
spatial_only,1.0,0.0,1.0,2,very_large,headline,200,very_large,,,8,200,400,False,completed,0,0,4.0,30.0,0.3640500000000002,0.0,1,200,1.0,0.08872688836998383,3.4750753768844223,7.0,-0.04721062731395054,0.38697111036855586,0.3431315689278436,154.78844414742235,0.13197299629460432,0.0,0.06,201.0,0.07030953895061717,0.1692950383381783,0.3431315689278436,0.5560259136092627,0.7905155586530523,4,2647494154
spatial_only,1.0,0.0,1.0,2,very_large,headline,200,very_large,,,8,200,400,False,completed,0,0,4.0,38.0,0.3853875000000002,0.0,1,200,1.0,0.11633890577582529,3.31321608040201,6.0,-0.13857988311866543,0.3950316317154928,0.3733307673976065,158.01265268619713,0.17258007207755952,0.0,0.065,201.0,0.08437338963146573,0.1876048700051249,0.3733307673976065,0.5729816324442331,0.7600568907933771,5,1427931638
spatial_only,1.0,0.0,1.0,2,very_large,headline,200,very_large,,,8,200,400,False,completed,0,0,4.0,46.0,0.36788750000000014,0.0,1,200,1.0,0.10947151278673017,3.390251256281407,6.0,-0.08827384364176034,0.3413690950989114,0.2952580054089121,136.54763803956456,0.2131871478605147,0.0,0.04,201.0,0.07813209639284467,0.14807716682405503,0.2952580054089121,0.4851991352228177,0.6850919732032082,6,333041783
spatial_only,1.0,0.0,1.0,2,very_large,headline,200,very_large,,,8,200,400,False,completed,0,0,4.0,28.0,0.3837750000000002,0.0,1,200,1.0,0.09457518831930596,3.3658793969849246,6.0,-0.11118858468149731,0.38865633248469955,0.35332621596561187,155.46253299387982,0.12182122734886554,0.0,0.07,201.0,0.05244460670005872,0.15288961986415295,0.35332621596561187,0.5847704764518602,0.7824023438335728,7,3055393471
general_model,1.0,1.0,1.0,2,16,headline,200,16,,,8,200,400,False,completed,0,0,4.0,16.0,0.3378625000000002,0.005,1,200,1.0,0.04091809579309579,3.695829145728643,7.0,0.011754103971613448,0.34290007463352196,0.2718663315493052,137.1600298534088,0.06091061367443277,0.0,0.06,201.0,0.07084494622322544,0.14977694319203017,0.2718663315493052,0.5247922962193236,0.7062592510178977,0,1937279444
general_model,1.0,1.0,1.0,2,16,headline,200,16,,,8,200,400,False,completed,0,0,4.0,14.0,0.3327875,0.0,1,200,1.0,0.02460764235764236,3.750402010050251,7.0,-0.0019108898327230563,0.34390738274361676,0.2896634347537163,137.5629530974467,0.05075884472869398,0.0,0.06,201.0,0.0693312598267273,0.14429436214325794,0.2896634347537163,0.5100866224559993,0.689620699206096,1,950655524
general_model,1.0,1.0,1.0,2,16,headline,200,16,,,8,200,400,False,completed,0,0,4.0,14.0,0.3291375000000001,0.0,1,200,1.0,0.03615703740703741,3.731557788944724,7.0,-0.004682778096990187,0.36094894785849646,0.3100688505707191,144.3795791433986,0.05075884472869398,0.0,0.065,201.0,0.052929429665039406,0.13697977090399494,0.3100688505707191,0.5497132697583347,0.7334808670545191,2,947124817
general_model,1.0,1.0,1.0,2,16,headline,200,16,,,8,200,400,False,completed,0,0,4.0,15.0,0.3309875000000002,0.0,1,200,1.0,0.03694172494172494,3.748140703517588,7.0,0.07322148487956709,0.3674533147033367,0.32195366378185486,146.98132588133467,0.05583472920156337,0.0,0.055,201.0,0.07794644090938062,0.17383639182734112,0.32195366378185486,0.5185484999488849,0.7287415272946833,3,1735872839
general_model,1.0,1.0,1.0,2,16,headline,200,16,,,8,200,400,False,completed,0,0,4.0,16.0,0.33496250000000005,0.005,1,200,1.0,0.03191687479187479,3.7498492462311557,7.0,0.0861454216562094,0.36688411294412454,0.3323358149335649,146.75364517764982,0.06091061367443277,0.0,0.05,201.0,0.07211636133456965,0.17165080478988815,0.3323358149335649,0.5137761427408498,0.7108395634932316,4,2691458648
general_model,1.0,1.0,1.0,2,16,headline,200,16,,,8,200,400,False,completed,0,0,4.0,15.0,0.3359000000000001,0.0,1,200,1.0,0.0326434953934954,3.698190954773869,7.0,0.04283353010625677,0.3613503968108233,0.3021519780752069,144.54015872432933,0.05583472920156337,0.0,0.065,201.0,0.08223568936332196,0.15538480075042632,0.3021519780752069,0.5391071374449988,0.7266742742382089,5,2523784119
general_model,1.0,1.0,1.0,2,16,headline,200,16,,,8,200,400,False,completed,0,0,4.0,15.0,0.32663750000000014,0.0,1,200,1.0,0.03387351537351537,3.741608040201005,7.0,0.03306403680630421,0.37756099994880143,0.3152280122200093,151.02439997952058,0.05583472920156337,0.0,0.06,201.0,0.08116671322899806,0.15648267516701006,0.3152280122200093,0.575834272180094,0.78120804393007,6,2102520784
general_model,1.0,1.0,1.0,2,16,headline,200,16,,,8,200,400,False,completed,0,0,4.0,16.0,0.32596250000000015,0.005,1,200,1.0,0.03313829226329226,3.7683919597989948,7.0,0.10583340815898892,0.35659656483072893,0.3128553629209401,142.63862593229157,0.06091061367443277,0.0,0.065,201.0,0.06712818175981007,0.16127458313469623,0.3128553629209401,0.5271545527469369,0.7164647536331702,7,3821637227
ba_benchmark,1.0,0.0,0.0,2,very_large,headline,1000,very_large,,,8,1000,2000,False,completed,0,0,4.0,71.0,0.3858100000000002,0.0,1,1000,1.0,0.036477909134179864,4.083099099099099,7.0,-0.0781889690397511,0.5281181613357804,0.5141865403316938,1056.2363226715609,0.06720147000708122,0.0,0.062,1001.0,0.20839631226849753,0.33808536094940916,0.5141865403316938,0.7104559457142513,0.8629065184174078,0,2944886311
ba_benchmark,1.0,0.0,0.0,2,very_large,headline,1000,very_large,,,8,1000,2000,False,completed,0,0,4.0,93.0,0.3889290000000001,0.0,1,1000,1.0,0.028516612758663535,4.027875875875876,7.0,-0.06432205781638141,0.510141833139117,0.5009274167284727,1020.2836662782339,0.08926762433776461,0.0,0.056,1001.0,0.19765681054070344,0.32137338632124296,0.5009274167284727,0.6849916239619331,0.8333490700933448,1,1664074671
ba_benchmark,1.0,0.0,0.0,2,very_large,headline,1000,very_large,,,8,1000,2000,False,completed,0,0,4.0,58.0,0.38870550000000015,0.0,1,1000,1.0,0.01654432385421794,4.108616616616617,7.0,-0.07795668351343223,0.5283925081964055,0.5124222838395173,1056.785016392811,0.05416237881167741,0.0,0.055,1001.0,0.20246110903601972,0.33145299509492987,0.5124222838395173,0.7098463394595534,0.8738733957620062,2,3515041749
ba_benchmark,1.0,0.0,0.0,2,very_large,headline,1000,very_large,,,8,1000,2000,False,completed,0,0,4.0,103.0,0.3862240000000001,0.0,1,1000,1.0,0.032323008784608705,3.9674614614614616,7.0,-0.07492693057101339,0.5286142317343204,0.52003189674826,1057.228463468641,0.09929769448807525,0.0,0.047,1001.0,0.19152503406433263,0.33161278645232384,0.52003189674826,0.7194039920299777,0.873478898823963,3,3947388208
ba_benchmark,1.0,0.0,0.0,2,very_large,headline,1000,very_large,,,8,1000,2000,False,completed,0,0,4.0,61.0,0.3877575000000002,0.0,1,1000,1.0,0.022211099113423387,4.138088088088088,8.0,-0.08572313946606504,0.5213033420575182,0.5118609432513854,1042.6066841150364,0.0571713998567706,0.0,0.058,1001.0,0.1862025196643023,0.33259745836914273,0.5118609432513854,0.704209857412103,0.8634144439108888,4,2595015478
ba_benchmark,1.0,0.0,0.0,2,very_large,headline,1000,very_large,,,8,1000,2000,False,completed,0,0,4.0,80.0,0.39473550000000013,0.0,1,1000,1.0,0.028722360743295133,4.0455015015015015,8.0,-0.0908169680966593,0.5132153407117153,0.49663468610373807,1026.4306814234305,0.07622853314236079,0.0,0.057,1001.0,0.19159825046765142,0.31796467613424595,0.49663468610373807,0.6964690192388107,0.8622438658475653,5,787142438
ba_benchmark,1.0,0.0,0.0,2,very_large,headline,1000,very_large,,,8,1000,2000,False,completed,0,0,4.0,75.0,0.3768210000000001,0.0,1,1000,1.0,0.021615963176162527,4.193063063063063,8.0,-0.045874139926761856,0.5368692083997121,0.5323280541248505,1073.7384167994242,0.07121349806720548,0.0,0.061,1001.0,0.20202011830501324,0.3344560128025063,0.5323280541248505,0.7309864417407277,0.8766446859223745,6,497200838
ba_benchmark,1.0,0.0,0.0,2,very_large,headline,1000,very_large,,,8,1000,2000,False,completed,0,0,4.0,81.0,0.38619250000000016,0.0,1,1000,1.0,0.0344195059531146,4.024418418418419,7.0,-0.08427651278181969,0.5207109686811393,0.509592795777772,1041.4219373622786,0.07723154015739186,0.0,0.053,1001.0,0.19436561931863042,0.340464210081653,0.509592795777772,0.6970474897969496,0.8503582999995223,7,2191299267
capacity_only,1.0,1.0,0.0,2,16,headline,1000,16,,,8,1000,2000,False,completed,0,0,4.0,16.0,0.33515950000000005,0.004,1,1000,1.0,0.006862734487734488,4.761009009009009,8.0,0.06941584459880146,0.5189553070027211,0.509168241323462,1037.910614005442,0.012036084180372757,0.0,0.065,1001.0,0.18956353251603592,0.3214576740602499,0.509168241323462,0.6965365038964499,0.8545752874208733,0,3653226808
capacity_only,1.0,1.0,0.0,2,16,headline,1000,16,,,8,1000,2000,False,completed,0,0,4.0,16.0,0.33375850000000007,0.005,1,1000,1.0,0.005234049284049284,4.770496496496497,8.0,0.05988650945845802,0.5161396292900151,0.5069639318017336,1032.2792585800303,0.012036084180372757,0.0,0.061,1001.0,0.1941730909403822,0.3222466563964315,0.5069639318017336,0.697133717643333,0.8544786362032607,1,2202852273
capacity_only,1.0,1.0,0.0,2,16,headline,1000,16,,,8,1000,2000,False,completed,0,0,4.0,16.0,0.3285790000000002,0.007,1,1000,1.0,0.007397866022866023,4.796488488488489,8.0,0.10574530437503867,0.5175104563836797,0.5047667305959244,1035.0209127673593,0.012036084180372757,0.0,0.063,1001.0,0.18527556587724214,0.31933237717296,0.5047667305959244,0.6996839830019698,0.8696454046271022,2,1333041149
capacity_only,1.0,1.0,0.0,2,16,headline,1000,16,,,8,1000,2000,False,completed,0,0,4.0,16.0,0.33379550000000013,0.005,1,1000,1.0,0.00514499111999112,4.762248248248248,8.0,0.07995166512916378,0.5186967592946539,0.5065348487627575,1037.3935185893076,0.012036084180372757,0.0,0.058,1001.0,0.20735388428721105,0.34003058034733974,0.5065348487627575,0.6982285975582649,0.8445550418287385,3,14102207
capacity_only,1.0,1.0,0.0,2,16,headline,1000,16,,,8,1000,2000,False,completed,0,0,4.0,16.0,0.33237700000000014,0.001,1,1000,1.0,0.006315415140415141,4.8002082082082085,8.0,0.07537789133891759,0.5306381536099586,0.5207026997933994,1061.2763072199173,0.012036084180372757,0.0,0.059,1001.0,0.20882197870598804,0.34352922771161115,0.5207026997933994,0.716100405893041,0.8590070382621069,4,4158942970
capacity_only,1.0,1.0,0.0,2,16,headline,1000,16,,,8,1000,2000,False,completed,0,0,4.0,16.0,0.3400055000000002,0.002,1,1000,1.0,0.00848499555999556,4.735853853853854,8.0,0.03764438527841633,0.5240601621732965,0.5145390135709533,1048.1203243465932,0.012036084180372757,0.0,0.064,1001.0,0.18931366399960164,0.3304305408106476,0.5145390135709533,0.7069681427614289,0.8615212446191377,5,804959033
capacity_only,1.0,1.0,0.0,2,16,headline,1000,16,,,8,1000,2000,False,completed,0,0,4.0,16.0,0.33649550000000006,0.005,1,1000,1.0,0.005511824286824287,4.753391391391391,8.0,0.05917400051150124,0.5333706647288284,0.52977757047546,1066.7413294576568,0.012036084180372757,0.0,0.069,1001.0,0.19638700211087443,0.33390159661355273,0.52977757047546,0.7150586241582266,0.871422651011831,6,1257262418
capacity_only,1.0,1.0,0.0,2,16,headline,1000,16,,,8,1000,2000,False,completed,0,0,4.0,16.0,0.33194800000000013,0.004,1,1000,1.0,0.006134831834831835,4.78154954954955,8.0,0.08326473747048427,0.521708365840802,0.5027598758741756,1043.416731681604,0.012036084180372757,0.0,0.065,1001.0,0.1956175954016335,0.31876545771029957,0.5027598758741756,0.6995391198128099,0.8786607761755967,7,750766117
spatial_only,1.0,0.0,1.0,2,very_large,headline,1000,very_large,,,8,1000,2000,False,completed,0,0,4.0,82.0,0.39208200000000004,0.0,1,1000,1.0,0.03415893617343678,4.026456456456456,7.0,-0.09690865524439009,0.3486663184720224,0.294557234206168,697.3326369440448,0.07823454717242292,0.0,0.052,1001.0,0.05450753424031002,0.13935209089926703,0.294557234206168,0.5267145160038682,0.7184753813659622,0,3919840632
spatial_only,1.0,0.0,1.0,2,very_large,headline,1000,very_large,,,8,1000,2000,False,completed,0,0,4.0,74.0,0.39181850000000007,0.0,1,1000,1.0,0.03773914805569559,4.083627627627628,7.0,-0.09995158712339332,0.35289487311206164,0.3078183408189269,705.7897462241233,0.07021049105217442,0.0,0.054,1001.0,0.06157380049900761,0.1434085010871885,0.3078183408189269,0.5261444595605413,0.7317190320113868,1,1094531360
spatial_only,1.0,0.0,1.0,2,very_large,headline,1000,very_large,,,8,1000,2000,False,completed,0,0,4.0,60.0,0.3864780000000001,0.0,1,1000,1.0,0.02997356512615821,4.10173973973974,7.0,-0.09560274939249509,0.35222175075187523,0.3127567259371177,704.4435015037504,0.05616839284173954,0.0,0.053,1001.0,0.05043871328852188,0.1401758378790796,0.3127567259371177,0.523912342317354,0.72295723450069,2,1443283004
spatial_only,1.0,0.0,1.0,2,very_large,headline,1000,very_large,,,8,1000,2000,False,completed,0,0,4.0,74.0,0.39144250000000014,0.0,1,1000,1.0,0.034830661525713506,4.067065065065065,7.0,-0.09437346873788363,0.3462822604842925,0.29229899509977364,692.564520968585,0.07021049105217442,0.0,0.054,1001.0,0.05491739255568969,0.13275841730899696,0.29229899509977364,0.5169871650795966,0.7197365251722155,3,211199263
spatial_only,1.0,0.0,1.0,2,very_large,headline,1000,very_large,,,8,1000,2000,False,completed,0,0,4.0,145.0,0.3940595,0.0,1,1000,1.0,0.05883499961149172,3.853171171171171,7.0,-0.0872577160502532,0.35254021253106316,0.3106333649316088,705.0804250621263,0.1414239891193799,0.0,0.051,1001.0,0.05873133371810672,0.1429454410133086,0.3106333649316088,0.5179210571696018,0.7264258184750934,4,452359000
spatial_only,1.0,0.0,1.0,2,very_large,headline,1000,very_large,,,8,1000,2000,False,completed,0,0,4.0,101.0,0.3881370000000002,0.0,1,1000,1.0,0.030062433247873097,4.117911911911912,7.0,-0.08712406535338377,0.351639012854504,0.30282419546496,703.278025709008,0.09729168045801312,0.0,0.056,1001.0,0.06382289714381932,0.14894275737446777,0.30282419546496,0.524010825308594,0.715012066203065,5,3042805441
spatial_only,1.0,0.0,1.0,2,very_large,headline,1000,very_large,,,8,1000,2000,False,completed,0,0,4.0,83.0,0.3919515,0.0,1,1000,1.0,0.03068452536862372,3.984,7.0,-0.09091893968936503,0.34806888971943895,0.2959263650763463,696.1377794388779,0.07923755418745398,0.0,0.054,1001.0,0.058295545295311633,0.1391577027268165,0.2959263650763463,0.5218998465152908,0.7259062474373079,6,183123959
spatial_only,1.0,0.0,1.0,2,very_large,headline,1000,very_large,,,8,1000,2000,False,completed,0,0,4.0,63.0,0.39258000000000015,0.0,1,1000,1.0,0.02685725533600296,4.073887887887888,7.0,-0.09630085873974141,0.344611011504083,0.29319779993340034,689.222023008166,0.05917741388683272,0.0,0.053,1001.0,0.06066933078936321,0.14213164419507138,0.29319779993340034,0.49474748746958236,0.7098261148275141,7,3634072224
general_model,1.0,1.0,1.0,2,16,headline,1000,16,,,8,1000,2000,False,completed,0,0,4.0,16.0,0.33591800000000016,0.002,1,1000,1.0,0.006487925962925962,4.765695695695696,8.0,0.07689762612611939,0.34928464064718234,0.30198904963463313,698.5692812943647,0.012036084180372757,0.0,0.073,1001.0,0.05830768327972875,0.1384569096600758,0.30198904963463313,0.5109055146691884,0.7269580839121212,0,2816671198
general_model,1.0,1.0,1.0,2,16,headline,1000,16,,,8,1000,2000,False,completed,0,0,4.0,16.0,0.3367705000000001,0.005,1,1000,1.0,0.011091908091908092,4.766510510510511,8.0,0.05303268930381142,0.3561448989038586,0.30396697971481446,712.2897978077172,0.012036084180372757,0.0,0.062,1001.0,0.06042031287096017,0.1369345030470882,0.30396697971481446,0.5353781937829151,0.7445763510468049,1,3435188611
general_model,1.0,1.0,1.0,2,16,headline,1000,16,,,8,1000,2000,False,completed,0,0,4.0,16.0,0.3366040000000001,0.003,1,1000,1.0,0.010986938061938062,4.754164164164164,8.0,0.05630254397656415,0.35422088010900116,0.3057338150131559,708.4417602180023,0.012036084180372757,0.0,0.073,1001.0,0.05924585725137519,0.14236575825236594,0.3057338150131559,0.5184255767930634,0.7185658792362848,2,3054904848
general_model,1.0,1.0,1.0,2,16,headline,1000,16,,,8,1000,2000,False,completed,0,0,4.0,16.0,0.34048600000000007,0.004,1,1000,1.0,0.009598987123987124,4.7368188188188185,8.0,0.034363397277227314,0.3361860942785701,0.27868484095378265,672.3721885571402,0.012036084180372757,0.0,0.067,1001.0,0.050775282028480445,0.12781280942514908,0.27868484095378265,0.5045502271545131,0.7118921734896374,3,441290207
general_model,1.0,1.0,1.0,2,16,headline,1000,16,,,8,1000,2000,False,completed,0,0,4.0,16.0,0.33451450000000005,0.003,1,1000,1.0,0.009832178932178932,4.760086086086086,8.0,0.07469377669525905,0.34923653174517155,0.2957210198580858,698.4730634903431,0.012036084180372757,0.0,0.061,1001.0,0.055185414964683835,0.13287127538700735,0.2957210198580858,0.5297760269594343,0.7292562277776213,4,1316818849
general_model,1.0,1.0,1.0,2,16,headline,1000,16,,,8,1000,2000,False,completed,0,0,4.0,16.0,0.3383815000000001,0.003,1,1000,1.0,0.006671134421134421,4.748474474474475,8.0,0.04836578006364373,0.3570291578433857,0.29720509648384863,714.0583156867714,0.012036084180372757,0.0,0.066,1001.0,0.06377225963168712,0.14936898889245184,0.29720509648384863,0.5233340980637069,0.7467810668415737,5,3923512615
general_model,1.0,1.0,1.0,2,16,headline,1000,16,,,8,1000,2000,False,completed,0,0,4.0,16.0,0.3375300000000001,0.006,1,1000,1.0,0.00782009102009102,4.754532532532533,8.0,0.07812941613918854,0.3560496952869523,0.3088476766878021,712.0993905739045,0.012036084180372757,0.0,0.071,1001.0,0.05399366363233916,0.1371017913402916,0.3088476766878021,0.5273914742804712,0.7546483258689523,6,2891596144
general_model,1.0,1.0,1.0,2,16,headline,1000,16,,,8,1000,2000,False,completed,0,0,4.0,16.0,0.33425300000000013,0.005,1,1000,1.0,0.008605289155289155,4.778164164164164,8.0,0.0756122862815415,0.34927952470049056,0.29603381029305553,698.5590494009812,0.012036084180372757,0.0,0.067,1001.0,0.05963370496417597,0.13978237776091829,0.29603381029305553,0.5117095730442985,0.7299221049905299,7,886809020
baseline,1.0,1.0,1.0,2,16,sensitivity,1000,16,baseline,0,8,1000,2000,False,completed,0,0,4.0,16.0,0.3348025000000001,0.004,1,1000,1.0,0.007044777444777445,4.779071071071071,9.0,0.03685777141118652,0.35045951440588935,0.29530000738850926,700.9190288117787,0.012036084180372757,0.0,0.065,1001.0,0.05082500951651404,0.13377339733776905,0.29530000738850926,0.5326450613166902,0.7367061536900916,0,1261745038
baseline,1.0,1.0,1.0,2,16,sensitivity,1000,16,baseline,0,8,1000,2000,False,completed,0,0,4.0,16.0,0.3335595,0.005,1,1000,1.0,0.00835514208014208,4.755433433433433,8.0,0.07337005813092862,0.3448040679940576,0.29218196485314324,689.6081359881152,0.012036084180372757,0.0,0.06,1001.0,0.05579414058121308,0.1349358297654853,0.29218196485314324,0.5091664421762866,0.7196269523574526,1,3570235016
baseline,1.0,1.0,1.0,2,16,sensitivity,1000,16,baseline,0,8,1000,2000,False,completed,0,0,4.0,16.0,0.33763450000000006,0.003,1,1000,1.0,0.009874442224442224,4.742594594594594,8.0,0.05141774557953871,0.344018984041677,0.30097124052884705,688.037968083354,0.012036084180372757,0.0,0.061,1001.0,0.05228173703609767,0.14116011271896986,0.30097124052884705,0.5146244740260417,0.7005751200339623,2,4127272891
baseline,1.0,1.0,1.0,2,16,sensitivity,1000,16,baseline,0,8,1000,2000,False,completed,0,0,4.0,16.0,0.3366110000000002,0.001,1,1000,1.0,0.008909953934953934,4.764460460460461,8.0,0.05681851444353093,0.3478377979530526,0.3021361524584266,695.6755959061052,0.012036084180372757,0.0,0.067,1001.0,0.050767652939731456,0.13623844112087066,0.3021361524584266,0.5162099989317356,0.7189452464246185,3,2416035997
baseline,1.0,1.0,1.0,2,16,sensitivity,1000,16,baseline,0,8,1000,2000,False,completed,0,0,4.0,16.0,0.340697,0.005,1,1000,1.0,0.006022724497724497,4.737053053053053,8.0,0.05946180916279809,0.34113968221302865,0.2912572200647876,682.2793644260573,0.012036084180372757,0.0,0.067,1001.0,0.056643228589470095,0.13662452680248952,0.2912572200647876,0.49830270985512204,0.696153754968348,4,1414540179
baseline,1.0,1.0,1.0,2,16,sensitivity,1000,16,baseline,0,8,1000,2000,False,completed,0,0,4.0,16.0,0.34272900000000006,0.004,1,1000,1.0,0.009838328338328338,4.718636636636637,8.0,0.027512641066294433,0.3479014654652666,0.29983559405205124,695.8029309305332,0.012036084180372757,0.0,0.069,1001.0,0.05393866789644879,0.13606877464824962,0.29983559405205124,0.5163101307670301,0.7227041300653113,5,2069616351
baseline,1.0,1.0,1.0,2,16,sensitivity,1000,16,baseline,0,8,1000,2000,False,completed,0,0,4.0,16.0,0.33441600000000005,0.004,1,1000,1.0,0.008707745032745032,4.746166166166166,8.0,0.09716391766876047,0.3526150930269812,0.30514670465792226,705.2301860539624,0.012036084180372757,0.0,0.057,1001.0,0.05147251820573628,0.13646033934376825,0.30514670465792226,0.5352929657292783,0.7196823914999821,6,811361929
baseline,1.0,1.0,1.0,2,16,sensitivity,1000,16,baseline,0,8,1000,2000,False,completed,0,0,4.0,16.0,0.33867,0.004,1,1000,1.0,0.016028074703074706,4.750722722722723,8.0,0.050385564215296996,0.3580327815866982,0.31343672793971444,716.0655631733964,0.012036084180372757,0.0,0.068,1001.0,0.05978553789890833,0.1492979459244289,0.31343672793971444,0.5253408905626071,0.7228311275683565,7,414179746
alpha_0.5,0.5,1.0,1.0,2,16,sensitivity,1000,16,alpha,0.5,8,1000,2000,False,completed,0,0,4.0,15.0,0.3038400000000001,0.0,1,1000,1.0,0.006648751248751248,4.924656656656657,9.0,0.15538488164936032,0.35231326518429307,0.2989509200102733,704.6265303685861,0.011033077165341694,0.0,0.044,1001.0,0.05394741089262017,0.1383254535444826,0.2989509200102733,0.5217173314150161,0.7341086887037732,0,3614131330
alpha_0.5,0.5,1.0,1.0,2,16,sensitivity,1000,16,alpha,0.5,8,1000,2000,False,completed,0,0,4.0,14.0,0.31222800000000017,0.0,1,1000,1.0,0.005212493062493062,4.928326326326326,9.0,0.10562490524081407,0.35016558533142045,0.29181265706550547,700.3311706628409,0.01003007015031063,0.0,0.044,1001.0,0.060337001383057136,0.14130031640535226,0.29181265706550547,0.5210870798534406,0.7308258734861737,1,3488250967
alpha_0.5,0.5,1.0,1.0,2,16,sensitivity,1000,16,alpha,0.5,8,1000,2000,False,completed,0,0,4.0,15.0,0.3144150000000001,0.0,1,1000,1.0,0.004606282606282606,4.894334334334334,8.0,0.10643738126674385,0.35658563096383533,0.3073024305422052,713.1712619276707,0.011033077165341694,0.0,0.047,1001.0,0.06671412489159716,0.15354836354098772,0.3073024305422052,0.5242700362169956,0.7175473119771151,2,3383520274
alpha_0.5,0.5,1.0,1.0,2,16,sensitivity,1000,16,alpha,0.5,8,1000,2000,False,completed,0,0,4.0,16.0,0.3017960000000002,0.001,1,1000,1.0,0.004132545232545233,4.94843043043043,9.0,0.1565854201310737,0.3620490132864197,0.31270314722218273,724.0980265728394,0.012036084180372757,0.0,0.046,1001.0,0.06409462463999857,0.14531845222855402,0.31270314722218273,0.5400071456634954,0.7435728253802792,3,707668120
alpha_0.5,0.5,1.0,1.0,2,16,sensitivity,1000,16,alpha,0.5,8,1000,2000,False,completed,0,0,4.0,15.0,0.3092640000000002,0.0,1,1000,1.0,0.006904229104229104,4.919447447447448,8.0,0.12451280243185243,0.35204447827130947,0.2972257289918754,704.0889565426189,0.011033077165341694,0.0,0.044,1001.0,0.05739783957593126,0.13639703102060385,0.2972257289918754,0.5217513313926546,0.7292945848936385,4,138259485
alpha_0.5,0.5,1.0,1.0,2,16,sensitivity,1000,16,alpha,0.5,8,1000,2000,False,completed,0,0,4.0,16.0,0.30860750000000015,0.001,1,1000,1.0,0.007397727272727273,4.903921921921922,8.0,0.1481766744675179,0.34458499408441773,0.2904653212581326,689.1699881688354,0.012036084180372757,0.0,0.045,1001.0,0.0550217686030115,0.125031972299431,0.2904653212581326,0.5151113081962135,0.731065209531878,5,1613740942
alpha_0.5,0.5,1.0,1.0,2,16,sensitivity,1000,16,alpha,0.5,8,1000,2000,False,completed,0,0,4.0,15.0,0.30647100000000016,0.0,1,1000,1.0,0.0042785325785325784,4.945419419419419,9.0,0.11317074136787109,0.34478233760135835,0.2982173229337918,689.5646752027167,0.011033077165341694,0.0,0.041,1001.0,0.058173604007244376,0.13887796298708643,0.2982173229337918,0.5136047232536725,0.6976554837226129,6,3385264555
alpha_0.5,0.5,1.0,1.0,2,16,sensitivity,1000,16,alpha,0.5,8,1000,2000,False,completed,0,0,4.0,15.0,0.30178300000000013,0.0,1,1000,1.0,0.00473989343989344,4.985435435435435,9.0,0.13027652264309952,0.34831321544745436,0.3061880911902607,696.6264308949087,0.011033077165341694,0.0,0.047,1001.0,0.05532634715742307,0.13106986691529363,0.3061880911902607,0.5127853879075426,0.7103622290107694,7,3352598544
alpha_1.0,1.0,1.0,1.0,2,16,sensitivity,1000,16,alpha,1.0,8,1000,2000,False,completed,0,0,4.0,16.0,0.3386985,0.004,1,1000,1.0,0.010318689643689642,4.748668668668668,8.0,0.061185895701023674,0.34587848724007064,0.2972238721792847,691.7569744801413,0.012036084180372757,0.0,0.068,1001.0,0.05228412470941288,0.12898079364423298,0.2972238721792847,0.5232254233921003,0.7158212607005926,0,963235080
alpha_1.0,1.0,1.0,1.0,2,16,sensitivity,1000,16,alpha,1.0,8,1000,2000,False,completed,0,0,4.0,16.0,0.34042550000000005,0.005,1,1000,1.0,0.00996422743922744,4.760616616616617,8.0,0.06745262643787037,0.3503198410747573,0.30458840758195405,700.6396821495146,0.012036084180372757,0.0,0.065,1001.0,0.059617519639579286,0.1377018044136292,0.30458840758195405,0.521717218507249,0.711700642397016,1,3820238428
alpha_1.0,1.0,1.0,1.0,2,16,sensitivity,1000,16,alpha,1.0,8,1000,2000,False,completed,0,0,4.0,16.0,0.3378565,0.004,1,1000,1.0,0.00935009435009435,4.777369369369369,9.0,0.0572091735849047,0.35006617034967874,0.301706701095953,700.1323406993574,0.012036084180372757,0.0,0.067,1001.0,0.056003348650688116,0.14452543139417054,0.301706701095953,0.5207110026420753,0.7234814391646966,2,3283247367
alpha_1.0,1.0,1.0,1.0,2,16,sensitivity,1000,16,alpha,1.0,8,1000,2000,False,completed,0,0,4.0,16.0,0.33460200000000007,0.004,1,1000,1.0,0.009712479187479188,4.777305305305306,8.0,0.06726575241137085,0.3553085478266663,0.30585610603892704,710.6170956533326,0.012036084180372757,0.0,0.065,1001.0,0.05586302044618355,0.14551683022847228,0.30585610603892704,0.5284973453872202,0.7366287238657933,3,820504798
alpha_1.0,1.0,1.0,1.0,2,16,sensitivity,1000,16,alpha,1.0,8,1000,2000,False,completed,0,0,4.0,16.0,0.33721650000000003,0.002,1,1000,1.0,0.008919233544233544,4.743423423423423,8.0,0.026286552784210687,0.35421760765286214,0.29426012340663676,708.4352153057243,0.012036084180372757,0.0,0.07,1001.0,0.05339309933892583,0.13393296980726038,0.29426012340663676,0.5305201159221691,0.7508306248054123,4,2462612169
alpha_1.0,1.0,1.0,1.0,2,16,sensitivity,1000,16,alpha,1.0,8,1000,2000,False,completed,0,0,4.0,16.0,0.3315800000000002,0.002,1,1000,1.0,0.009323537573537573,4.780732732732733,8.0,0.08840953015015224,0.34489701313497473,0.28873938661670606,689.7940262699494,0.012036084180372757,0.0,0.057,1001.0,0.05596904310298221,0.13238057672711578,0.28873938661670606,0.5112618651053858,0.7273389864864852,5,3699590099
alpha_1.0,1.0,1.0,1.0,2,16,sensitivity,1000,16,alpha,1.0,8,1000,2000,False,completed,0,0,4.0,16.0,0.33279250000000005,0.003,1,1000,1.0,0.010530352980352979,4.756102102102102,8.0,0.09276276984475251,0.3585897543110886,0.3051905742456652,717.1795086221772,0.012036084180372757,0.0,0.061,1001.0,0.05369736684124543,0.13489561507591294,0.3051905742456652,0.5456524106460002,0.7485745611594853,6,5649828
alpha_1.0,1.0,1.0,1.0,2,16,sensitivity,1000,16,alpha,1.0,8,1000,2000,False,completed,0,0,4.0,16.0,0.33703400000000006,0.007,1,1000,1.0,0.0092485458985459,4.740598598598599,8.0,0.05979389699987765,0.34661978042106406,0.29900819951388957,693.2395608421281,0.012036084180372757,0.0,0.067,1001.0,0.05119153192015638,0.13118860424244252,0.29900819951388957,0.5213756933259606,0.7159131752483351,7,1539034170
alpha_1.5,1.5,1.0,1.0,2,16,sensitivity,1000,16,alpha,1.5,8,1000,2000,False,completed,0,0,4.0,16.0,0.3666975000000001,0.014,1,1000,1.0,0.012793575868575867,4.606094094094094,8.0,-0.032429683829098624,0.3540057588147545,0.305364871622614,708.011517629509,0.012036084180372757,0.0,0.083,1001.0,0.05356003002099146,0.14179993473193184,0.305364871622614,0.5223738075893151,0.731185720923094,0,1687331644
alpha_1.5,1.5,1.0,1.0,2,16,sensitivity,1000,16,alpha,1.5,8,1000,2000,False,completed,0,0,4.0,16.0,0.3650490000000002,0.017,1,1000,1.0,0.013368001443001444,4.621843843843844,8.0,-0.05703372703252977,0.3487528838369761,0.2991924485638154,697.5057676739523,0.012036084180372757,0.0,0.085,1001.0,0.05654740365009996,0.14228786879427233,0.2991924485638154,0.5191206778169195,0.7244874869346863,1,2297686891
alpha_1.5,1.5,1.0,1.0,2,16,sensitivity,1000,16,alpha,1.5,8,1000,2000,False,completed,0,0,4.0,16.0,0.36222050000000006,0.016,1,1000,1.0,0.011632964257964257,4.596878878878879,8.0,-0.017851652289150827,0.34421808543777027,0.28919725753207975,688.4361708755406,0.012036084180372757,0.0,0.079,1001.0,0.0571136515959358,0.13696668227668615,0.28919725753207975,0.5125568078046416,0.7219547390626768,2,3082385649
alpha_1.5,1.5,1.0,1.0,2,16,sensitivity,1000,16,alpha,1.5,8,1000,2000,False,completed,0,0,4.0,16.0,0.36320700000000006,0.025,1,1000,1.0,0.010928182928182928,4.614164164164164,8.0,-0.028031624739592052,0.3479232534668825,0.30256623570759694,695.846506933765,0.012036084180372757,0.0,0.072,1001.0,0.05521629203899038,0.1314405834846183,0.30256623570759694,0.5233680815315045,0.7245220560521496,3,1912357160
alpha_1.5,1.5,1.0,1.0,2,16,sensitivity,1000,16,alpha,1.5,8,1000,2000,False,completed,0,0,4.0,16.0,0.369059,0.013,1,1000,1.0,0.01234116439116439,4.581685685685685,8.0,-0.07585541156707003,0.36246360235829767,0.3078284899024738,724.9272047165954,0.012036084180372757,0.0,0.087,1001.0,0.059426270939261935,0.14516646595419425,0.3078284899024738,0.5357180725979491,0.7532718471372214,4,3611088428
alpha_1.5,1.5,1.0,1.0,2,16,sensitivity,1000,16,alpha,1.5,8,1000,2000,False,completed,0,0,4.0,16.0,0.36277800000000004,0.016,1,1000,1.0,0.015075083250083249,4.59935935935936,8.0,-0.03709088272036076,0.3532335595565788,0.29809478488896635,706.4671191131577,0.012036084180372757,0.0,0.083,1001.0,0.058373502913393556,0.1383164442667938,0.29809478488896635,0.5328463263439592,0.7443771285278008,5,853125974
alpha_1.5,1.5,1.0,1.0,2,16,sensitivity,1000,16,alpha,1.5,8,1000,2000,False,completed,0,0,4.0,16.0,0.364217,0.024,1,1000,1.0,0.009780117105117106,4.593083083083083,8.0,-0.014028147847338546,0.34558127783880754,0.2970899783384829,691.162555677615,0.012036084180372757,0.0,0.082,1001.0,0.057711785162109425,0.14541243943109328,0.2970899783384829,0.5093688822853761,0.7054984006834897,6,1116743821
alpha_1.5,1.5,1.0,1.0,2,16,sensitivity,1000,16,alpha,1.5,8,1000,2000,False,completed,0,0,4.0,16.0,0.3647775000000002,0.021,1,1000,1.0,0.013349913974913974,4.5919459459459455,8.0,-0.016049424146445394,0.3540467628521241,0.30109993116261025,708.0935257042482,0.012036084180372757,0.0,0.08,1001.0,0.054046331354226936,0.1451939579391413,0.30109993116261025,0.5329542161025047,0.7436866911568668,7,3423490935
beta_0.0,1.0,0.0,1.0,2,16,sensitivity,1000,16,beta,0.0,8,1000,2000,False,completed,0,0,4.0,16.0,0.36089950000000015,0.035,1,1000,1.0,0.01691368908868909,4.598692692692692,8.0,-0.031744168800098393,0.3576700433823396,0.3126235752599989,715.3400867646792,0.012036084180372757,0.0,0.074,1001.0,0.05695566831335359,0.14174872561105428,0.3126235752599989,0.5335746557546572,0.7492531803943554,0,3407504709
beta_0.0,1.0,0.0,1.0,2,16,sensitivity,1000,16,beta,0.0,8,1000,2000,False,completed,0,0,4.0,16.0,0.36201950000000016,0.036,1,1000,1.0,0.014041228216228215,4.583499499499499,8.0,-0.045073012279872836,0.34448704853274004,0.29269946937178426,688.9740970654801,0.012036084180372757,0.0,0.082,1001.0,0.055232368365017964,0.1379619171660526,0.29269946937178426,0.5091561528284764,0.7267467778895298,1,1851849498
beta_0.0,1.0,0.0,1.0,2,16,sensitivity,1000,16,beta,0.0,8,1000,2000,False,completed,0,0,4.0,16.0,0.3642325000000002,0.034,1,1000,1.0,0.015175310800310801,4.570658658658659,8.0,-0.035586892532100296,0.33989689841233983,0.29055207307143416,679.7937968246797,0.012036084180372757,0.0,0.079,1001.0,0.0523057076574007,0.13636451840701727,0.29055207307143416,0.5004498679255388,0.7094917764963681,2,981798532
beta_0.0,1.0,0.0,1.0,2,16,sensitivity,1000,16,beta,0.0,8,1000,2000,False,completed,0,0,4.0,16.0,0.35905850000000017,0.034,1,1000,1.0,0.0076684343434343435,4.615803803803804,8.0,-0.039526763144770764,0.3514853442567269,0.307743657974093,702.9706885134538,0.012036084180372757,0.0,0.076,1001.0,0.05471080154892616,0.14083236475015676,0.307743657974093,0.521360417583596,0.7285048589672724,3,4092296670
beta_0.0,1.0,0.0,1.0,2,16,sensitivity,1000,16,beta,0.0,8,1000,2000,False,completed,0,0,4.0,16.0,0.35752050000000013,0.033,1,1000,1.0,0.015659312909312908,4.631191191191191,8.0,-0.027619155012386397,0.3418778398938907,0.28406031087078376,683.7556797877814,0.012036084180372757,0.0,0.07,1001.0,0.055470000587557244,0.12953441513068817,0.28406031087078376,0.5214980639311498,0.7095163710889385,4,27914950
beta_0.0,1.0,0.0,1.0,2,16,sensitivity,1000,16,beta,0.0,8,1000,2000,False,completed,0,0,4.0,16.0,0.36574700000000004,0.036,1,1000,1.0,0.009917743367743368,4.568088088088088,8.0,-0.07451047356156641,0.3424921967497967,0.29981354010190814,684.9843934995934,0.012036084180372757,0.0,0.079,1001.0,0.05742778832544568,0.14528890263636696,0.29981354010190814,0.49525791183136514,0.7113771138464491,5,609311336
beta_0.0,1.0,0.0,1.0,2,16,sensitivity,1000,16,beta,0.0,8,1000,2000,False,completed,0,0,4.0,16.0,0.3659100000000002,0.038,1,1000,1.0,0.01941852036852037,4.573129129129129,8.0,-0.07572021010076277,0.34595680010277075,0.2980813329293656,691.9136002055415,0.012036084180372757,0.0,0.082,1001.0,0.055578669541151406,0.14406748918772233,0.2980813329293656,0.5073391213376957,0.7123427213844863,6,2387926760
beta_0.0,1.0,0.0,1.0,2,16,sensitivity,1000,16,beta,0.0,8,1000,2000,False,completed,0,0,4.0,16.0,0.360962,0.033,1,1000,1.0,0.011188167388167388,4.5988048048048045,8.0,-0.041613656321056146,0.3419721080037565,0.2832174814482824,683.944216007513,0.012036084180372757,0.0,0.075,1001.0,0.0531546403084216,0.13071689244446372,0.2832174814482824,0.5095853623510809,0.7349387662759976,7,641607240
beta_0.5,1.0,0.5,1.0,2,16,sensitivity,1000,16,beta,0.5,8,1000,2000,False,completed,0,0,4.0,16.0,0.35236,0.016,1,1000,1.0,0.010483874458874458,4.645985985985986,8.0,0.018683901705700678,0.3465209278018473,0.2960392498720245,693.0418556036946,0.012036084180372757,0.0,0.076,1001.0,0.05660132238250892,0.13460957423372788,0.2960392498720245,0.5141216802920551,0.7181930772715678,0,3211272874
beta_0.5,1.0,0.5,1.0,2,16,sensitivity,1000,16,beta,0.5,8,1000,2000,False,completed,0,0,4.0,16.0,0.34627200000000014,0.015,1,1000,1.0,0.01465102675102675,4.687147147147147,8.0,0.043340473373149294,0.3544793350003857,0.30922683096555226,708.9586700007713,0.012036084180372757,0.0,0.066,1001.0,0.049255878758568024,0.1366718459875562,0.30922683096555226,0.5258926290187478,0.7343114917501292,1,3778567688
beta_0.5,1.0,0.5,1.0,2,16,sensitivity,1000,16,beta,0.5,8,1000,2000,False,completed,0,0,4.0,16.0,0.346878,0.021,1,1000,1.0,0.014166730491730492,4.682368368368368,8.0,0.0459064600201046,0.35121846407702756,0.2990709779891003,702.4369281540551,0.012036084180372757,0.0,0.069,1001.0,0.05175916441000066,0.13752777547648634,0.2990709779891003,0.5258361025165064,0.741296718268541,2,1172455764
beta_0.5,1.0,0.5,1.0,2,16,sensitivity,1000,16,beta,0.5,8,1000,2000,False,completed,0,0,4.0,16.0,0.3482925000000001,0.018,1,1000,1.0,0.0033554917304917304,4.673025025025025,8.0,0.045012797198179154,0.34897040301085874,0.31418574429167734,697.9408060217174,0.012036084180372757,0.0,0.067,1001.0,0.05329109259643645,0.14036770820692646,0.31418574429167734,0.5159750914882175,0.7106643925863132,3,1691256075
beta_0.5,1.0,0.5,1.0,2,16,sensitivity,1000,16,beta,0.5,8,1000,2000,False,completed,0,0,4.0,16.0,0.3497365000000001,0.016,1,1000,1.0,0.008385761460761462,4.698382382382382,8.0,0.008772445697904393,0.3517191283875309,0.30052169507538196,703.4382567750617,0.012036084180372757,0.0,0.073,1001.0,0.061480957998017685,0.14257416075502835,0.30052169507538196,0.5289394369844733,0.7224276150029884,4,688126781
beta_0.5,1.0,0.5,1.0,2,16,sensitivity,1000,16,beta,0.5,8,1000,2000,False,completed,0,0,4.0,16.0,0.34648500000000015,0.017,1,1000,1.0,0.0084239010989011,4.688258258258259,8.0,0.02912177928237953,0.3534769842700932,0.310383344453832,706.9539685401865,0.012036084180372757,0.0,0.069,1001.0,0.05313785074323433,0.13930121618065422,0.310383344453832,0.5238678684508655,0.7307032253332022,5,1343932479
beta_0.5,1.0,0.5,1.0,2,16,sensitivity,1000,16,beta,0.5,8,1000,2000,False,completed,0,0,4.0,16.0,0.3452025000000001,0.019,1,1000,1.0,0.007632253857253857,4.685735735735736,8.0,0.038217097844605925,0.35479501947154585,0.3115407080385959,709.5900389430917,0.012036084180372757,0.0,0.069,1001.0,0.06006680629946766,0.1408760975042458,0.3115407080385959,0.520908665012731,0.7172940864449506,6,4176660785
beta_0.5,1.0,0.5,1.0,2,16,sensitivity,1000,16,beta,0.5,8,1000,2000,False,completed,0,0,4.0,16.0,0.3533415000000002,0.018,1,1000,1.0,0.010782642357642357,4.662828828828829,8.0,-0.0018501381450453938,0.35031331103245134,0.3159349133036644,700.6266220649027,0.012036084180372757,0.0,0.075,1001.0,0.060692790801083134,0.14086165793194766,0.3159349133036644,0.5098123276011279,0.706575173639636,7,3027064921
beta_1.0,1.0,1.0,1.0,2,16,sensitivity,1000,16,beta,1.0,8,1000,2000,False,completed,0,0,4.0,16.0,0.3346310000000001,0.003,1,1000,1.0,0.008364452214452214,4.77249049049049,8.0,0.040270865338630855,0.35998292482979877,0.30901077431924295,719.9658496595976,0.012036084180372757,0.0,0.068,1001.0,0.059411604387966756,0.14192534369921833,0.30901077431924295,0.5402670598838835,0.7446050406422713,0,2510546328
beta_1.0,1.0,1.0,1.0,2,16,sensitivity,1000,16,beta,1.0,8,1000,2000,False,completed,0,0,4.0,16.0,0.33396250000000016,0.003,1,1000,1.0,0.008042554667554666,4.790902902902903,8.0,0.073208363968012,0.34553449853408585,0.29780173529797516,691.0689970681717,0.012036084180372757,0.0,0.062,1001.0,0.04974048354473376,0.1237348925237673,0.29780173529797516,0.5187759444076478,0.7265167239745347,1,3188718878
beta_1.0,1.0,1.0,1.0,2,16,sensitivity,1000,16,beta,1.0,8,1000,2000,False,completed,0,0,4.0,16.0,0.3366695000000002,0.005,1,1000,1.0,0.006093081918081918,4.745297297297297,8.0,0.08928791042691207,0.3510859700613679,0.2981349404381288,702.1719401227358,0.012036084180372757,0.0,0.06,1001.0,0.05722568202803917,0.14091933922842187,0.2981349404381288,0.5273670750577515,0.7221752632095543,2,743586974
beta_1.0,1.0,1.0,1.0,2,16,sensitivity,1000,16,beta,1.0,8,1000,2000,False,completed,0,0,4.0,16.0,0.33688000000000007,0.005,1,1000,1.0,0.010807031857031857,4.7567187187187185,8.0,0.062384991065329756,0.3526995863228114,0.30791020683328063,705.3991726456228,0.012036084180372757,0.0,0.07,1001.0,0.05166829951109396,0.13365653107205458,0.30791020683328063,0.5175240528232017,0.7367415766686561,3,1647636897
beta_1.0,1.0,1.0,1.0,2,16,sensitivity,1000,16,beta,1.0,8,1000,2000,False,completed,0,0,4.0,16.0,0.3364020000000001,0.002,1,1000,1.0,0.00728051948051948,4.753173173173173,8.0,0.058573970165594486,0.3580692126168706,0.3060596403806418,716.1384252337411,0.012036084180372757,0.0,0.063,1001.0,0.05955966081209434,0.1428248033007618,0.3060596403806418,0.5353595117741673,0.7380773872311259,4,410625888
beta_1.0,1.0,1.0,1.0,2,16,sensitivity,1000,16,beta,1.0,8,1000,2000,False,completed,0,0,4.0,16.0,0.33704350000000005,0.003,1,1000,1.0,0.004958583083583084,4.779407407407407,8.0,0.07164400230971299,0.3432521645389581,0.2902177500130231,686.5043290779163,0.012036084180372757,0.0,0.062,1001.0,0.05500956141765001,0.13416189202139167,0.2902177500130231,0.5139114355561347,0.72811530871597,5,1837603246
beta_1.0,1.0,1.0,1.0,2,16,sensitivity,1000,16,beta,1.0,8,1000,2000,False,completed,0,0,4.0,16.0,0.33730800000000016,0.006,1,1000,1.0,0.010597211122211122,4.730874874874875,8.0,0.06779192867654282,0.3471097201908296,0.29853146488541216,694.2194403816592,0.012036084180372757,0.0,0.069,1001.0,0.0526615421568146,0.13569591175471815,0.29853146488541216,0.5110336643588472,0.7196914325967453,6,2749020624
beta_1.0,1.0,1.0,1.0,2,16,sensitivity,1000,16,beta,1.0,8,1000,2000,False,completed,0,0,4.0,16.0,0.3410015000000002,0.004,1,1000,1.0,0.01101392773892774,4.733321321321322,8.0,0.02846086733949624,0.34549144130748016,0.28460606769337793,690.9828826149603,0.012036084180372757,0.0,0.07,1001.0,0.05559788363118645,0.13525759935402693,0.28460606769337793,0.5173792007604694,0.719609689158414,7,1446672588
beta_2.0,1.0,2.0,1.0,2,16,sensitivity,1000,16,beta,2.0,8,1000,2000,False,completed,0,0,4.0,15.0,0.31161300000000014,0.0,1,1000,1.0,0.004831646131646132,4.9555055055055055,9.0,0.09064942688839063,0.34452813276791233,0.29363672702988375,689.0562655358247,0.011033077165341694,0.0,0.05,1001.0,0.046864616389818856,0.1380801472235453,0.29363672702988375,0.5117048658461929,0.715372197948799,0,2171169586
beta_2.0,1.0,2.0,1.0,2,16,sensitivity,1000,16,beta,2.0,8,1000,2000,False,completed,0,0,4.0,14.0,0.31671550000000015,0.0,1,1000,1.0,0.006165922965922966,4.92964964964965,9.0,0.0767322060012877,0.34570301362422995,0.2952514994662196,691.4060272484598,0.01003007015031063,0.0,0.051,1001.0,0.05257944672918237,0.13848169372348357,0.2952514994662196,0.5240748624885198,0.7162864029170037,1,92054587
beta_2.0,1.0,2.0,1.0,2,16,sensitivity,1000,16,beta,2.0,8,1000,2000,False,completed,0,0,4.0,14.0,0.31279800000000013,0.0,1,1000,1.0,0.008559207459207458,4.930238238238238,9.0,0.1024003886637349,0.3510821683101459,0.28925747264766144,702.1643366202918,0.01003007015031063,0.0,0.056,1001.0,0.052389947763620014,0.13352670382426163,0.28925747264766144,0.5339202535014107,0.743028083584772,2,2866764504
beta_2.0,1.0,2.0,1.0,2,16,sensitivity,1000,16,beta,2.0,8,1000,2000,False,completed,0,0,4.0,14.0,0.31580700000000017,0.0,1,1000,1.0,0.008632706182706184,4.916328328328328,9.0,0.11732734908291623,0.34750023949755976,0.2981411200071098,695.0004789951195,0.01003007015031063,0.0,0.051,1001.0,0.05282704607957508,0.13514379484173084,0.2981411200071098,0.5274261525733227,0.7215588796836131,3,3317884442
beta_2.0,1.0,2.0,1.0,2,16,sensitivity,1000,16,beta,2.0,8,1000,2000,False,completed,0,0,4.0,15.0,0.3100100000000001,0.0,1,1000,1.0,0.005296181596181596,4.9097297297297295,8.0,0.15037195066028874,0.3513349390413823,0.30657909994677507,702.6698780827646,0.011033077165341694,0.0,0.043,1001.0,0.06294359361988847,0.14431480819558218,0.30657909994677507,0.5147684425693283,0.7163459478120373,4,965513181
beta_2.0,1.0,2.0,1.0,2,16,sensitivity,1000,16,beta,2.0,8,1000,2000,False,completed,0,0,4.0,14.0,0.3184870000000002,0.0,1,1000,1.0,0.0090992895992896,4.897301301301301,9.0,0.09509202453987727,0.3567094109808248,0.30660732331970814,713.4188219616497,0.01003007015031063,0.0,0.05,1001.0,0.05587724383859615,0.14004448503937073,0.30660732331970814,0.5307684463177604,0.737362318908525,5,3003106428
beta_2.0,1.0,2.0,1.0,2,16,sensitivity,1000,16,beta,2.0,8,1000,2000,False,completed,0,0,4.0,15.0,0.3097340000000002,0.0,1,1000,1.0,0.007050999000999001,4.924556556556556,9.0,0.12831174369635834,0.3497682844837792,0.29034174612706376,699.5365689675584,0.011033077165341694,0.0,0.041,1001.0,0.05144962984087396,0.13492195504360907,0.29034174612706376,0.5355840140682988,0.7379271133209016,6,2192410221
beta_2.0,1.0,2.0,1.0,2,16,sensitivity,1000,16,beta,2.0,8,1000,2000,False,completed,0,0,4.0,14.0,0.31125400000000014,0.0,1,1000,1.0,0.006993623043623044,4.9330790790790795,8.0,0.14263188832150678,0.3526997783991526,0.2966492307984815,705.3995567983052,0.01003007015031063,0.0,0.044,1001.0,0.05527995475819434,0.1329578814727033,0.2966492307984815,0.5302263321703986,0.734614643761525,7,17059666
phi_0.0,1.0,1.0,0.0,2,16,sensitivity,1000,16,phi,0.0,8,1000,2000,False,completed,0,0,4.0,16.0,0.3338595000000002,0.005,1,1000,1.0,0.005485367410367411,4.75255055055055,8.0,0.09327141564718656,0.5271274129359622,0.5165179748761133,1054.2548258719244,0.012036084180372757,0.0,0.063,1001.0,0.19402139996830797,0.33202150535883396,0.5165179748761133,0.7123400097573849,0.8672980221635602,0,2307576875
phi_0.0,1.0,1.0,0.0,2,16,sensitivity,1000,16,phi,0.0,8,1000,2000,False,completed,0,0,4.0,16.0,0.3330445000000002,0.004,1,1000,1.0,0.008166236541236542,4.751439439439439,8.0,0.07909875282184275,0.5338298746951415,0.5273198756187972,1067.659749390283,0.012036084180372757,0.0,0.066,1001.0,0.20265394047417012,0.3354952122501938,0.5273198756187972,0.719458644523239,0.870347459763183,1,688296222
phi_0.0,1.0,1.0,0.0,2,16,sensitivity,1000,16,phi,0.0,8,1000,2000,False,completed,0,0,4.0,16.0,0.3347285000000002,0.007,1,1000,1.0,0.015607486957486956,4.770274274274274,8.0,0.07317297389826835,0.5045664557991196,0.501321289896935,1009.1329115982392,0.012036084180372757,0.0,0.061,1001.0,0.1813680622756869,0.3168888904898498,0.501321289896935,0.6781933968220554,0.8265368952122206,2,1893175944
phi_0.0,1.0,1.0,0.0,2,16,sensitivity,1000,16,phi,0.0,8,1000,2000,False,completed,0,0,4.0,16.0,0.3395640000000002,0.006,1,1000,1.0,0.0018461316461316462,4.719077077077077,8.0,0.07806864794885969,0.5316970942786272,0.5247567819469741,1063.3941885572544,0.012036084180372757,0.0,0.066,1001.0,0.1956808659012896,0.33509083856953004,0.5247567819469741,0.719314092521264,0.8822021334749235,3,2764391250
phi_0.0,1.0,1.0,0.0,2,16,sensitivity,1000,16,phi,0.0,8,1000,2000,False,completed,0,0,4.0,16.0,0.3333695000000001,0.004,1,1000,1.0,0.006652924852924853,4.764800800800801,8.0,0.08343393842915811,0.5332597716026973,0.5357885410810814,1066.5195432053947,0.012036084180372757,0.0,0.062,1001.0,0.20220462120151467,0.33736858242928414,0.5357885410810814,0.71937117690611,0.8521854031331539,4,2124704763
phi_0.0,1.0,1.0,0.0,2,16,sensitivity,1000,16,phi,0.0,8,1000,2000,False,completed,0,0,4.0,16.0,0.33850350000000007,0.002,1,1000,1.0,0.00816040626040626,4.75372972972973,8.0,0.05280725941059176,0.522919306856923,0.5209977316139742,1045.838613713846,0.012036084180372757,0.0,0.067,1001.0,0.18494747073618548,0.3309245032177555,0.5209977316139742,0.7091690646421066,0.855936522006915,5,1476347094
phi_0.0,1.0,1.0,0.0,2,16,sensitivity,1000,16,phi,0.0,8,1000,2000,False,completed,0,0,4.0,16.0,0.33869300000000013,0.004,1,1000,1.0,0.007649703074703074,4.763233233233233,8.0,0.015738920840297824,0.5396131272021053,0.5322667941840256,1079.2262544042105,0.012036084180372757,0.0,0.07,1001.0,0.20670748931947616,0.3506333054487839,0.5322667941840256,0.7257375171536982,0.8775621796144126,6,407069664
phi_0.0,1.0,1.0,0.0,2,16,sensitivity,1000,16,phi,0.0,8,1000,2000,False,completed,0,0,4.0,16.0,0.33182200000000006,0.004,1,1000,1.0,0.0066017454767454764,4.779157157157157,9.0,0.07727591200471576,0.5261563978989435,0.5287580550639688,1052.312795797887,0.012036084180372757,0.0,0.063,1001.0,0.19673568490951837,0.328461525715578,0.5287580550639688,0.7105565741100076,0.8586190184702119,7,3579514870
phi_0.5,1.0,1.0,0.5,2,16,sensitivity,1000,16,phi,0.5,8,1000,2000,False,completed,0,0,4.0,16.0,0.3315055,0.004,1,1000,1.0,0.003166303141303141,4.766964964964965,8.0,0.09592077355983059,0.45241412709974616,0.426808604701849,904.8282541994923,0.012036084180372757,0.0,0.063,1001.0,0.12287404791818338,0.23904916174446503,0.426808604701849,0.6433895970319533,0.8100789586381558,0,3036619730
phi_0.5,1.0,1.0,0.5,2,16,sensitivity,1000,16,phi,0.5,8,1000,2000,False,completed,0,0,4.0,16.0,0.339971,0.005,1,1000,1.0,0.005808261183261183,4.7277937937937935,8.0,0.07437846562526591,0.4469262409623519,0.4234839438827316,893.8524819247037,0.012036084180372757,0.0,0.067,1001.0,0.12704019087489551,0.24488125533199268,0.4234839438827316,0.6251904647907691,0.802140843010627,1,50386676
phi_0.5,1.0,1.0,0.5,2,16,sensitivity,1000,16,phi,0.5,8,1000,2000,False,completed,0,0,4.0,16.0,0.33645900000000006,0.005,1,1000,1.0,0.006760642135642135,4.754720720720721,8.0,0.05019774418084519,0.4483687158682016,0.42478260046023475,896.7374317364032,0.012036084180372757,0.0,0.063,1001.0,0.12230141267194675,0.2354805285637457,0.42478260046023475,0.6437331016110459,0.8163934230640375,2,3856604053
phi_0.5,1.0,1.0,0.5,2,16,sensitivity,1000,16,phi,0.5,8,1000,2000,False,completed,0,0,4.0,16.0,0.3389420000000001,0.002,1,1000,1.0,0.007436274836274836,4.753911911911912,8.0,0.03999430203295294,0.4442682072439973,0.41861855405923687,888.5364144879945,0.012036084180372757,0.0,0.067,1001.0,0.12201090722804309,0.2462548238802992,0.41861855405923687,0.6290227849403717,0.7989433244428746,3,2433642570
phi_0.5,1.0,1.0,0.5,2,16,sensitivity,1000,16,phi,0.5,8,1000,2000,False,completed,0,0,4.0,16.0,0.337828,0.009,1,1000,1.0,0.005528552003552003,4.7389089089089085,8.0,0.06688572138353775,0.45346010805532067,0.42431569177274153,906.9202161106414,0.012036084180372757,0.0,0.067,1001.0,0.1193740501032497,0.24333549171201466,0.42431569177274153,0.652594752765335,0.8227699905739253,4,1574952267
phi_0.5,1.0,1.0,0.5,2,16,sensitivity,1000,16,phi,0.5,8,1000,2000,False,completed,0,0,4.0,16.0,0.3383235,0.002,1,1000,1.0,0.006242624042624042,4.736574574574575,8.0,0.04643272935625269,0.4459255440361701,0.4172551524507963,891.8510880723402,0.012036084180372757,0.0,0.066,1001.0,0.1216269863758845,0.23772511167361465,0.4172551524507963,0.6266569975142338,0.8142613504743391,5,4267092680
phi_0.5,1.0,1.0,0.5,2,16,sensitivity,1000,16,phi,0.5,8,1000,2000,False,completed,0,0,4.0,16.0,0.3367985,0.004,1,1000,1.0,0.005583505383505384,4.744832832832833,8.0,0.0661215351198071,0.44640483822812005,0.4163155542247337,892.8096764562401,0.012036084180372757,0.0,0.068,1001.0,0.11685595164663956,0.23362041535290243,0.4163155542247337,0.6374142126970327,0.8152671312002492,6,1907316619
phi_0.5,1.0,1.0,0.5,2,16,sensitivity,1000,16,phi,0.5,8,1000,2000,False,completed,0,0,4.0,16.0,0.3309630000000001,0.005,1,1000,1.0,0.005191452991452992,4.775463463463463,8.0,0.07287793723759778,0.45449146424372966,0.42800195894157383,908.9829284874593,0.012036084180372757,0.0,0.062,1001.0,0.11983433706949632,0.2509616582044382,0.42800195894157383,0.6417615219328177,0.817205877385881,7,3054274731
phi_1.0,1.0,1.0,1.0,2,16,sensitivity,1000,16,phi,1.0,8,1000,2000,False,completed,0,0,4.0,16.0,0.33660750000000017,0.005,1,1000,1.0,0.007505574980574981,4.765621621621622,8.0,0.07742270791444825,0.3417199154816069,0.29711143116545036,683.4398309632138,0.012036084180372757,0.0,0.061,1001.0,0.05449446278195905,0.13849532779039217,0.29711143116545036,0.49434973754104516,0.706687423469417,0,1670520861
phi_1.0,1.0,1.0,1.0,2,16,sensitivity,1000,16,phi,1.0,8,1000,2000,False,completed,0,0,4.0,16.0,0.3362235,0.003,1,1000,1.0,0.008950957375957375,4.752624624624625,8.0,0.0676482147464029,0.3447264667272427,0.2970350150155351,689.4529334544854,0.012036084180372757,0.0,0.063,1001.0,0.05207860646247655,0.1334020896690653,0.2970350150155351,0.5084405873949027,0.7186421627762702,1,4070555681
phi_1.0,1.0,1.0,1.0,2,16,sensitivity,1000,16,phi,1.0,8,1000,2000,False,completed,0,0,4.0,16.0,0.33040400000000014,0.006,1,1000,1.0,0.008769025419025418,4.816968968968969,8.0,0.07314253880296562,0.34764731681048305,0.297574064304697,695.2946336209661,0.012036084180372757,0.0,0.062,1001.0,0.062293303605192814,0.14539943660745747,0.297574064304697,0.5117377220372383,0.7249185280178481,2,868918377
phi_1.0,1.0,1.0,1.0,2,16,sensitivity,1000,16,phi,1.0,8,1000,2000,False,completed,0,0,4.0,16.0,0.3353005,0.005,1,1000,1.0,0.009879914529914529,4.766400400400401,8.0,0.07030934973610466,0.3490243984146782,0.30365561144516917,698.0487968293564,0.012036084180372757,0.0,0.064,1001.0,0.04626937570107965,0.13328445922606846,0.30365561144516917,0.5204954259056851,0.7363975416688705,3,132835700
phi_1.0,1.0,1.0,1.0,2,16,sensitivity,1000,16,phi,1.0,8,1000,2000,False,completed,0,0,4.0,16.0,0.3361775,0.003,1,1000,1.0,0.00863056943056943,4.75217017017017,8.0,0.05717622989040488,0.3533728758382007,0.30236882038852275,706.7457516764014,0.012036084180372757,0.0,0.068,1001.0,0.05534204280160574,0.1349497829375494,0.30236882038852275,0.5261251946953702,0.7350812273918302,4,2482761637
phi_1.0,1.0,1.0,1.0,2,16,sensitivity,1000,16,phi,1.0,8,1000,2000,False,completed,0,0,4.0,16.0,0.3342765000000001,0.006,1,1000,1.0,0.004274003774003774,4.7669289289289285,8.0,0.07884596370149252,0.35294711020678415,0.2984458153200793,705.8942204135683,0.012036084180372757,0.0,0.064,1001.0,0.05139247711307018,0.13513816887283112,0.2984458153200793,0.5370175417630936,0.734206773005044,5,1794273997
phi_1.0,1.0,1.0,1.0,2,16,sensitivity,1000,16,phi,1.0,8,1000,2000,False,completed,0,0,4.0,16.0,0.329658,0.003,1,1000,1.0,0.02009262681762682,4.807293293293293,9.0,0.1006648662523283,0.3499240022107736,0.3043038329344685,699.8480044215471,0.012036084180372757,0.0,0.062,1001.0,0.055139190382050535,0.13325784459739676,0.3043038329344685,0.5261822640352634,0.7199504638658203,6,3097924981
phi_1.0,1.0,1.0,1.0,2,16,sensitivity,1000,16,phi,1.0,8,1000,2000,False,completed,0,0,4.0,16.0,0.34017600000000003,0.003,1,1000,1.0,0.008453507603507602,4.763639639639639,8.0,0.02873896405073272,0.343235276589509,0.295760989369257,686.470553179018,0.012036084180372757,0.0,0.068,1001.0,0.05687867392809444,0.13391115532540704,0.295760989369257,0.4991157872233787,0.7079523325800999,7,2511976734
phi_2.0,1.0,1.0,2.0,2,16,sensitivity,1000,16,phi,2.0,8,1000,2000,False,completed,0,0,4.0,16.0,0.32676000000000016,0.004,1,1000,1.0,0.06548699078699079,5.024876876876877,9.0,0.09061033195891287,0.1631156821423302,0.08566068901211434,326.2313642846604,0.012036084180372757,0.0,0.061,1001.0,0.01438587923786291,0.032887393247275805,0.08566068901211434,0.216770142629523,0.4383295096771909,0,3596230471
phi_2.0,1.0,1.0,2.0,2,16,sensitivity,1000,16,phi,2.0,8,1000,2000,False,completed,0,0,4.0,16.0,0.328149,0.005,1,1000,1.0,0.08062754190254191,5.003225225225226,9.0,0.09088142918856225,0.15265214620699544,0.07787021069009953,305.3042924139909,0.012036084180372757,0.0,0.063,1001.0,0.013648031162451427,0.03044739920574103,0.07787021069009953,0.19892768134099922,0.403183102185806,1,1343504761
phi_2.0,1.0,1.0,2.0,2,16,sensitivity,1000,16,phi,2.0,8,1000,2000,False,completed,0,0,4.0,16.0,0.3323410000000002,0.006,1,1000,1.0,0.06423404095904095,4.946226226226226,9.0,0.08690001677449233,0.15649450257638944,0.08222329905998452,312.9890051527789,0.012036084180372757,0.0,0.06,1001.0,0.01359377453557906,0.029688459932971763,0.08222329905998452,0.19811612132594703,0.42854901634583126,2,1125121755
phi_2.0,1.0,1.0,2.0,2,16,sensitivity,1000,16,phi,2.0,8,1000,2000,False,completed,0,0,4.0,16.0,0.33689000000000013,0.005,1,1000,1.0,0.07355311077811078,4.963521521521521,9.0,0.06715580137437817,0.15685540480296872,0.0803575574248324,313.71080960593747,0.012036084180372757,0.0,0.067,1001.0,0.013175042413248584,0.028146117926905197,0.0803575574248324,0.2147794204917243,0.4233216190175837,3,1309902519
phi_2.0,1.0,1.0,2.0,2,16,sensitivity,1000,16,phi,2.0,8,1000,2000,False,completed,0,0,4.0,16.0,0.3322280000000002,0.002,1,1000,1.0,0.06631983016983017,5.012376376376376,9.0,0.06309815581117559,0.15013553663119236,0.07837225758149051,300.27107326238473,0.012036084180372757,0.0,0.06,1001.0,0.01370301585374806,0.030223718791747328,0.07837225758149051,0.20729608400667432,0.3977032047545439,4,1297946458
phi_2.0,1.0,1.0,2.0,2,16,sensitivity,1000,16,phi,2.0,8,1000,2000,False,completed,0,0,4.0,16.0,0.3283440000000002,0.003,1,1000,1.0,0.08042348762348761,5.039219219219219,9.0,0.08760738516682716,0.15536654569157468,0.08037397223769245,310.7330913831494,0.012036084180372757,0.0,0.056,1001.0,0.013376707938339187,0.02994569999357026,0.08037397223769245,0.20155629784526716,0.40659564522009967,5,916837696
phi_2.0,1.0,1.0,2.0,2,16,sensitivity,1000,16,phi,2.0,8,1000,2000,False,completed,0,0,4.0,16.0,0.3299700000000001,0.002,1,1000,1.0,0.07140399322899323,5.004186186186186,9.0,0.07795316437603987,0.16176594417610551,0.08184571674176361,323.531888352211,0.012036084180372757,0.0,0.061,1001.0,0.014463556195671521,0.031326441052185974,0.08184571674176361,0.21572893813721014,0.45810533926222086,6,3110722437
phi_2.0,1.0,1.0,2.0,2,16,sensitivity,1000,16,phi,2.0,8,1000,2000,False,completed,0,0,4.0,16.0,0.3300025000000002,0.003,1,1000,1.0,0.06870788655788655,5.013157157157157,9.0,0.07430653941015497,0.15428028979726918,0.07807980293681038,308.56057959453835,0.012036084180372757,0.0,0.063,1001.0,0.013328174247282549,0.029650137847696434,0.07807980293681038,0.21367815763122025,0.4132867127990552,7,2766935839
kappa_1,1.0,1.0,1.0,1,16,sensitivity,1000,16,kappa,1,8,1000,1005,False,completed,0,0,2.01,16.0,0.3914208955223881,0.001,1,1000,1.0,0.0003928571428571429,8.386098098098097,20.0,-0.04690199931040479,0.3456895194379039,0.29396373320663555,347.4179670350934,0.014032068140284574,0.609,0.015,6.0,0.05385415136492673,0.1387245786285403,0.29396373320663555,0.5058097154731965,0.7157656144554653,0,1613051784
kappa_1,1.0,1.0,1.0,1,16,sensitivity,1000,16,kappa,1,8,1000,1005,False,completed,0,0,2.01,16.0,0.39332537313432847,0.001,1,1000,1.0,0.00029835164835164833,7.747603603603603,17.0,-0.03682611679729765,0.3382089470863461,0.28702720158115386,339.8999918217778,0.014032068140284574,0.617,0.016,6.0,0.05471286198103107,0.12411867448236326,0.28702720158115386,0.5011653150193216,0.7154295636622914,1,1681283168
kappa_1,1.0,1.0,1.0,1,16,sensitivity,1000,16,kappa,1,8,1000,1005,False,completed,0,0,2.01,16.0,0.39553830845771154,0.001,1,1000,1.0,0.0003159340659340659,8.693383383383383,23.0,-0.08365049194313738,0.34818243193479076,0.29203738111628674,349.9233440944647,0.014032068140284574,0.618,0.022,6.0,0.05557386314283487,0.14596696214139598,0.29203738111628674,0.5148832593076973,0.7248692129794625,2,950149476
kappa_1,1.0,1.0,1.0,1,16,sensitivity,1000,16,kappa,1,8,1000,1005,False,completed,0,0,2.01,14.0,0.39444776119403,0.0,1,1000,1.0,0.00041978021978021976,8.653947947947948,21.0,-0.0926342723231572,0.3406134845260369,0.29957543547689,342.3165519486671,0.012026054110222447,0.623,0.018,6.0,0.057272827074853254,0.12243378900778887,0.29957543547689,0.4941850534117974,0.7198411408090687,3,3822798947
kappa_1,1.0,1.0,1.0,1,16,sensitivity,1000,16,kappa,1,8,1000,1005,False,completed,0,0,2.01,16.0,0.39095920398009953,0.002,1,1000,1.0,0.00034090909090909094,8.629599599599599,20.0,-0.052034449403504345,0.3477721634345887,0.2936348030869049,349.5110242517617,0.014032068140284574,0.608,0.017,6.0,0.04465442642862199,0.1303420132407158,0.2936348030869049,0.5177857324177975,0.7397708860331491,4,2494204931
kappa_1,1.0,1.0,1.0,1,16,sensitivity,1000,16,kappa,1,8,1000,1005,False,completed,0,0,2.01,16.0,0.39354129353233835,0.001,1,1000,1.0,0.0005123876123876123,8.181013013013013,20.0,-0.09463590285950509,0.3636950634379319,0.32049139065464083,365.51353875512154,0.014032068140284574,0.615,0.016,6.0,0.06021074881084473,0.14218227963712407,0.32049139065464083,0.5588882107786681,0.7383252019059835,5,181074615
kappa_1,1.0,1.0,1.0,1,16,sensitivity,1000,16,kappa,1,8,1000,1005,False,completed,0,0,2.01,16.0,0.3925452736318409,0.001,1,1000,1.0,0.0003730769230769231,7.875075075075075,17.0,-0.02993369469958808,0.3511524736113067,0.3098360594371588,352.9082359793632,0.014032068140284574,0.619,0.014,6.0,0.052677682247307345,0.14291241362720353,0.3098360594371588,0.5155910672935203,0.7367746095937672,6,1530146814
kappa_1,1.0,1.0,1.0,1,16,sensitivity,1000,16,kappa,1,8,1000,1005,False,completed,0,0,2.01,16.0,0.3936935323383086,0.001,1,1000,1.0,0.0002785714285714286,8.48644044044044,20.0,-0.0328578745663272,0.36360332972755166,0.31552446036728155,365.42134637618943,0.014032068140284574,0.619,0.017,6.0,0.06594336458095666,0.1477802003329676,0.31552446036728155,0.536388986014598,0.7571510464895235,7,975125632
kappa_2,1.0,1.0,1.0,2,16,sensitivity,1000,16,kappa,2,8,1000,2000,False,completed,0,0,4.0,16.0,0.34137400000000007,0.002,1,1000,1.0,0.006158422133422134,4.749309309309309,8.0,0.026763754241518303,0.35513486916367765,0.30691514307586976,710.2697383273553,0.012036084180372757,0.0,0.071,1001.0,0.05442942638209608,0.13415708050251338,0.30691514307586976,0.5379437074840974,0.7374323171025926,0,521559121
kappa_2,1.0,1.0,1.0,2,16,sensitivity,1000,16,kappa,2,8,1000,2000,False,completed,0,0,4.0,16.0,0.34026500000000004,0.005,1,1000,1.0,0.008943348318348318,4.729053053053053,8.0,0.04931192508756964,0.34058025371391276,0.2924276442917364,681.1605074278256,0.012036084180372757,0.0,0.07,1001.0,0.056388760917145474,0.13691445029425742,0.2924276442917364,0.5043435351852351,0.7005624907840872,1,80785448
kappa_2,1.0,1.0,1.0,2,16,sensitivity,1000,16,kappa,2,8,1000,2000,False,completed,0,0,4.0,16.0,0.3333265000000001,0.005,1,1000,1.0,0.011548024198024198,4.7726206206206205,8.0,0.09014548168832513,0.3497941683101656,0.28791406719420487,699.5883366203311,0.012036084180372757,0.0,0.066,1001.0,0.05815653776980986,0.13998216324966206,0.28791406719420487,0.5283085086913955,0.7353535807949791,2,3778071708
kappa_2,1.0,1.0,1.0,2,16,sensitivity,1000,16,kappa,2,8,1000,2000,False,completed,0,0,4.0,16.0,0.33278950000000007,0.002,1,1000,1.0,0.011640920190920192,4.7884004004004,8.0,0.08182010366018136,0.3426340888673191,0.2951833886137296,685.2681777346382,0.012036084180372757,0.0,0.058,1001.0,0.05663827573741936,0.13899942801597787,0.2951833886137296,0.5075040754395518,0.7047831163240241,3,3306176462
kappa_2,1.0,1.0,1.0,2,16,sensitivity,1000,16,kappa,2,8,1000,2000,False,completed,0,0,4.0,16.0,0.3346965000000002,0.002,1,1000,1.0,0.006648756798756799,4.78154954954955,8.0,0.07789736211806489,0.34520779464035073,0.28942520437169933,690.4155892807015,0.012036084180372757,0.0,0.066,1001.0,0.055389555678785646,0.13141005507289122,0.28942520437169933,0.5149185269459785,0.7090541865743184,4,3834176742
kappa_2,1.0,1.0,1.0,2,16,sensitivity,1000,16,kappa,2,8,1000,2000,False,completed,0,0,4.0,16.0,0.3296135,0.007,1,1000,1.0,0.011582442557442556,4.785623623623624,9.0,0.08981963515547713,0.3450171038477705,0.2970430155582684,690.034207695541,0.012036084180372757,0.0,0.06,1001.0,0.05609907854857261,0.13360849732769095,0.2970430155582684,0.5200814056608627,0.7088135951586791,5,3210970925
kappa_2,1.0,1.0,1.0,2,16,sensitivity,1000,16,kappa,2,8,1000,2000,False,completed,0,0,4.0,16.0,0.3391215000000001,0.003,1,1000,1.0,0.007382378732378732,4.753973973973974,8.0,0.03665496700846477,0.34324210748164885,0.2986595990625652,686.4842149632977,0.012036084180372757,0.0,0.065,1001.0,0.0569584288786053,0.13215514939525513,0.2986595990625652,0.5089067665051663,0.7038856891566846,6,4204298959
kappa_2,1.0,1.0,1.0,2,16,sensitivity,1000,16,kappa,2,8,1000,2000,False,completed,0,0,4.0,16.0,0.3321580000000002,0.005,1,1000,1.0,0.013048268398268397,4.787103103103103,8.0,0.07927039272944601,0.34256805569675974,0.2889114763518933,685.1361113935195,0.012036084180372757,0.0,0.065,1001.0,0.052641771381545924,0.13955846611850398,0.2889114763518933,0.5037499896556368,0.720861995567309,7,3475251185
kappa_4,1.0,1.0,1.0,4,16,sensitivity,1000,16,kappa,4,8,1000,3990,False,completed,0,0,7.98,16.0,0.25899348370927333,0.04,1,1000,1.0,0.014067060717060716,3.5826546546546547,6.0,0.2643457401755808,0.35247696841134557,0.302487449223791,1406.3831039612687,0.008044116260549126,0.0,0.309,2991.0,0.05651372813942961,0.13759653157671387,0.302487449223791,0.529249336352602,0.7366893492736263,0,1073655310
kappa_4,1.0,1.0,1.0,4,16,sensitivity,1000,16,kappa,4,8,1000,3990,False,completed,0,0,7.98,16.0,0.2579731829573937,0.035,1,1000,1.0,0.016137218337218335,3.575075075075075,6.0,0.25467408799922425,0.3478408048593568,0.29193456845463894,1387.8848113888337,0.008044116260549126,0.0,0.315,2991.0,0.05737590080778621,0.1343643808183763,0.29193456845463894,0.5179015621726581,0.7313555302678726,1,408180111
kappa_4,1.0,1.0,1.0,4,16,sensitivity,1000,16,kappa,4,8,1000,3990,False,completed,0,0,7.98,16.0,0.26113609022556394,0.046,1,1000,1.0,0.013922086247086247,3.57629029029029,6.0,0.2603100338614916,0.353789591575408,0.30875464483111925,1411.620470385878,0.008044116260549126,0.0,0.307,2991.0,0.059737784578503074,0.14868447522918704,0.30875464483111925,0.5185227861582412,0.72406008455876,2,2093430949
kappa_4,1.0,1.0,1.0,4,16,sensitivity,1000,16,kappa,4,8,1000,3990,False,completed,0,0,7.98,16.0,0.2590949874686719,0.051,1,1000,1.0,0.015667057942057944,3.5787207207207206,6.0,0.249479035691619,0.3526476050959777,0.298115937365489,1407.063944332951,0.008044116260549126,0.0,0.299,2991.0,0.057274228473861384,0.13884722851230036,0.298115937365489,0.5228037706030009,0.7376777982991034,3,2570996876
kappa_4,1.0,1.0,1.0,4,16,sensitivity,1000,16,kappa,4,8,1000,3990,False,completed,0,0,7.98,16.0,0.2620320802005014,0.058,1,1000,1.0,0.017213875013875016,3.572962962962963,6.0,0.2591651787186867,0.34931452846055944,0.29986862993949787,1393.764968557632,0.008044116260549126,0.0,0.307,2991.0,0.056330893325597056,0.13560758708214032,0.29986862993949787,0.5143041526138938,0.7390395423516679,4,99409670
kappa_4,1.0,1.0,1.0,4,16,sensitivity,1000,16,kappa,4,8,1000,3990,False,completed,0,0,7.98,16.0,0.25867192982456144,0.047,1,1000,1.0,0.014740320790320791,3.5816376376376375,6.0,0.265804250262584,0.34482915101231293,0.2940291285616431,1375.8683125391285,0.008044116260549126,0.0,0.305,2991.0,0.051877428206575364,0.13312215807348343,0.2940291285616431,0.5151646064123525,0.7206915319119641,5,2549656993
kappa_4,1.0,1.0,1.0,4,16,sensitivity,1000,16,kappa,4,8,1000,3990,False,completed,0,0,7.98,16.0,0.2588967418546366,0.046,1,1000,1.0,0.016709271284271285,3.5790850850850853,6.0,0.25417654334490897,0.3522034589734424,0.3027076193728007,1405.2918013040353,0.008044116260549126,0.0,0.308,2991.0,0.0563803364346115,0.14218474866494651,0.3027076193728007,0.5192137580165138,0.7311593086447957,6,2712546497
kappa_4,1.0,1.0,1.0,4,16,sensitivity,1000,16,kappa,4,8,1000,3990,False,completed,0,0,7.98,16.0,0.25770927318295755,0.04,1,1000,1.0,0.014961735486735487,3.5822762762762763,6.0,0.270706991531834,0.34950533137125445,0.29983650621407004,1394.5262721713052,0.008044116260549126,0.0,0.309,2991.0,0.05925311842820804,0.14261269974194224,0.29983650621407004,0.5180074978265481,0.7251219752295768,7,1110645176
K_8,1.0,1.0,1.0,2,8,sensitivity,1000,8,K,8,8,1000,2000,False,completed,0,0,4.0,8.0,0.2739830000000001,0.081,1,1000,1.0,0.007142857142857143,5.156820820820821,9.0,0.15543277675462025,0.34486300807013526,0.2914459443165392,689.7260161402705,0.004012028060124253,0.0,0.0,1001.0,0.05437976255076366,0.12844985701461112,0.2914459443165392,0.51392620547395,0.7312543888721255,0,906552283
K_8,1.0,1.0,1.0,2,8,sensitivity,1000,8,K,8,8,1000,2000,False,completed,0,0,4.0,8.0,0.2773975000000002,0.09,1,1000,1.0,0.006314285714285714,5.15642042042042,9.0,0.12307962628187265,0.34534640109686404,0.29498423107441335,690.6928021937281,0.004012028060124253,0.0,0.0,1001.0,0.05385136298205938,0.13511568273991048,0.29498423107441335,0.5134931292819223,0.7236981256776092,1,2663598495
K_8,1.0,1.0,1.0,2,8,sensitivity,1000,8,K,8,8,1000,2000,False,completed,0,0,4.0,8.0,0.28029550000000003,0.088,1,1000,1.0,0.0087,5.13364964964965,9.0,0.1063354723082302,0.3545423043538709,0.30707916256692447,709.0846087077418,0.004012028060124253,0.0,0.0,1001.0,0.05610464344780333,0.13952549021081934,0.30707916256692447,0.5251620288535946,0.722991741306706,2,164622592
K_8,1.0,1.0,1.0,2,8,sensitivity,1000,8,K,8,8,1000,2000,False,completed,0,0,4.0,8.0,0.27775550000000004,0.086,1,1000,1.0,0.005733333333333333,5.140554554554554,9.0,0.12402352135977418,0.3519892032311409,0.3078436238050424,703.9784064622818,0.004012028060124253,0.0,0.0,1001.0,0.06113411638215479,0.13730832119765846,0.3078436238050424,0.5210759001136454,0.7372312962315407,3,1970653847
K_8,1.0,1.0,1.0,2,8,sensitivity,1000,8,K,8,8,1000,2000,False,completed,0,0,4.0,8.0,0.27471650000000003,0.082,1,1000,1.0,0.004628571428571428,5.164506506506506,9.0,0.1297311406045113,0.3489627461916677,0.29629196594768814,697.9254923833355,0.004012028060124253,0.0,0.0,1001.0,0.06175784667248876,0.1402727115311183,0.29629196594768814,0.5156886082323702,0.7247011380810277,4,161369314
K_8,1.0,1.0,1.0,2,8,sensitivity,1000,8,K,8,8,1000,2000,False,completed,0,0,4.0,8.0,0.2769165,0.097,1,1000,1.0,0.01076190476190476,5.145433433433434,9.0,0.14030181523578517,0.3543602609655352,0.29927718175723306,708.7205219310704,0.004012028060124253,0.0,0.0,1001.0,0.055791308450571266,0.13660675093915137,0.29927718175723306,0.5299187462744988,0.7344993890733111,5,1456634287
K_8,1.0,1.0,1.0,2,8,sensitivity,1000,8,K,8,8,1000,2000,False,completed,0,0,4.0,8.0,0.27729800000000004,0.092,1,1000,1.0,0.008566666666666667,5.142714714714715,9.0,0.11952181628048374,0.3494233696847855,0.2934688399792077,698.846739369571,0.004012028060124253,0.0,0.0,1001.0,0.05693814417322595,0.14214056814849862,0.2934688399792077,0.5197679717102961,0.7210970076936647,6,4134207296
K_8,1.0,1.0,1.0,2,8,sensitivity,1000,8,K,8,8,1000,2000,False,completed,0,0,4.0,8.0,0.27726150000000005,0.092,1,1000,1.0,0.003735714285714286,5.133551551551552,9.0,0.14455752559711563,0.35694147377286617,0.30234132630761235,713.8829475457323,0.004012028060124253,0.0,0.0,1001.0,0.057237843445470414,0.1392998426812281,0.30234132630761235,0.5319431757851315,0.7425694780489818,7,2748542574
K_16,1.0,1.0,1.0,2,16,sensitivity,1000,16,K,16,8,1000,2000,False,completed,0,0,4.0,16.0,0.3332010000000001,0.005,1,1000,1.0,0.008287817737817739,4.760008008008008,8.0,0.10589895879919989,0.35977417053894417,0.31718214453789867,719.5483410778884,0.012036084180372757,0.0,0.064,1001.0,0.05837449723747586,0.14164889609897857,0.31718214453789867,0.5260569209094723,0.7316055303631778,0,2069189209
K_16,1.0,1.0,1.0,2,16,sensitivity,1000,16,K,16,8,1000,2000,False,completed,0,0,4.0,16.0,0.3321820000000002,0.005,1,1000,1.0,0.009347857697857698,4.770888888888889,8.0,0.09708249710087134,0.35187393899206587,0.30803420412977883,703.7478779841317,0.012036084180372757,0.0,0.061,1001.0,0.05617249714314363,0.14080087982487507,0.30803420412977883,0.5253487129464596,0.7244916438157625,1,2227151816
K_16,1.0,1.0,1.0,2,16,sensitivity,1000,16,K,16,8,1000,2000,False,completed,0,0,4.0,16.0,0.33504350000000005,0.005,1,1000,1.0,0.011356254856254855,4.76156956956957,8.0,0.06567404564917764,0.35862824535434634,0.3061284850139242,717.2564907086927,0.012036084180372757,0.0,0.071,1001.0,0.05351610647271358,0.1361951491594454,0.3061284850139242,0.5459895721522983,0.7367274070297338,2,745979545
K_16,1.0,1.0,1.0,2,16,sensitivity,1000,16,K,16,8,1000,2000,False,completed,0,0,4.0,16.0,0.33912200000000015,0.005,1,1000,1.0,0.011310298035298033,4.736498498498499,8.0,0.052112868518887606,0.3442145206782667,0.2864340181624753,688.4290413565334,0.012036084180372757,0.0,0.065,1001.0,0.05367505104086633,0.13079368814322614,0.2864340181624753,0.5109335403418012,0.7235556911263824,3,3491213709
K_16,1.0,1.0,1.0,2,16,sensitivity,1000,16,K,16,8,1000,2000,False,completed,0,0,4.0,16.0,0.3413045000000001,0.003,1,1000,1.0,0.007967948717948719,4.728890890890891,8.0,0.03273037770165261,0.34846285713605407,0.2963797258056392,696.9257142721082,0.012036084180372757,0.0,0.069,1001.0,0.055970506224136476,0.13501060280628052,0.2963797258056392,0.5160124237367483,0.7331254955318981,4,4076943289
K_16,1.0,1.0,1.0,2,16,sensitivity,1000,16,K,16,8,1000,2000,False,completed,0,0,4.0,16.0,0.3397855000000001,0.005,1,1000,1.0,0.012387884337884337,4.747009009009009,8.0,0.05525694247988462,0.35200733638500037,0.29181029227784727,704.0146727700007,0.012036084180372757,0.0,0.068,1001.0,0.05307719247688607,0.13356390568056992,0.29181029227784727,0.5373954666087476,0.7493854958956485,5,2196271265
K_16,1.0,1.0,1.0,2,16,sensitivity,1000,16,K,16,8,1000,2000,False,completed,0,0,4.0,16.0,0.33261050000000014,0.001,1,1000,1.0,0.011264241314241315,4.785791791791792,8.0,0.08090385657635585,0.3406474368169256,0.2784703920261532,681.2948736338512,0.012036084180372757,0.0,0.064,1001.0,0.05325320930731556,0.12511114450057825,0.2784703920261532,0.5151150069116675,0.7224393897693338,6,4177019471
K_16,1.0,1.0,1.0,2,16,sensitivity,1000,16,K,16,8,1000,2000,False,completed,0,0,4.0,16.0,0.33403150000000004,0.005,1,1000,1.0,0.009652081252081253,4.7771311311311315,8.0,0.05750898757585728,0.34569135096172543,0.29588628345855245,691.3827019234509,0.012036084180372757,0.0,0.059,1001.0,0.05169746874732396,0.14138154089570576,0.29588628345855245,0.509507009785197,0.7149701643079102,7,4292967392
K_32,1.0,1.0,1.0,2,32,sensitivity,1000,32,K,32,8,1000,2000,False,completed,0,0,4.0,27.0,0.36108700000000016,0.0,1,1000,1.0,0.013890153484784661,4.514716716716717,8.0,0.03862195619544946,0.34917552033239024,0.30262906738406725,698.3510406647805,0.02306916134571445,0.0,0.068,1001.0,0.05921925049754,0.13927882243373024,0.30262906738406725,0.5169409588284299,0.7258030622549221,0,3728214121
K_32,1.0,1.0,1.0,2,32,sensitivity,1000,32,K,32,8,1000,2000,False,completed,0,0,4.0,32.0,0.35845150000000015,0.001,1,1000,1.0,0.010351820929611835,4.514916916916917,8.0,0.012349998825657313,0.34277632406499925,0.29305548772108436,685.5526481299985,0.02808419642086977,0.0,0.064,1001.0,0.054165619277073064,0.13384618588316347,0.29305548772108436,0.49894661720916267,0.7090209428395111,1,3052690089
K_32,1.0,1.0,1.0,2,32,sensitivity,1000,32,K,32,8,1000,2000,False,completed,0,0,4.0,27.0,0.36282400000000004,0.0,1,1000,1.0,0.01508619532090928,4.505507507507508,8.0,0.00281370542634072,0.3445821423842563,0.2932439029903693,689.1642847685125,0.02306916134571445,0.0,0.069,1001.0,0.05748902507054584,0.13358977459652216,0.2932439029903693,0.5121552706821215,0.7192164434435153,2,4066947176
K_32,1.0,1.0,1.0,2,32,sensitivity,1000,32,K,32,8,1000,2000,False,completed,0,0,4.0,31.0,0.36008550000000006,0.0,1,1000,1.0,0.010214074984137666,4.511735735735736,8.0,0.03918497755629956,0.3508907386371149,0.31186666074580416,701.7814772742298,0.027081189405838705,0.0,0.065,1001.0,0.04897621051190742,0.13442216028576426,0.31186666074580416,0.5324770960551417,0.7184664461440163,3,1710225866
K_32,1.0,1.0,1.0,2,32,sensitivity,1000,32,K,32,8,1000,2000,False,completed,0,0,4.0,30.0,0.35893600000000014,0.0,1,1000,1.0,0.016983727434991193,4.524696696696696,8.0,0.022807750490190185,0.34692840512708856,0.29090427219744847,693.8568102541772,0.02607818239080764,0.0,0.066,1001.0,0.04699247992955608,0.12961570941339817,0.29090427219744847,0.5326863335049246,0.7241221423425537,4,312435229
K_32,1.0,1.0,1.0,2,32,sensitivity,1000,32,K,32,8,1000,2000,False,completed,0,0,4.0,27.0,0.36405050000000005,0.0,1,1000,1.0,0.011411544624666849,4.480188188188188,8.0,-0.013326713685114025,0.35214454735735984,0.30076506337945974,704.2890947147197,0.02306916134571445,0.0,0.062,1001.0,0.05560248596180388,0.13666195813823395,0.30076506337945974,0.5306827791942659,0.7248248187685494,5,2891642074
K_32,1.0,1.0,1.0,2,32,sensitivity,1000,32,K,32,8,1000,2000,False,completed,0,0,4.0,32.0,0.3543430000000001,0.001,1,1000,1.0,0.007031734612751216,4.520418418418418,8.0,0.04974311661044455,0.35674374437538353,0.3058765732562555,713.487488750767,0.02808419642086977,0.0,0.062,1001.0,0.060388499874679945,0.13825922472959476,0.3058765732562555,0.539262037045291,0.7405707451295981,6,1833387623
K_32,1.0,1.0,1.0,2,32,sensitivity,1000,32,K,32,8,1000,2000,False,completed,0,0,4.0,28.0,0.3622210000000001,0.0,1,1000,1.0,0.013483005979502815,4.501231231231231,8.0,0.0032686347343481572,0.34692529462591026,0.2973278271864296,693.8505892518206,0.024072168360745515,0.0,0.07,1001.0,0.05311386195527998,0.14051114960380895,0.2973278271864296,0.5127620174090282,0.7180261126100773,7,3042502159
K_very_large,1.0,1.0,1.0,2,very_large,sensitivity,1000,very_large,K,very_large,8,1000,2000,False,completed,0,0,4.0,86.0,0.3858935000000001,0.0,1,1000,1.0,0.026901949633510534,4.167403403403403,8.0,-0.07986319959975521,0.3603853636895312,0.30879529738334205,720.7707273790625,0.08224657523254718,0.0,0.056,1001.0,0.06235165303425085,0.14357141429431322,0.30879529738334205,0.5413866789102937,0.7461526309533253,0,1393113329
K_very_large,1.0,1.0,1.0,2,very_large,sensitivity,1000,very_large,K,very_large,8,1000,2000,False,completed,0,0,4.0,100.0,0.3937895,0.0,1,1000,1.0,0.052224858540577526,3.8591511511511514,7.0,-0.10814990309355994,0.34663626879525383,0.3071684230674353,693.2725375905077,0.09628867344298206,0.0,0.042,1001.0,0.061265310871830785,0.14685304444959288,0.3071684230674353,0.5158492806776698,0.6924070490570797,1,2148548776
K_very_large,1.0,1.0,1.0,2,very_large,sensitivity,1000,very_large,K,very_large,8,1000,2000,False,completed,0,0,4.0,78.0,0.38876100000000013,0.0,1,1000,1.0,0.03784477923732629,4.06663063063063,8.0,-0.07316416494499173,0.3377936153627295,0.28558302351085185,675.587230725459,0.07422251911229867,0.0,0.06,1001.0,0.05031479435122045,0.13061335450308262,0.28558302351085185,0.5100472470300454,0.7097825505824621,2,1609523860
K_very_large,1.0,1.0,1.0,2,very_large,sensitivity,1000,very_large,K,very_large,8,1000,2000,False,completed,0,0,4.0,68.0,0.3853495,0.0,1,1000,1.0,0.025783744856427575,4.0867047047047045,7.0,-0.07064783881896088,0.35883515834718627,0.3095958531540136,717.6703166943726,0.06419244896198804,0.0,0.056,1001.0,0.059797015640366026,0.14291480396911016,0.3095958531540136,0.5372909279754889,0.7397578534138841,3,2246246497
K_very_large,1.0,1.0,1.0,2,very_large,sensitivity,1000,very_large,K,very_large,8,1000,2000,False,completed,0,0,4.0,85.0,0.3907670000000001,0.0,1,1000,1.0,0.0343918861663986,4.080396396396396,7.0,-0.09310026925254486,0.34321797173159535,0.29502183729526177,686.4359434631907,0.08124356821751612,0.0,0.055,1001.0,0.062238540895213544,0.14231826668899084,0.29502183729526177,0.49882909900532074,0.6993729216672453,4,924014426
K_very_large,1.0,1.0,1.0,2,very_large,sensitivity,1000,very_large,K,very_large,8,1000,2000,False,completed,0,0,4.0,65.0,0.38905500000000015,0.0,1,1000,1.0,0.0222766076627593,4.1503123123123125,7.0,-0.08997523894506894,0.36221772922770534,0.3186062437415037,724.4354584554106,0.06118342791689485,0.0,0.057,1001.0,0.061343445338651374,0.14779632653519242,0.3186062437415037,0.530263837285352,0.7433790287241905,5,625510996
K_very_large,1.0,1.0,1.0,2,very_large,sensitivity,1000,very_large,K,very_large,8,1000,2000,False,completed,0,0,4.0,88.0,0.3922515000000002,0.0,1,1000,1.0,0.02774577468469601,4.073009009009009,7.0,-0.08924497207324948,0.34544949595602725,0.30044047557858805,690.8989919120545,0.0842525892626093,0.0,0.054,1001.0,0.05866372239868222,0.1416680401946333,0.30044047557858805,0.5121335911543295,0.7086362177239017,6,3161073999
K_very_large,1.0,1.0,1.0,2,very_large,sensitivity,1000,very_large,K,very_large,8,1000,2000,False,completed,0,0,4.0,61.0,0.39172450000000003,0.0,1,1000,1.0,0.031748709691221864,4.09825025025025,7.0,-0.08785798228563373,0.3580612597284269,0.3092599395323521,716.1225194568538,0.0571713998567706,0.0,0.055,1001.0,0.052565186640026844,0.13720635414673354,0.3092599395323521,0.5418216459146925,0.7446677397093129,7,3231646568
beta_0.0_K_8,1.0,0.0,1.0,2,8,beta_k_heatmap,1000,8,grid,beta=0.0|K=8,8,1000,2000,False,completed,0,0,4.0,8.0,0.2997660000000002,0.177,1,1000,1.0,0.007328571428571428,5.04625025025025,9.0,0.00557935542132176,0.350053533249167,0.30554612015651533,700.107066498334,0.004012028060124253,0.0,0.0,1001.0,0.05278912819782836,0.13624958978117396,0.30554612015651533,0.5179041451553761,0.7358188933637706,0,100636739
beta_0.0_K_8,1.0,0.0,1.0,2,8,beta_k_heatmap,1000,8,grid,beta=0.0|K=8,8,1000,2000,False,completed,0,0,4.0,8.0,0.2998550000000002,0.175,1,1000,1.0,0.00800952380952381,5.025297297297297,8.0,0.025166066584041854,0.33886632835049224,0.28899853836787504,677.7326567009845,0.004012028060124253,0.0,0.0,1001.0,0.04930328102416628,0.13764054386285673,0.28899853836787504,0.49983212565965723,0.7095340476173624,1,745262575
beta_0.0_K_8,1.0,0.0,1.0,2,8,beta_k_heatmap,1000,8,grid,beta=0.0|K=8,8,1000,2000,False,completed,0,0,4.0,8.0,0.30193550000000013,0.176,1,1000,1.0,0.01131904761904762,5.037913913913914,9.0,-0.007535311700495641,0.34588692563936024,0.30975049622305306,691.7738512787205,0.004012028060124253,0.0,0.0,1001.0,0.05582852961954368,0.13945316552018097,0.30975049622305306,0.5146485443365902,0.6947274943661776,2,3863814346
beta_0.0_K_8,1.0,0.0,1.0,2,8,beta_k_heatmap,1000,8,grid,beta=0.0|K=8,8,1000,2000,False,completed,0,0,4.0,8.0,0.2987930000000001,0.169,1,1000,1.0,0.00853095238095238,5.0446906906906905,8.0,0.025823607435473017,0.3441183078664604,0.2936885494047018,688.2366157329209,0.004012028060124253,0.0,0.0,1001.0,0.057236254737038146,0.1372879184677582,0.2936885494047018,0.5164964816881263,0.7095065967250599,3,2422311781
beta_0.0_K_8,1.0,0.0,1.0,2,8,beta_k_heatmap,1000,8,grid,beta=0.0|K=8,8,1000,2000,False,completed,0,0,4.0,8.0,0.2985135000000001,0.163,1,1000,1.0,0.00675952380952381,5.063831831831832,8.0,0.02807809609026261,0.3582011518498848,0.309457763416091,716.4023036997696,0.004012028060124253,0.0,0.0,1001.0,0.05043243241678337,0.13615343703991192,0.309457763416091,0.5365066664141764,0.7455562648807653,4,157563232
beta_0.0_K_8,1.0,0.0,1.0,2,8,beta_k_heatmap,1000,8,grid,beta=0.0|K=8,8,1000,2000,False,completed,0,0,4.0,8.0,0.29936000000000007,0.169,1,1000,1.0,0.009904761904761906,5.044998998998999,9.0,0.025256708030604896,0.357563950465596,0.3137781726477192,715.127900931192,0.004012028060124253,0.0,0.0,1001.0,0.057250740695695,0.14318918462385385,0.3137781726477192,0.5282562569025588,0.7411352690547985,5,1653694424
beta_0.0_K_8,1.0,0.0,1.0,2,8,beta_k_heatmap,1000,8,grid,beta=0.0|K=8,8,1000,2000,False,completed,0,0,4.0,8.0,0.2997740000000002,0.171,1,1000,1.0,0.006730952380952381,5.041625625625626,9.0,0.025564619370737233,0.3522231871195593,0.3033250216422426,704.4463742391187,0.004012028060124253,0.0,0.0,1001.0,0.058013418325421395,0.13943765978134973,0.3033250216422426,0.5142995424979087,0.742189352548822,6,729961114
beta_0.0_K_8,1.0,0.0,1.0,2,8,beta_k_heatmap,1000,8,grid,beta=0.0|K=8,8,1000,2000,False,completed,0,0,4.0,8.0,0.301833,0.184,1,1000,1.0,0.01459047619047619,5.0323003003003,9.0,0.005179469445077743,0.3556893590248062,0.3072199044103154,711.3787180496124,0.004012028060124253,0.0,0.0,1001.0,0.061285313854559986,0.14539948264926533,0.3072199044103154,0.5250564668287759,0.7321128496195001,7,3237198769
beta_0.0_K_16,1.0,0.0,1.0,2,16,beta_k_heatmap,1000,16,grid,beta=0.0|K=16,8,1000,2000,False,completed,0,0,4.0,16.0,0.357572,0.034,1,1000,1.0,0.011208066933066932,4.602884884884885,8.0,-0.008276045527446714,0.3442325985172208,0.2976615035420663,688.4651970344416,0.012036084180372757,0.0,0.071,1001.0,0.054846484515948556,0.13636150104130407,0.2976615035420663,0.5074289920335913,0.7196645642043464,0,2016840521
beta_0.0_K_16,1.0,0.0,1.0,2,16,beta_k_heatmap,1000,16,grid,beta=0.0|K=16,8,1000,2000,False,completed,0,0,4.0,16.0,0.3612985000000002,0.032,1,1000,1.0,0.009286585636585637,4.605575575575576,8.0,-0.047835412911778064,0.36056021165234653,0.31629085668713686,721.1204233046931,0.012036084180372757,0.0,0.075,1001.0,0.05844045796349444,0.13920798044345498,0.31629085668713686,0.5406257611528261,0.7456442693674432,1,2036940987
beta_0.0_K_16,1.0,0.0,1.0,2,16,beta_k_heatmap,1000,16,grid,beta=0.0|K=16,8,1000,2000,False,completed,0,0,4.0,16.0,0.36564550000000007,0.038,1,1000,1.0,0.006595582195582195,4.555567567567568,8.0,-0.06462524173472647,0.343926466250923,0.286554831622708,687.852932501846,0.012036084180372757,0.0,0.081,1001.0,0.056418962625437795,0.13782340198511733,0.286554831622708,0.5084188267149061,0.7223001690289184,2,844422800
beta_0.0_K_16,1.0,0.0,1.0,2,16,beta_k_heatmap,1000,16,grid,beta=0.0|K=16,8,1000,2000,False,completed,0,0,4.0,16.0,0.3619625000000002,0.033,1,1000,1.0,0.012290639915639915,4.583713713713713,8.0,-0.03345932303833192,0.34381329577055886,0.2985868598070103,687.6265915411177,0.012036084180372757,0.0,0.077,1001.0,0.054037707385721015,0.13647702442713883,0.2985868598070103,0.5103595351904482,0.7112495558086643,3,3526696655
beta_0.0_K_16,1.0,0.0,1.0,2,16,beta_k_heatmap,1000,16,grid,beta=0.0|K=16,8,1000,2000,False,completed,0,0,4.0,16.0,0.3630605,0.034,1,1000,1.0,0.011847091797091796,4.555443443443443,8.0,-0.059290519847310624,0.3509516563954278,0.29997047530056875,701.9033127908556,0.012036084180372757,0.0,0.082,1001.0,0.054747321058253334,0.1372064719441555,0.29997047530056875,0.5212321264187281,0.7339305938702432,4,653346735
beta_0.0_K_16,1.0,0.0,1.0,2,16,beta_k_heatmap,1000,16,grid,beta=0.0|K=16,8,1000,2000,False,completed,0,0,4.0,16.0,0.3617635000000001,0.03,1,1000,1.0,0.008657531357531358,4.610692692692693,8.0,-0.05256575104835823,0.34877456009257674,0.2987547002031463,697.5491201851535,0.012036084180372757,0.0,0.079,1001.0,0.057866546339800345,0.13926556640190435,0.2987547002031463,0.5117341627625266,0.7157147597010522,5,3533848928
beta_0.0_K_16,1.0,0.0,1.0,2,16,beta_k_heatmap,1000,16,grid,beta=0.0|K=16,8,1000,2000,False,completed,0,0,4.0,16.0,0.35981050000000003,0.035,1,1000,1.0,0.01663571706071706,4.609419419419419,8.0,-0.044293122752397364,0.34935346377552395,0.29386516589608214,698.7069275510479,0.012036084180372757,0.0,0.078,1001.0,0.0552473165383156,0.1335702735134242,0.29386516589608214,0.5284943481484754,0.7302964783673732,6,1058888524
beta_0.0_K_16,1.0,0.0,1.0,2,16,beta_k_heatmap,1000,16,grid,beta=0.0|K=16,8,1000,2000,False,completed,0,0,4.0,16.0,0.3584005000000001,0.04,1,1000,1.0,0.01116338938838939,4.598596596596597,8.0,-0.024465634582665676,0.3544352778977783,0.31038351451020363,708.8705557955566,0.012036084180372757,0.0,0.073,1001.0,0.053335771047999136,0.1344368140738204,0.31038351451020363,0.5289723828110485,0.7351615923193782,7,40396433
beta_0.0_K_32,1.0,0.0,1.0,2,32,beta_k_heatmap,1000,32,grid,beta=0.0|K=32,8,1000,2000,False,completed,0,0,4.0,32.0,0.381456,0.008,1,1000,1.0,0.015031245126801835,4.246442442442443,8.0,-0.09290277089647486,0.35641138220518576,0.3054490364836821,712.8227644103715,0.02808419642086977,0.0,0.058,1001.0,0.05323051966962882,0.14054068791459515,0.3054490364836821,0.5320002429508416,0.7391135457660515,0,1454421321
beta_0.0_K_32,1.0,0.0,1.0,2,32,beta_k_heatmap,1000,32,grid,beta=0.0|K=32,8,1000,2000,False,completed,0,0,4.0,32.0,0.3691495,0.009,1,1000,1.0,0.01974657069433777,4.371613613613613,8.0,-0.013186618906040283,0.36135726910670135,0.3062190392874079,722.7145382134026,0.02808419642086977,0.0,0.053,1001.0,0.05705584858946199,0.14639382040814736,0.3062190392874079,0.5361421496094749,0.7521923947860517,1,20371513
beta_0.0_K_32,1.0,0.0,1.0,2,32,beta_k_heatmap,1000,32,grid,beta=0.0|K=32,8,1000,2000,False,completed,0,0,4.0,32.0,0.3804405000000002,0.006,1,1000,1.0,0.0251324894207465,4.3265965965965965,8.0,-0.038403303181682544,0.3448156783662073,0.29549458319534283,689.6313567324146,0.02808419642086977,0.0,0.062,1001.0,0.05018555975588834,0.13074719705111815,0.29549458319534283,0.5071889772077324,0.7183806072537218,2,893832628
beta_0.0_K_32,1.0,0.0,1.0,2,32,beta_k_heatmap,1000,32,grid,beta=0.0|K=32,8,1000,2000,False,completed,0,0,4.0,32.0,0.3771915000000001,0.01,1,1000,1.0,0.022333623659423416,4.313483483483483,8.0,-0.060114079535624775,0.3534688426824279,0.30330269206860216,706.9376853648558,0.02808419642086977,0.0,0.063,1001.0,0.06083428151389197,0.13708177868562532,0.30330269206860216,0.53890394385814,0.7181186448563772,3,1685983671
beta_0.0_K_32,1.0,0.0,1.0,2,32,beta_k_heatmap,1000,32,grid,beta=0.0|K=32,8,1000,2000,False,completed,0,0,4.0,32.0,0.3872420000000001,0.007,1,1000,1.0,0.020821141196307954,4.255607607607607,8.0,-0.0857321670980555,0.35178564793572603,0.29647839370693907,703.5712958714521,0.02808419642086977,0.0,0.077,1001.0,0.05683106388265455,0.13951544331288265,0.29647839370693907,0.5221506580351101,0.745485971186861,4,1517920673
beta_0.0_K_32,1.0,0.0,1.0,2,32,beta_k_heatmap,1000,32,grid,beta=0.0|K=32,8,1000,2000,False,completed,0,0,4.0,32.0,0.38124250000000015,0.008,1,1000,1.0,0.022015252425066294,4.287951951951952,8.0,-0.052424878704509854,0.34573167868158977,0.2959022432335696,691.4633573631795,0.02808419642086977,0.0,0.067,1001.0,0.04960107588530426,0.13819813061288133,0.2959022432335696,0.5079046188305925,0.7173808624294826,5,1986393150
beta_0.0_K_32,1.0,0.0,1.0,2,32,beta_k_heatmap,1000,32,grid,beta=0.0|K=32,8,1000,2000,False,completed,0,0,4.0,32.0,0.38004800000000016,0.007,1,1000,1.0,0.01827997274491848,4.292292292292292,7.0,-0.05853302263611151,0.35381073739064844,0.3015901516604048,707.6214747812969,0.02808419642086977,0.0,0.059,1001.0,0.05578002080876872,0.1344998731369353,0.3015901516604048,0.5237823987100452,0.7520720477814705,6,331082838
beta_0.0_K_32,1.0,0.0,1.0,2,32,beta_k_heatmap,1000,32,grid,beta=0.0|K=32,8,1000,2000,False,completed,0,0,4.0,32.0,0.3802795000000001,0.008,1,1000,1.0,0.01625207740686021,4.303005005005005,8.0,-0.040055396021447254,0.360997106010729,0.31944862829372356,721.994212021458,0.02808419642086977,0.0,0.067,1001.0,0.060069270162151384,0.15503018712116645,0.31944862829372356,0.5299369287580601,0.7415284087731997,7,3549846090
beta_0.0_K_very_large,1.0,0.0,1.0,2,very_large,beta_k_heatmap,1000,very_large,grid,beta=0.0|K=very_large,8,1000,2000,False,completed,0,0,4.0,78.0,0.392293,0.0,1,1000,1.0,0.045691004131182905,3.9784384384384386,7.0,-0.09901215357597438,0.3494844335728288,0.30497599255068397,698.9688671456577,0.07422251911229867,0.0,0.055,1001.0,0.061780790356758535,0.13758052121427555,0.30497599255068397,0.5154021794653308,0.71652287746431,0,2843584655
beta_0.0_K_very_large,1.0,0.0,1.0,2,very_large,beta_k_heatmap,1000,very_large,grid,beta=0.0|K=very_large,8,1000,2000,False,completed,0,0,4.0,77.0,0.38607000000000014,0.0,1,1000,1.0,0.019893431462454845,4.099961961961962,7.0,-0.06814637002731103,0.34109784642193847,0.29168849866517693,682.1956928438769,0.07321951209726761,0.0,0.06,1001.0,0.05398137825859266,0.1331280719543217,0.29168849866517693,0.5031845032251993,0.7177659345601309,1,3786616161
beta_0.0_K_very_large,1.0,0.0,1.0,2,very_large,beta_k_heatmap,1000,very_large,grid,beta=0.0|K=very_large,8,1000,2000,False,completed,0,0,4.0,76.0,0.39024000000000014,0.0,1,1000,1.0,0.029638700475259756,4.091015015015015,7.0,-0.10120437099809657,0.3546407763071816,0.3099642209784649,709.2815526143632,0.07221650508223655,0.0,0.058,1001.0,0.056746675070511926,0.1424877588822746,0.3099642209784649,0.5192094427568263,0.735495763253396,2,3514026453
beta_0.0_K_very_large,1.0,0.0,1.0,2,very_large,beta_k_heatmap,1000,very_large,grid,beta=0.0|K=very_large,8,1000,2000,False,completed,0,0,4.0,72.0,0.3916240000000002,0.0,1,1000,1.0,0.029275604429343936,4.136750750750751,7.0,-0.0816826452028732,0.35994756945977285,0.30688685693592227,719.8951389195457,0.0682044770221123,0.0,0.066,1001.0,0.06384245392922729,0.14429046405707116,0.30688685693592227,0.5316094510697891,0.7537163690973366,3,2217145428
beta_0.0_K_very_large,1.0,0.0,1.0,2,very_large,beta_k_heatmap,1000,very_large,grid,beta=0.0|K=very_large,8,1000,2000,False,completed,0,0,4.0,93.0,0.3860135,0.0,1,1000,1.0,0.03639533870932023,4.07178978978979,7.0,-0.06814281490443487,0.3540289795158817,0.2939176949138891,708.0579590317634,0.08926762433776461,0.0,0.059,1001.0,0.05799941712949037,0.1339700262362617,0.2939176949138891,0.5389199556215515,0.7399382211281716,4,1888456108
beta_0.0_K_very_large,1.0,0.0,1.0,2,very_large,beta_k_heatmap,1000,very_large,grid,beta=0.0|K=very_large,8,1000,2000,False,completed,0,0,4.0,72.0,0.38535300000000006,0.0,1,1000,1.0,0.028108386495058663,4.186850850850851,8.0,-0.07806597003633357,0.34968606230796945,0.3002166961923246,699.3721246159389,0.0682044770221123,0.0,0.064,1001.0,0.05105836238794698,0.13501957104336948,0.3002166961923246,0.5247728600500188,0.7303286396609648,5,2103076085
beta_0.0_K_very_large,1.0,0.0,1.0,2,very_large,beta_k_heatmap,1000,very_large,grid,beta=0.0|K=very_large,8,1000,2000,False,completed,0,0,4.0,96.0,0.3959975,0.0,1,1000,1.0,0.038948953637147836,3.913945945945946,8.0,-0.08911537551136302,0.3498503754638821,0.299718096070872,699.7007509277641,0.0922766453828578,0.0,0.056,1001.0,0.05582103578452723,0.14222428783158927,0.299718096070872,0.5230846239081118,0.7136069614657279,6,1848271517
beta_0.0_K_very_large,1.0,0.0,1.0,2,very_large,beta_k_heatmap,1000,very_large,grid,beta=0.0|K=very_large,8,1000,2000,False,completed,0,0,4.0,93.0,0.3926980000000002,0.0,1,1000,1.0,0.03409264732921084,3.9685945945945944,7.0,-0.0778795389557604,0.352102268424808,0.31011747193612793,704.204536849616,0.08926762433776461,0.0,0.045,1001.0,0.0541339636864254,0.14324578483208592,0.31011747193612793,0.5254618753753171,0.7176049117138296,7,930334766
beta_0.5_K_8,1.0,0.5,1.0,2,8,beta_k_heatmap,1000,8,grid,beta=0.5|K=8,8,1000,2000,False,completed,0,0,4.0,8.0,0.2891110000000001,0.133,1,1000,1.0,0.004654761904761905,5.0979179179179175,9.0,0.0819506786518748,0.35075456765202245,0.2984707705360578,701.5091353040449,0.004012028060124253,0.0,0.0,1001.0,0.05405257070685203,0.13310064859651294,0.2984707705360578,0.5199538164031452,0.7221044482635981,0,2542101590
beta_0.5_K_8,1.0,0.5,1.0,2,8,beta_k_heatmap,1000,8,grid,beta=0.5|K=8,8,1000,2000,False,completed,0,0,4.0,8.0,0.293679,0.141,1,1000,1.0,0.0074333333333333335,5.058876876876877,8.0,0.07239054076898424,0.34772523264608785,0.2945991669877097,695.4504652921756,0.004012028060124253,0.0,0.0,1001.0,0.05385660279356609,0.1313132092586457,0.2945991669877097,0.5090506493341571,0.731453441178653,1,1254475834
beta_0.5_K_8,1.0,0.5,1.0,2,8,beta_k_heatmap,1000,8,grid,beta=0.5|K=8,8,1000,2000,False,completed,0,0,4.0,8.0,0.2852030000000001,0.133,1,1000,1.0,0.008126190476190476,5.09859059059059,9.0,0.12637085740701173,0.3547600670245908,0.3096434279825311,709.5201340491816,0.004012028060124253,0.0,0.0,1001.0,0.063516584562364,0.14251397195163046,0.3096434279825311,0.5194676873856535,0.7218821068909365,2,633084298
beta_0.5_K_8,1.0,0.5,1.0,2,8,beta_k_heatmap,1000,8,grid,beta=0.5|K=8,8,1000,2000,False,completed,0,0,4.0,8.0,0.29059500000000016,0.132,1,1000,1.0,0.008297619047619047,5.079703703703704,9.0,0.08356510972743067,0.3457116719746755,0.2987256177042452,691.423343949351,0.004012028060124253,0.0,0.0,1001.0,0.06003742476575276,0.1419792863275348,0.2987256177042452,0.5082060975189979,0.7098593841179522,3,1812295067
beta_0.5_K_8,1.0,0.5,1.0,2,8,beta_k_heatmap,1000,8,grid,beta=0.5|K=8,8,1000,2000,False,completed,0,0,4.0,8.0,0.2908305000000002,0.132,1,1000,1.0,0.008461904761904762,5.084928928928929,8.0,0.05845013081881648,0.33196149376064854,0.28388575901913193,663.922987521297,0.004012028060124253,0.0,0.0,1001.0,0.053055506161628255,0.13208924161625218,0.28388575901913193,0.4838883484277247,0.6978086824309524,4,3519769263
beta_0.5_K_8,1.0,0.5,1.0,2,8,beta_k_heatmap,1000,8,grid,beta=0.5|K=8,8,1000,2000,False,completed,0,0,4.0,8.0,0.2891135,0.134,1,1000,1.0,0.009814285714285715,5.097225225225225,8.0,0.06429001175379752,0.35020171883870826,0.3047385002173626,700.4034376774165,0.004012028060124253,0.0,0.0,1001.0,0.05589688996344059,0.12896514810149776,0.3047385002173626,0.5242608104764723,0.7417338236392718,5,3207521312
beta_0.5_K_8,1.0,0.5,1.0,2,8,beta_k_heatmap,1000,8,grid,beta=0.5|K=8,8,1000,2000,False,completed,0,0,4.0,8.0,0.29129400000000016,0.139,1,1000,1.0,0.01095,5.108328328328328,9.0,0.06177440942401471,0.3504673864471415,0.30153866454618583,700.934772894283,0.004012028060124253,0.0,0.0,1001.0,0.05808313134904946,0.14157855379856468,0.30153866454618583,0.5198521345111788,0.722344953019127,6,485766920
beta_0.5_K_8,1.0,0.5,1.0,2,8,beta_k_heatmap,1000,8,grid,beta=0.5|K=8,8,1000,2000,False,completed,0,0,4.0,8.0,0.2926460000000002,0.137,1,1000,1.0,0.012488095238095237,5.0668408408408405,9.0,0.059816910217774265,0.3493610736278233,0.297920317807229,698.7221472556466,0.004012028060124253,0.0,0.0,1001.0,0.048278843971821715,0.13464115319115172,0.297920317807229,0.5239197358552683,0.7413703073856754,7,1605532612
beta_0.5_K_16,1.0,0.5,1.0,2,16,beta_k_heatmap,1000,16,grid,beta=0.5|K=16,8,1000,2000,False,completed,0,0,4.0,16.0,0.3482590000000001,0.021,1,1000,1.0,0.010378887778887779,4.662736736736737,8.0,0.01282304989472068,0.35153799002623215,0.29763068202414467,703.0759800524643,0.012036084180372757,0.0,0.074,1001.0,0.057322121236593256,0.14366244732346672,0.29763068202414467,0.5203768853823066,0.7290422912197692,0,582359054
beta_0.5_K_16,1.0,0.5,1.0,2,16,beta_k_heatmap,1000,16,grid,beta=0.5|K=16,8,1000,2000,False,completed,0,0,4.0,16.0,0.34560250000000003,0.017,1,1000,1.0,0.006588167388167389,4.671273273273274,8.0,0.01750517805839494,0.34913618779607214,0.30018854735894035,698.2723755921443,0.012036084180372757,0.0,0.073,1001.0,0.05535698159180383,0.14768063265622214,0.30018854735894035,0.5076237501792746,0.7107100539435396,1,4211878014
beta_0.5_K_16,1.0,0.5,1.0,2,16,beta_k_heatmap,1000,16,grid,beta=0.5|K=16,8,1000,2000,False,completed,0,0,4.0,16.0,0.34738100000000016,0.014,1,1000,1.0,0.008692010767010767,4.684066066066066,8.0,0.04682078461165601,0.3431928753318481,0.2839311074052142,686.3857506636962,0.012036084180372757,0.0,0.069,1001.0,0.058015581393571714,0.12876976923765998,0.2839311074052142,0.5196982870384197,0.7246517847631367,2,2467128858
beta_0.5_K_16,1.0,0.5,1.0,2,16,beta_k_heatmap,1000,16,grid,beta=0.5|K=16,8,1000,2000,False,completed,0,0,4.0,16.0,0.35183300000000006,0.018,1,1000,1.0,0.01391033411033411,4.6625465465465465,8.0,0.024645770564238827,0.3442807930799746,0.28428206877535345,688.5615861599492,0.012036084180372757,0.0,0.079,1001.0,0.045856659789668575,0.13000248909481915,0.28428206877535345,0.5227773193573846,0.7395994379054224,3,3486976847
beta_0.5_K_16,1.0,0.5,1.0,2,16,beta_k_heatmap,1000,16,grid,beta=0.5|K=16,8,1000,2000,False,completed,0,0,4.0,16.0,0.3471360000000001,0.015,1,1000,1.0,0.012493570318570318,4.706038038038038,8.0,0.023931909383867824,0.34994783033454757,0.2975526699867633,699.8956606690952,0.012036084180372757,0.0,0.065,1001.0,0.05655597513597832,0.1426237977802357,0.2975526699867633,0.5065585597207185,0.7408779092859614,4,2752408420
beta_0.5_K_16,1.0,0.5,1.0,2,16,beta_k_heatmap,1000,16,grid,beta=0.5|K=16,8,1000,2000,False,completed,0,0,4.0,16.0,0.353005,0.016,1,1000,1.0,0.00851873126873127,4.6666466466466465,8.0,-0.017719842478021584,0.35630368221006636,0.3030254930275076,712.6073644201327,0.012036084180372757,0.0,0.078,1001.0,0.054093360758857886,0.14127768838386057,0.3030254930275076,0.5422538230691537,0.7312193945536514,5,2853769122
beta_0.5_K_16,1.0,0.5,1.0,2,16,beta_k_heatmap,1000,16,grid,beta=0.5|K=16,8,1000,2000,False,completed,0,0,4.0,16.0,0.3504210000000001,0.015,1,1000,1.0,0.009237240537240536,4.705153153153153,8.0,-0.0012815937727381668,0.35663545418027265,0.30071020970659246,713.2709083605453,0.012036084180372757,0.0,0.075,1001.0,0.055792579972055126,0.14115608633131468,0.30071020970659246,0.5389579011017925,0.7375349976635347,6,125741541
beta_0.5_K_16,1.0,0.5,1.0,2,16,beta_k_heatmap,1000,16,grid,beta=0.5|K=16,8,1000,2000,False,completed,0,0,4.0,16.0,0.35291400000000017,0.018,1,1000,1.0,0.008974056499056499,4.682228228228229,8.0,0.007100724631073125,0.3560184512771676,0.3118606663587858,712.0369025543351,0.012036084180372757,0.0,0.07,1001.0,0.05763883878211253,0.1473449676909806,0.3118606663587858,0.5334972948988139,0.7288663371443244,7,2851447828
beta_0.5_K_32,1.0,0.5,1.0,2,32,beta_k_heatmap,1000,32,grid,beta=0.5|K=32,8,1000,2000,False,completed,0,0,4.0,32.0,0.3705660000000002,0.002,1,1000,1.0,0.01418362049660862,4.374798798798799,8.0,-0.02009662630734129,0.3548664348357272,0.3071001264394436,709.7328696714544,0.02808419642086977,0.0,0.067,1001.0,0.06311203900980168,0.1374027238893262,0.3071001264394436,0.5306179143383245,0.7418315298349577,0,1728333605
beta_0.5_K_32,1.0,0.5,1.0,2,32,beta_k_heatmap,1000,32,grid,beta=0.5|K=32,8,1000,2000,False,completed,0,0,4.0,31.0,0.3730945000000001,0.0,1,1000,1.0,0.013666904541962194,4.37360960960961,8.0,-0.0305332544093055,0.3394706617055026,0.29280770147319135,678.9413234110052,0.027081189405838705,0.0,0.067,1001.0,0.057235875817926,0.13919010780152435,0.29280770147319135,0.5018588931961041,0.6903095899438917,1,928644316
beta_0.5_K_32,1.0,0.5,1.0,2,32,beta_k_heatmap,1000,32,grid,beta=0.5|K=32,8,1000,2000,False,completed,0,0,4.0,32.0,0.36836,0.002,1,1000,1.0,0.013962800166815312,4.389671671671672,8.0,-0.012321977818009897,0.353676568893688,0.30190553732812686,707.353137787376,0.02808419642086977,0.0,0.062,1001.0,0.0586979352579058,0.14124499807844632,0.30190553732812686,0.5222007791946449,0.7341672578000739,2,3050734316
beta_0.5_K_32,1.0,0.5,1.0,2,32,beta_k_heatmap,1000,32,grid,beta=0.5|K=32,8,1000,2000,False,completed,0,0,4.0,32.0,0.3746465000000001,0.003,1,1000,1.0,0.01947448056132661,4.389253253253253,8.0,-0.025710192784227322,0.35537813363126064,0.30374009822815773,710.7562672625213,0.02808419642086977,0.0,0.069,1001.0,0.06363214820558069,0.14812242726448638,0.30374009822815773,0.5231874162139214,0.7290299931385658,3,4253943876
beta_0.5_K_32,1.0,0.5,1.0,2,32,beta_k_heatmap,1000,32,grid,beta=0.5|K=32,8,1000,2000,False,completed,0,0,4.0,32.0,0.3711540000000002,0.004,1,1000,1.0,0.022673131215365877,4.377221221221221,8.0,-0.009769653440140786,0.3476150014173096,0.28758575105073403,695.2300028346192,0.02808419642086977,0.0,0.059,1001.0,0.05858159439207627,0.1360101927524177,0.28758575105073403,0.5240110032458734,0.7190084664847461,4,4171769711
beta_0.5_K_32,1.0,0.5,1.0,2,32,beta_k_heatmap,1000,32,grid,beta=0.5|K=32,8,1000,2000,False,completed,0,0,4.0,32.0,0.3671350000000002,0.001,1,1000,1.0,0.020132376256834113,4.450236236236236,8.0,-0.012931316157639072,0.34509640963176197,0.29803970807498675,690.1928192635239,0.02808419642086977,0.0,0.068,1001.0,0.05758845158119018,0.13803635132982175,0.29803970807498675,0.5140059686403828,0.7001177006994074,5,1297616362
beta_0.5_K_32,1.0,0.5,1.0,2,32,beta_k_heatmap,1000,32,grid,beta=0.5|K=32,8,1000,2000,False,completed,0,0,4.0,32.0,0.3689555000000002,0.002,1,1000,1.0,0.009155013208750533,4.405921921921922,8.0,0.001667318097048397,0.35535901406195675,0.31228948477247176,710.7180281239135,0.02808419642086977,0.0,0.066,1001.0,0.057587578482770276,0.1376201035769944,0.31228948477247176,0.5166157783362602,0.7366356389049273,6,1958617086
beta_0.5_K_32,1.0,0.5,1.0,2,32,beta_k_heatmap,1000,32,grid,beta=0.5|K=32,8,1000,2000,False,completed,0,0,4.0,32.0,0.3724045,0.002,1,1000,1.0,0.018314630245979423,4.386668668668668,8.0,-0.00021342592614387285,0.341290234545887,0.29479143329229573,682.5804690917739,0.02808419642086977,0.0,0.064,1001.0,0.05569036216254008,0.13656706134519528,0.29479143329229573,0.5036604923348563,0.707469394294061,7,675730371
beta_0.5_K_very_large,1.0,0.5,1.0,2,very_large,beta_k_heatmap,1000,very_large,grid,beta=0.5|K=very_large,8,1000,2000,False,completed,0,0,4.0,72.0,0.38410500000000014,0.0,1,1000,1.0,0.02856657833315512,4.128016016016016,8.0,-0.06808966747683574,0.35675375372968143,0.30718210797514045,713.5075074593628,0.0682044770221123,0.0,0.056,1001.0,0.05376630769513117,0.13963181602313895,0.30718210797514045,0.5370555264353614,0.7425653801663152,0,849162582
beta_0.5_K_very_large,1.0,0.5,1.0,2,very_large,beta_k_heatmap,1000,very_large,grid,beta=0.5|K=very_large,8,1000,2000,False,completed,0,0,4.0,74.0,0.3867085000000001,0.0,1,1000,1.0,0.03050429139526014,4.1002002002002005,7.0,-0.0727284179559683,0.3542017741003354,0.3022295571650937,708.4035482006708,0.07021049105217442,0.0,0.058,1001.0,0.05563644315388636,0.13958937195161725,0.3022295571650937,0.530203973506594,0.7377463543312602,1,407958976
beta_0.5_K_very_large,1.0,0.5,1.0,2,very_large,beta_k_heatmap,1000,very_large,grid,beta=0.5|K=very_large,8,1000,2000,False,completed,0,0,4.0,93.0,0.3908435000000001,0.0,1,1000,1.0,0.030643641379239802,4.037471471471472,7.0,-0.0902358537789349,0.34094035564673325,0.2964408392481678,681.8807112934664,0.08926762433776461,0.0,0.051,1001.0,0.06278568498987586,0.13949548325351846,0.2964408392481678,0.5085001945346415,0.6867114946427851,2,2213424803
beta_0.5_K_very_large,1.0,0.5,1.0,2,very_large,beta_k_heatmap,1000,very_large,grid,beta=0.5|K=very_large,8,1000,2000,False,completed,0,0,4.0,85.0,0.3954215000000001,0.0,1,1000,1.0,0.03571536926723321,4.010726726726727,7.0,-0.08626173850350044,0.35722380423071687,0.3169152962071391,714.4476084614338,0.08124356821751612,0.0,0.058,1001.0,0.06400209230377132,0.15411500958568775,0.3169152962071391,0.5187690113825186,0.7198154570789118,3,777474568
beta_0.5_K_very_large,1.0,0.5,1.0,2,very_large,beta_k_heatmap,1000,very_large,grid,beta=0.5|K=very_large,8,1000,2000,False,completed,0,0,4.0,64.0,0.385475,0.0,1,1000,1.0,0.03090616510751472,4.139695695695695,7.0,-0.07852004344852329,0.3462545210134259,0.3019360101960529,692.5090420268518,0.06018042090186379,0.0,0.059,1001.0,0.05299395129315808,0.13479535287718686,0.3019360101960529,0.5036207027969741,0.7100304806990195,4,3977669499
beta_0.5_K_very_large,1.0,0.5,1.0,2,very_large,beta_k_heatmap,1000,very_large,grid,beta=0.5|K=very_large,8,1000,2000,False,completed,0,0,4.0,117.0,0.3951945000000001,0.0,1,1000,1.0,0.033715153689068085,4.010824824824825,7.0,-0.07517294265701398,0.3497329173590903,0.2964530071034137,699.4658347181805,0.11333979269851013,0.0,0.056,1001.0,0.05913125804601196,0.14334424296661832,0.2964530071034137,0.5129021675563589,0.7229655728019306,5,2644586814
beta_0.5_K_very_large,1.0,0.5,1.0,2,very_large,beta_k_heatmap,1000,very_large,grid,beta=0.5|K=very_large,8,1000,2000,False,completed,0,0,4.0,54.0,0.39212350000000007,0.0,1,1000,1.0,0.020781406220543665,4.173431431431432,7.0,-0.11027761030162371,0.35425097527636046,0.3005772854788731,708.5019505527209,0.050150350751553156,0.0,0.062,1001.0,0.05619989606788771,0.13867134825180527,0.3005772854788731,0.5226933741097091,0.7415944426649075,6,2048458390
beta_0.5_K_very_large,1.0,0.5,1.0,2,very_large,beta_k_heatmap,1000,very_large,grid,beta=0.5|K=very_large,8,1000,2000,False,completed,0,0,4.0,54.0,0.3917020000000002,0.0,1,1000,1.0,0.03095006351072651,4.117885885885886,8.0,-0.12141690190389992,0.3481323335108876,0.2938327901883157,696.2646670217753,0.050150350751553156,0.0,0.062,1001.0,0.05512083573182868,0.1371021692029342,0.2938327901883157,0.529945555526538,0.7300880684649952,7,3265478363
beta_1.0_K_8,1.0,1.0,1.0,2,8,beta_k_heatmap,1000,8,grid,beta=1.0|K=8,8,1000,2000,False,completed,0,0,4.0,8.0,0.27679450000000005,0.088,1,1000,1.0,0.008735714285714286,5.147085085085085,9.0,0.1107674527998686,0.36263834322871014,0.30726081708815045,725.2766864574203,0.004012028060124253,0.0,0.0,1001.0,0.05672738197367408,0.15147567552226077,0.30726081708815045,0.5402664714938044,0.7385526501002694,0,2517952081
beta_1.0_K_8,1.0,1.0,1.0,2,8,beta_k_heatmap,1000,8,grid,beta=1.0|K=8,8,1000,2000,False,completed,0,0,4.0,8.0,0.27925050000000007,0.094,1,1000,1.0,0.006311904761904762,5.132576576576577,9.0,0.11175328577911621,0.35931960069382435,0.3128700706129136,718.6392013876487,0.004012028060124253,0.0,0.0,1001.0,0.05726137440170163,0.14915269406769843,0.3128700706129136,0.5323143774813449,0.7434207823372853,1,1571190542
beta_1.0_K_8,1.0,1.0,1.0,2,8,beta_k_heatmap,1000,8,grid,beta=1.0|K=8,8,1000,2000,False,completed,0,0,4.0,8.0,0.27439900000000006,0.087,1,1000,1.0,0.006626190476190476,5.152692692692693,9.0,0.12437128486511237,0.35203655236709,0.3041792319058389,704.0731047341801,0.004012028060124253,0.0,0.0,1001.0,0.05369977846007253,0.13580172011797348,0.3041792319058389,0.5258255240133223,0.7423641231751712,2,442246507
beta_1.0_K_8,1.0,1.0,1.0,2,8,beta_k_heatmap,1000,8,grid,beta=1.0|K=8,8,1000,2000,False,completed,0,0,4.0,8.0,0.27592250000000007,0.093,1,1000,1.0,0.00675952380952381,5.151003003003003,9.0,0.12323383798903474,0.3476069359634165,0.2939782062657205,695.213871926833,0.004012028060124253,0.0,0.0,1001.0,0.05750736120223094,0.13742039253990868,0.2939782062657205,0.5173484632584653,0.7266454055010539,3,2117007724
beta_1.0_K_8,1.0,1.0,1.0,2,8,beta_k_heatmap,1000,8,grid,beta=1.0|K=8,8,1000,2000,False,completed,0,0,4.0,8.0,0.2759610000000001,0.085,1,1000,1.0,0.006416666666666667,5.147457457457458,9.0,0.125999600989927,0.3522329383922996,0.3075137165731381,704.4658767845991,0.004012028060124253,0.0,0.0,1001.0,0.05678348913856734,0.1414284322583535,0.3075137165731381,0.5201145135628686,0.7283033418928929,4,3537816561
beta_1.0_K_8,1.0,1.0,1.0,2,8,beta_k_heatmap,1000,8,grid,beta=1.0|K=8,8,1000,2000,False,completed,0,0,4.0,8.0,0.2742540000000002,0.087,1,1000,1.0,0.007185714285714286,5.157117117117117,9.0,0.13889515451779708,0.36469231789105233,0.31198122690335217,729.3846357821046,0.004012028060124253,0.0,0.0,1001.0,0.06278306128357199,0.1407316749238421,0.31198122690335217,0.5536725336735886,0.745260093734664,5,2447277224
beta_1.0_K_8,1.0,1.0,1.0,2,8,beta_k_heatmap,1000,8,grid,beta=1.0|K=8,8,1000,2000,False,completed,0,0,4.0,8.0,0.275077,0.086,1,1000,1.0,0.010064285714285715,5.166616616616617,9.0,0.1414108605605223,0.34875431004556956,0.29377157707696144,697.5086200911392,0.004012028060124253,0.0,0.0,1001.0,0.056547641657397826,0.13357607788757853,0.29377157707696144,0.523947518592183,0.7245064348509817,6,274303179
beta_1.0_K_8,1.0,1.0,1.0,2,8,beta_k_heatmap,1000,8,grid,beta=1.0|K=8,8,1000,2000,False,completed,0,0,4.0,8.0,0.2781150000000001,0.089,1,1000,1.0,0.0064571428571428575,5.140838838838839,9.0,0.11896678893436148,0.3568723201810964,0.31149591147554445,713.7446403621927,0.004012028060124253,0.0,0.0,1001.0,0.05562793541032092,0.14017511196904683,0.31149591147554445,0.5267027512672358,0.7454145256751411,7,3615480823
beta_1.0_K_16,1.0,1.0,1.0,2,16,beta_k_heatmap,1000,16,grid,beta=1.0|K=16,8,1000,2000,False,completed,0,0,4.0,16.0,0.3321255000000001,0.007,1,1000,1.0,0.00746512099012099,4.776488488488488,8.0,0.09481838137316206,0.35806067239140826,0.30389312537640384,716.1213447828165,0.012036084180372757,0.0,0.057,1001.0,0.06054241462210441,0.14772418081901997,0.30389312537640384,0.5355114625520929,0.7454826610979507,0,1642315337
beta_1.0_K_16,1.0,1.0,1.0,2,16,beta_k_heatmap,1000,16,grid,beta=1.0|K=16,8,1000,2000,False,completed,0,0,4.0,16.0,0.33645900000000006,0.005,1,1000,1.0,0.012041877566877567,4.76344944944945,8.0,0.05434741108002081,0.34028228498810315,0.2952866009401398,680.5645699762063,0.012036084180372757,0.0,0.068,1001.0,0.05128359183501308,0.13678667954263002,0.2952866009401398,0.5109921156133354,0.6902388250862121,1,290901544
beta_1.0_K_16,1.0,1.0,1.0,2,16,beta_k_heatmap,1000,16,grid,beta=1.0|K=16,8,1000,2000,False,completed,0,0,4.0,16.0,0.33401950000000014,0.006,1,1000,1.0,0.01181501554001554,4.789071071071071,8.0,0.0542699119461692,0.3524948816856301,0.30424876742669904,704.9897633712602,0.012036084180372757,0.0,0.063,1001.0,0.05274844075104275,0.14077097028233646,0.30424876742669904,0.5168760094723197,0.7245275880172671,2,2418656911
beta_1.0_K_16,1.0,1.0,1.0,2,16,beta_k_heatmap,1000,16,grid,beta=1.0|K=16,8,1000,2000,False,completed,0,0,4.0,16.0,0.3361565000000002,0.005,1,1000,1.0,0.011053721278721278,4.760304304304304,8.0,0.0632636606618741,0.3571035327159609,0.31750307403991024,714.2070654319218,0.012036084180372757,0.0,0.063,1001.0,0.06297402405401609,0.14091093303259458,0.31750307403991024,0.5245322172321321,0.737107579757269,3,2705191938
beta_1.0_K_16,1.0,1.0,1.0,2,16,beta_k_heatmap,1000,16,grid,beta=1.0|K=16,8,1000,2000,False,completed,0,0,4.0,16.0,0.33604500000000015,0.005,1,1000,1.0,0.01661376678876679,4.751813813813814,8.0,0.07895999548590538,0.35376744521308107,0.3154859478173486,707.5348904261622,0.012036084180372757,0.0,0.069,1001.0,0.053415738845459824,0.14481787149777745,0.3154859478173486,0.5212126059206712,0.719275359911377,4,259756771
beta_1.0_K_16,1.0,1.0,1.0,2,16,beta_k_heatmap,1000,16,grid,beta=1.0|K=16,8,1000,2000,False,completed,0,0,4.0,16.0,0.335172,0.005,1,1000,1.0,0.0113995115995116,4.779145145145145,8.0,0.05156875834445905,0.35270941088892466,0.3074105610991303,705.4188217778493,0.012036084180372757,0.0,0.062,1001.0,0.05720730293001624,0.14402935679909346,0.3074105610991303,0.5183730109385656,0.7215898151139586,5,1436248154
beta_1.0_K_16,1.0,1.0,1.0,2,16,beta_k_heatmap,1000,16,grid,beta=1.0|K=16,8,1000,2000,False,completed,0,0,4.0,16.0,0.3381020000000001,0.005,1,1000,1.0,0.008158139083139084,4.747799799799799,8.0,0.044905763561644094,0.3488717807244989,0.3094158658377887,697.7435614489979,0.012036084180372757,0.0,0.071,1001.0,0.054253720983605994,0.14074374768785006,0.3094158658377887,0.5149299618171366,0.7134887753528965,6,3865971230
beta_1.0_K_16,1.0,1.0,1.0,2,16,beta_k_heatmap,1000,16,grid,beta=1.0|K=16,8,1000,2000,False,completed,0,0,4.0,16.0,0.337183,0.001,1,1000,1.0,0.006554254079254079,4.7594594594594595,8.0,0.03310314111848667,0.34740896114581815,0.3033764584331774,694.8179222916363,0.012036084180372757,0.0,0.07,1001.0,0.054346637723906605,0.13727975887004107,0.3033764584331774,0.509833883535933,0.7310895808224369,7,2519970332
beta_1.0_K_32,1.0,1.0,1.0,2,32,beta_k_heatmap,1000,32,grid,beta=1.0|K=32,8,1000,2000,False,completed,0,0,4.0,27.0,0.3572565000000001,0.0,1,1000,1.0,0.014043157189724022,4.529485485485486,8.0,0.041131445877269995,0.34181722671851256,0.2908565280605995,683.6344534370251,0.02306916134571445,0.0,0.064,1001.0,0.04607378077734577,0.1269213468421743,0.2908565280605995,0.5218122437418824,0.7208960898636251,0,2509492366
beta_1.0_K_32,1.0,1.0,1.0,2,32,beta_k_heatmap,1000,32,grid,beta=1.0|K=32,8,1000,2000,False,completed,0,0,4.0,24.0,0.357526,0.0,1,1000,1.0,0.011841960271597504,4.539727727727728,8.0,0.00815159046610582,0.34918504254490607,0.30089960261019344,698.3700850898122,0.02006014030062126,0.0,0.069,1001.0,0.05044726975942902,0.13510551222114356,0.30089960261019344,0.5346636346347995,0.7216479767908842,1,4077096806
beta_1.0_K_32,1.0,1.0,1.0,2,32,beta_k_heatmap,1000,32,grid,beta=1.0|K=32,8,1000,2000,False,completed,0,0,4.0,27.0,0.3632485000000001,0.0,1,1000,1.0,0.016885036087312975,4.5107607607607605,8.0,0.007939888133541517,0.34710717332987706,0.2902773807020118,694.2143466597541,0.02306916134571445,0.0,0.07,1001.0,0.04896992092244441,0.12885293764927014,0.2902773807020118,0.5303936242831719,0.7398921881701855,2,2501904762
beta_1.0_K_32,1.0,1.0,1.0,2,32,beta_k_heatmap,1000,32,grid,beta=1.0|K=32,8,1000,2000,False,completed,0,0,4.0,29.0,0.35854700000000017,0.0,1,1000,1.0,0.00768049299632197,4.538766766766766,8.0,0.03813998554464003,0.34878357626371803,0.2987180279184255,697.5671525274361,0.025075175375776578,0.0,0.068,1001.0,0.05630384525466731,0.13820481201143545,0.2987180279184255,0.5079723439704684,0.7218520523857339,3,3571372275
beta_1.0_K_32,1.0,1.0,1.0,2,32,beta_k_heatmap,1000,32,grid,beta=1.0|K=32,8,1000,2000,False,completed,0,0,4.0,31.0,0.3583875000000001,0.0,1,1000,1.0,0.013730915440460316,4.493417417417417,8.0,0.012105386235975665,0.3646050177274255,0.3057817614741436,729.210035454851,0.027081189405838705,0.0,0.067,1001.0,0.05737976501991554,0.14363044544949857,0.3057817614741436,0.5495233959266212,0.7617677673929859,4,1122738742
beta_1.0_K_32,1.0,1.0,1.0,2,32,beta_k_heatmap,1000,32,grid,beta=1.0|K=32,8,1000,2000,False,completed,0,0,4.0,31.0,0.35958500000000004,0.0,1,1000,1.0,0.01753193491096717,4.545147147147147,8.0,0.03351305807022904,0.3381916205984805,0.2920602104344301,676.3832411969611,0.027081189405838705,0.0,0.064,1001.0,0.05465270924842259,0.13312935022109607,0.2920602104344301,0.5020599652315687,0.6937681977625376,5,2369416607
beta_1.0_K_32,1.0,1.0,1.0,2,32,beta_k_heatmap,1000,32,grid,beta=1.0|K=32,8,1000,2000,False,completed,0,0,4.0,30.0,0.36193850000000016,0.0,1,1000,1.0,0.014248502688841298,4.484002002002002,8.0,-0.02590213019994737,0.35526543612046757,0.3128213881297884,710.5308722409352,0.02607818239080764,0.0,0.065,1001.0,0.05466943964170201,0.1393909288554879,0.3128213881297884,0.5321626879365293,0.7248690002679189,6,2539377852
beta_1.0_K_32,1.0,1.0,1.0,2,32,beta_k_heatmap,1000,32,grid,beta=1.0|K=32,8,1000,2000,False,completed,0,0,4.0,32.0,0.3621105,0.001,1,1000,1.0,0.013281143271509805,4.466630630630631,8.0,-0.002028151876075551,0.3476306975100939,0.2999240835902858,695.2613950201878,0.02808419642086977,0.0,0.069,1001.0,0.06120324753123398,0.14432274194032998,0.2999240835902858,0.5197671443024048,0.6977455015493802,7,3769929195
beta_1.0_K_very_large,1.0,1.0,1.0,2,very_large,beta_k_heatmap,1000,very_large,grid,beta=1.0|K=very_large,8,1000,2000,False,completed,0,0,4.0,88.0,0.39497550000000015,0.0,1,1000,1.0,0.037608371915379225,3.9555595595595596,7.0,-0.09928213887205894,0.35139351140562536,0.3127203105419576,702.7870228112507,0.0842525892626093,0.0,0.051,1001.0,0.05646975856203191,0.1401155678295473,0.3127203105419576,0.5230368167579038,0.7084899915867323,0,2551743312
beta_1.0_K_very_large,1.0,1.0,1.0,2,very_large,beta_k_heatmap,1000,very_large,grid,beta=1.0|K=very_large,8,1000,2000,False,completed,0,0,4.0,70.0,0.3917290000000002,0.0,1,1000,1.0,0.023335778269400156,4.090930930930931,7.0,-0.10014494338490572,0.35313519167199775,0.31290829008804355,706.2703833439955,0.06619846299205016,0.0,0.059,1001.0,0.05757198407026272,0.13739289267968868,0.31290829008804355,0.5199440021860586,0.7254066472353125,1,3346782486
beta_1.0_K_very_large,1.0,1.0,1.0,2,very_large,beta_k_heatmap,1000,very_large,grid,beta=1.0|K=very_large,8,1000,2000,False,completed,0,0,4.0,71.0,0.388066,0.0,1,1000,1.0,0.034813133499604854,4.1352932932932935,7.0,-0.06533951176424406,0.34606838680546387,0.2900008121445682,692.1367736109278,0.06720147000708122,0.0,0.06,1001.0,0.05758460726737521,0.14528171839637477,0.2900008121445682,0.5207586352482139,0.7205201142666668,2,2727159082
beta_1.0_K_very_large,1.0,1.0,1.0,2,very_large,beta_k_heatmap,1000,very_large,grid,beta=1.0|K=very_large,8,1000,2000,False,completed,0,0,4.0,68.0,0.38363900000000006,0.0,1,1000,1.0,0.02754836084926177,4.18563963963964,8.0,-0.06535994604539237,0.3437317095575047,0.2992994734853161,687.4634191150094,0.06419244896198804,0.0,0.058,1001.0,0.055878136649517234,0.1366608559099325,0.2992994734853161,0.5126936176123479,0.703694580986294,3,1430313712
beta_1.0_K_very_large,1.0,1.0,1.0,2,very_large,beta_k_heatmap,1000,very_large,grid,beta=1.0|K=very_large,8,1000,2000,False,completed,0,0,4.0,85.0,0.3876895,0.0,1,1000,1.0,0.037711487945429986,4.065937937937938,7.0,-0.07800201967793848,0.342764018091804,0.2881299395493814,685.528036183608,0.08124356821751612,0.0,0.052,1001.0,0.05361071427076722,0.13388647244834045,0.2881299395493814,0.5128939454866002,0.7246096344391083,4,1346190994
beta_1.0_K_very_large,1.0,1.0,1.0,2,very_large,beta_k_heatmap,1000,very_large,grid,beta=1.0|K=very_large,8,1000,2000,False,completed,0,0,4.0,70.0,0.38886900000000013,0.0,1,1000,1.0,0.02653822434680254,4.086306306306306,8.0,-0.08839252539099866,0.35256037232875415,0.30641936784797785,705.1207446575083,0.06619846299205016,0.0,0.059,1001.0,0.05321063086909852,0.13574466388355585,0.30641936784797785,0.527873584834367,0.7343871740108503,5,2113963274
beta_1.0_K_very_large,1.0,1.0,1.0,2,very_large,beta_k_heatmap,1000,very_large,grid,beta=1.0|K=very_large,8,1000,2000,False,completed,0,0,4.0,78.0,0.39292550000000004,0.0,1,1000,1.0,0.034191597787812694,4.012064064064064,7.0,-0.09885059351938341,0.35116334124669335,0.2959185983097269,702.3266824933867,0.07422251911229867,0.0,0.05,1001.0,0.05950176597006419,0.1380878975702754,0.2959185983097269,0.525115935880996,0.7406402791361137,6,864914977
beta_1.0_K_very_large,1.0,1.0,1.0,2,very_large,beta_k_heatmap,1000,very_large,grid,beta=1.0|K=very_large,8,1000,2000,False,completed,0,0,4.0,60.0,0.38550450000000014,0.0,1,1000,1.0,0.013472889448062008,4.2048188188188185,8.0,-0.07908910499592879,0.3545499686722801,0.3017619805659735,709.0999373445602,0.05616839284173954,0.0,0.056,1001.0,0.05656848758821603,0.14633598644903892,0.3017619805659735,0.5248609687456485,0.7229869754524463,7,2804064125
beta_2.0_K_8,1.0,2.0,1.0,2,8,beta_k_heatmap,1000,8,grid,beta=2.0|K=8,8,1000,2000,False,completed,0,0,4.0,8.0,0.24940550000000017,0.027,1,1000,1.0,0.005464285714285714,5.254464464464465,9.0,0.16930773051344508,0.3554297354374317,0.29708413183958515,710.8594708748634,0.004012028060124253,0.0,0.0,1001.0,0.054774610616766646,0.13713915863392317,0.29708413183958515,0.5444886809359566,0.7398101721181746,0,2093102300
beta_2.0_K_8,1.0,2.0,1.0,2,8,beta_k_heatmap,1000,8,grid,beta=2.0|K=8,8,1000,2000,False,completed,0,0,4.0,8.0,0.24558800000000014,0.022,1,1000,1.0,0.005166666666666666,5.270476476476476,9.0,0.2147117296222665,0.3495892042390417,0.2928385469301492,699.1784084780834,0.004012028060124253,0.0,0.0,1001.0,0.052139222189030325,0.13250574109019203,0.2928385469301492,0.525635987001596,0.7267788298621914,1,2604684836
beta_2.0_K_8,1.0,2.0,1.0,2,8,beta_k_heatmap,1000,8,grid,beta=2.0|K=8,8,1000,2000,False,completed,0,0,4.0,8.0,0.2434025000000002,0.02,1,1000,1.0,0.006266666666666667,5.299865865865866,9.0,0.1781484640080525,0.3543671617842267,0.29397720870323896,708.7343235684534,0.004012028060124253,0.0,0.0,1001.0,0.059889839925882614,0.1427119038813821,0.29397720870323896,0.5264773599805981,0.7313129757234762,2,3921045783
beta_2.0_K_8,1.0,2.0,1.0,2,8,beta_k_heatmap,1000,8,grid,beta=2.0|K=8,8,1000,2000,False,completed,0,0,4.0,8.0,0.24348650000000016,0.018,1,1000,1.0,0.008007142857142857,5.287935935935936,9.0,0.19887001641208307,0.3540320527890061,0.29968896439574577,708.0641055780122,0.004012028060124253,0.0,0.0,1001.0,0.06276971367183588,0.14195779191651214,0.29968896439574577,0.5322392807700425,0.7202254421873342,3,3070954911
beta_2.0_K_8,1.0,2.0,1.0,2,8,beta_k_heatmap,1000,8,grid,beta=2.0|K=8,8,1000,2000,False,completed,0,0,4.0,8.0,0.2470420000000002,0.028,1,1000,1.0,0.008488095238095237,5.262526526526527,9.0,0.18568789484192685,0.34346923002935964,0.28699786658916604,686.9384600587193,0.004012028060124253,0.0,0.0,1001.0,0.05639300517627604,0.13479570685352393,0.28699786658916604,0.5148882851411443,0.7196882366440475,4,2313998581
beta_2.0_K_8,1.0,2.0,1.0,2,8,beta_k_heatmap,1000,8,grid,beta=2.0|K=8,8,1000,2000,False,completed,0,0,4.0,8.0,0.24702650000000004,0.031,1,1000,1.0,0.004028571428571428,5.255173173173173,9.0,0.21574261302902942,0.357113920519993,0.3071693158683638,714.2278410399861,0.004012028060124253,0.0,0.0,1001.0,0.05650075222822582,0.13900903674602133,0.3071693158683638,0.5325182663428811,0.7353088638579239,5,2970901575
beta_2.0_K_8,1.0,2.0,1.0,2,8,beta_k_heatmap,1000,8,grid,beta=2.0|K=8,8,1000,2000,False,completed,0,0,4.0,8.0,0.24838500000000008,0.023,1,1000,1.0,0.0077666666666666665,5.266994994994995,9.0,0.16029133365346074,0.34389170506398953,0.29395261791147087,687.7834101279791,0.004012028060124253,0.0,0.0,1001.0,0.04950067713666089,0.1307419935437531,0.29395261791147087,0.5118923657421853,0.7098438329710287,6,2623697466
beta_2.0_K_8,1.0,2.0,1.0,2,8,beta_k_heatmap,1000,8,grid,beta=2.0|K=8,8,1000,2000,False,completed,0,0,4.0,8.0,0.2422550000000001,0.018,1,1000,1.0,0.008883333333333333,5.289343343343344,9.0,0.1914502854954836,0.3415584412599077,0.2916520979441313,683.1168825198154,0.004012028060124253,0.0,0.0,1001.0,0.05602208099607732,0.13552131609523116,0.2916520979441313,0.5074050618480972,0.7060849986303462,7,3739758618
beta_2.0_K_16,1.0,2.0,1.0,2,16,beta_k_heatmap,1000,16,grid,beta=2.0|K=16,8,1000,2000,False,completed,0,0,4.0,14.0,0.3202165000000001,0.0,1,1000,1.0,0.008608513708513708,4.906186186186186,8.0,0.10994012838122223,0.34871015906946295,0.29241179732103023,697.420318138926,0.01003007015031063,0.0,0.048,1001.0,0.051139388180130356,0.137018267164217,0.29241179732103023,0.5319394429819769,0.7216037806232866,0,2514403432
beta_2.0_K_16,1.0,2.0,1.0,2,16,beta_k_heatmap,1000,16,grid,beta=2.0|K=16,8,1000,2000,False,completed,0,0,4.0,14.0,0.3107865000000001,0.0,1,1000,1.0,0.007126640026640026,4.9174134134134135,9.0,0.11217691243049019,0.33830897772009383,0.2847140546287571,676.6179554401876,0.01003007015031063,0.0,0.044,1001.0,0.05075814494596313,0.1300109013187992,0.2847140546287571,0.49542950451692885,0.7153012204356308,1,893462439
beta_2.0_K_16,1.0,2.0,1.0,2,16,beta_k_heatmap,1000,16,grid,beta=2.0|K=16,8,1000,2000,False,completed,0,0,4.0,14.0,0.3130615000000001,0.0,1,1000,1.0,0.009585569985569985,4.925025025025025,8.0,0.11226574926817431,0.33975525016327,0.29620390160742316,679.5105003265401,0.01003007015031063,0.0,0.048,1001.0,0.05591217502475892,0.13861605856301404,0.29620390160742316,0.49640984278366196,0.701429132904047,2,3340763367
beta_2.0_K_16,1.0,2.0,1.0,2,16,beta_k_heatmap,1000,16,grid,beta=2.0|K=16,8,1000,2000,False,completed,0,0,4.0,14.0,0.31440200000000007,0.0,1,1000,1.0,0.00457029082029082,4.916286286286287,8.0,0.11618130424747614,0.34738893154750633,0.29191518788565973,694.7778630950127,0.01003007015031063,0.0,0.044,1001.0,0.05551907623152925,0.13392269994012804,0.29191518788565973,0.5248696753735302,0.7346017770928646,3,987285866
beta_2.0_K_16,1.0,2.0,1.0,2,16,beta_k_heatmap,1000,16,grid,beta=2.0|K=16,8,1000,2000,False,completed,0,0,4.0,14.0,0.3119480000000001,0.0,1,1000,1.0,0.006776295926295926,4.92323923923924,8.0,0.12608244781324504,0.3467769166249535,0.3015580178066374,693.553833249907,0.01003007015031063,0.0,0.048,1001.0,0.05684994209669154,0.13913438931490799,0.3015580178066374,0.5122041946261114,0.7228481618170745,4,4128980521
beta_2.0_K_16,1.0,2.0,1.0,2,16,beta_k_heatmap,1000,16,grid,beta=2.0|K=16,8,1000,2000,False,completed,0,0,4.0,16.0,0.3142555,0.001,1,1000,1.0,0.006787043512043512,4.911847847847848,8.0,0.09476397728373448,0.34657224546498167,0.2911396731208894,693.1444909299634,0.012036084180372757,0.0,0.049,1001.0,0.052587748945758704,0.14010704039640876,0.2911396731208894,0.5212145257580971,0.7172197717425077,5,1104074183
beta_2.0_K_16,1.0,2.0,1.0,2,16,beta_k_heatmap,1000,16,grid,beta=2.0|K=16,8,1000,2000,False,completed,0,0,4.0,14.0,0.3110820000000001,0.0,1,1000,1.0,0.009828116328116329,4.923025025025025,8.0,0.11291535480177244,0.34969701727785685,0.2969238659639561,699.3940345557137,0.01003007015031063,0.0,0.045,1001.0,0.05649399194485726,0.13483952315666684,0.2969238659639561,0.5178439126488222,0.7287950961053309,6,4078774542
beta_2.0_K_16,1.0,2.0,1.0,2,16,beta_k_heatmap,1000,16,grid,beta=2.0|K=16,8,1000,2000,False,completed,0,0,4.0,14.0,0.31788700000000003,0.0,1,1000,1.0,0.009424220224220224,4.8867367367367365,9.0,0.09814445412770356,0.35776441592892066,0.2990814613114391,715.5288318578413,0.01003007015031063,0.0,0.046,1001.0,0.05323953993292272,0.13481672820522192,0.2990814613114391,0.5339366106256775,0.7478366197111095,7,2000838681
beta_2.0_K_32,1.0,2.0,1.0,2,32,beta_k_heatmap,1000,32,grid,beta=2.0|K=32,8,1000,2000,False,completed,0,0,4.0,24.0,0.3453670000000002,0.0,1,1000,1.0,0.015979645950809633,4.656456456456456,8.0,0.0787226815684044,0.36146254617149076,0.31862782688965163,722.9250923429815,0.02006014030062126,0.0,0.065,1001.0,0.057878998852718,0.14697881624783837,0.31862782688965163,0.5369060796463181,0.7242715416093687,0,3389244392
beta_2.0_K_32,1.0,2.0,1.0,2,32,beta_k_heatmap,1000,32,grid,beta=2.0|K=32,8,1000,2000,False,completed,0,0,4.0,25.0,0.34942550000000017,0.0,1,1000,1.0,0.013515080001212052,4.610434434434435,8.0,0.04991535398051756,0.3509288853251704,0.2960589347078003,701.8577706503409,0.021063147315652325,0.0,0.063,1001.0,0.0597395556532014,0.13913536082140038,0.2960589347078003,0.5248869108389029,0.7390462291906176,1,1241744572
beta_2.0_K_32,1.0,2.0,1.0,2,32,beta_k_heatmap,1000,32,grid,beta=2.0|K=32,8,1000,2000,False,completed,0,0,4.0,24.0,0.3451115,0.0,1,1000,1.0,0.010757170105884603,4.635995995995996,8.0,0.07454790599085837,0.3492870565269994,0.3034564407732938,698.5741130539988,0.02006014030062126,0.0,0.062,1001.0,0.049880058519690955,0.13403348744277982,0.3034564407732938,0.5234674333942817,0.7213396784501892,2,349573525
beta_2.0_K_32,1.0,2.0,1.0,2,32,beta_k_heatmap,1000,32,grid,beta=2.0|K=32,8,1000,2000,False,completed,0,0,4.0,23.0,0.3450780000000002,0.0,1,1000,1.0,0.011092214094142348,4.631333333333333,8.0,0.05470604978720062,0.35173174940380336,0.29416920535849733,703.4634988076067,0.019057133285590198,0.0,0.064,1001.0,0.052017273612579865,0.13606956744011256,0.29416920535849733,0.5331557533601802,0.7262822606053823,3,4284972867
beta_2.0_K_32,1.0,2.0,1.0,2,32,beta_k_heatmap,1000,32,grid,beta=2.0|K=32,8,1000,2000,False,completed,0,0,4.0,23.0,0.3467395000000002,0.0,1,1000,1.0,0.011280397174578759,4.6432932932932935,8.0,0.053521648421775,0.35552805313200175,0.30331273654170754,711.0561062640035,0.019057133285590198,0.0,0.064,1001.0,0.05424462538883689,0.14033837564899962,0.30331273654170754,0.5331709227831299,0.7338871043735551,4,1357060328
beta_2.0_K_32,1.0,2.0,1.0,2,32,beta_k_heatmap,1000,32,grid,beta=2.0|K=32,8,1000,2000,False,completed,0,0,4.0,24.0,0.3472630000000001,0.0,1,1000,1.0,0.00986976912088973,4.637793793793794,8.0,0.05660278662111388,0.3615918777079456,0.3162151866838017,723.1837554158911,0.02006014030062126,0.0,0.069,1001.0,0.062427339835313955,0.15265925136272185,0.3162151866838017,0.5241218070583211,0.7413254675481866,5,410555066
beta_2.0_K_32,1.0,2.0,1.0,2,32,beta_k_heatmap,1000,32,grid,beta=2.0|K=32,8,1000,2000,False,completed,0,0,4.0,23.0,0.3430740000000001,0.0,1,1000,1.0,0.008576754780419473,4.654632632632633,8.0,0.06095107032349282,0.3523876350121478,0.3078599991944031,704.7752700242957,0.019057133285590198,0.0,0.062,1001.0,0.05516211498672118,0.1323605997507173,0.3078599991944031,0.5232751409110736,0.7291292818178348,6,3687089836
beta_2.0_K_32,1.0,2.0,1.0,2,32,beta_k_heatmap,1000,32,grid,beta=2.0|K=32,8,1000,2000,False,completed,0,0,4.0,23.0,0.3423010000000002,0.0,1,1000,1.0,0.007403830417873358,4.670744744744745,8.0,0.060227557714624395,0.35067842708841623,0.30060647384717376,701.3568541768325,0.019057133285590198,0.0,0.064,1001.0,0.06107719424317517,0.13640318492482842,0.30060647384717376,0.5198364946542643,0.7231083553184365,7,1213402280
beta_2.0_K_very_large,1.0,2.0,1.0,2,very_large,beta_k_heatmap,1000,very_large,grid,beta=2.0|K=very_large,8,1000,2000,False,completed,0,0,4.0,92.0,0.3912765,0.0,1,1000,1.0,0.038605746466978695,4.045219219219219,7.0,-0.07155939643368621,0.3467352314028321,0.29616311441764986,693.4704628056642,0.08826461732273355,0.0,0.061,1001.0,0.05684829844742417,0.1293673750708339,0.29616311441764986,0.5213304114282086,0.7335189648298496,0,3436947723
beta_2.0_K_very_large,1.0,2.0,1.0,2,very_large,beta_k_heatmap,1000,very_large,grid,beta=2.0|K=very_large,8,1000,2000,False,completed,0,0,4.0,69.0,0.3883190000000001,0.0,1,1000,1.0,0.02043353039030114,4.0748408408408405,8.0,-0.09204015195517581,0.35418631812024537,0.2992023752409723,708.3726362404907,0.0651954559770191,0.0,0.051,1001.0,0.0641439308907045,0.13841087819359316,0.2992023752409723,0.5321375118234595,0.7361677264729519,1,2572042014
beta_2.0_K_very_large,1.0,2.0,1.0,2,very_large,beta_k_heatmap,1000,very_large,grid,beta=2.0|K=very_large,8,1000,2000,False,completed,0,0,4.0,100.0,0.38681200000000016,0.0,1,1000,1.0,0.0372780533798109,3.999087087087087,7.0,-0.07139435786110654,0.34232535383706963,0.29539869511215644,684.6507076741393,0.09628867344298206,0.0,0.059,1001.0,0.05578474620494665,0.13800414700612249,0.29539869511215644,0.510486117171642,0.7010398195035551,2,1078174210
beta_2.0_K_very_large,1.0,2.0,1.0,2,very_large,beta_k_heatmap,1000,very_large,grid,beta=2.0|K=very_large,8,1000,2000,False,completed,0,0,4.0,108.0,0.38181450000000017,0.0,1,1000,1.0,0.04044609361004411,4.091131131131131,8.0,-0.051407212485308676,0.35817310783263784,0.3042941378433411,716.3462156652756,0.10431272956323057,0.0,0.056,1001.0,0.05955400233058446,0.13837441040606313,0.3042941378433411,0.5426963341410699,0.7333996601493349,3,300310136
beta_2.0_K_very_large,1.0,2.0,1.0,2,very_large,beta_k_heatmap,1000,very_large,grid,beta=2.0|K=very_large,8,1000,2000,False,completed,0,0,4.0,76.0,0.3869680000000002,0.0,1,1000,1.0,0.03030717543470938,4.034354354354354,7.0,-0.07305063012448439,0.35316487991229756,0.3022649222905373,706.3297598245952,0.07221650508223655,0.0,0.053,1001.0,0.05928962743048575,0.1423353561084314,0.3022649222905373,0.5245318340313266,0.7258583483973037,4,641555411
beta_2.0_K_very_large,1.0,2.0,1.0,2,very_large,beta_k_heatmap,1000,very_large,grid,beta=2.0|K=very_large,8,1000,2000,False,completed,0,0,4.0,81.0,0.38873350000000007,0.0,1,1000,1.0,0.023876110351769942,4.0542862862862865,7.0,-0.08287575826227453,0.34828268349731356,0.3090841144394755,696.5653669946271,0.07723154015739186,0.0,0.054,1001.0,0.05809601545527153,0.14279808251329557,0.3090841144394755,0.5003654776991652,0.7091946136315729,5,2321260143
beta_2.0_K_very_large,1.0,2.0,1.0,2,very_large,beta_k_heatmap,1000,very_large,grid,beta=2.0|K=very_large,8,1000,2000,False,completed,0,0,4.0,95.0,0.38254900000000003,0.0,1,1000,1.0,0.03328294318838888,4.120734734734735,8.0,-0.05165618067318471,0.34785307747573746,0.2961384573369069,695.7061549514749,0.09127363836782675,0.0,0.059,1001.0,0.0658954630941136,0.15141416216654707,0.2961384573369069,0.508277141142971,0.7135997963282701,6,3738228631
beta_2.0_K_very_large,1.0,2.0,1.0,2,very_large,beta_k_heatmap,1000,very_large,grid,beta=2.0|K=very_large,8,1000,2000,False,completed,0,0,4.0,76.0,0.38916300000000015,0.0,1,1000,1.0,0.029526499230836636,4.080718718718718,7.0,-0.07482018363866705,0.3451154070538272,0.299448334255741,690.2308141076544,0.07221650508223655,0.0,0.062,1001.0,0.05506086586423986,0.14974299857206466,0.299448334255741,0.5015417654445268,0.7091306410872371,7,2761241288
