scenario_name,alpha,beta,phi,kappa,K,suite,final_nodes,K_label,varied_parameter,varied_value,replications,final_node_count,final_edge_count,early_terminated,termination_reason,truncation_events,total_missing_links,mean_degree,max_degree,degree_gini,share_at_capacity,connected_components,largest_component_size,largest_component_share,average_clustering,average_shortest_path_lcc,diameter_lcc,degree_assortativity,mean_edge_length,median_edge_length,total_network_length,degree_centralization,fraction_degree_1,fraction_degree_ge_threshold,cyclomatic_number,edge_length_p10,edge_length_p25,edge_length_p50,edge_length_p75,edge_length_p90,replication,seed
ba_benchmark,1.0,0.0,0.0,2,very_large,headline,200,very_large,,,30,200,400,False,completed,0,0,4.0,38.0,0.3732000000000002,0.0,1,200,1.0,0.04671967156971868,3.34321608040201,6.0,-0.07184621837141494,0.5118010634010093,0.4931151526639898,204.7204253604037,0.17258007207755952,0.0,0.05,201.0,0.14354762389340095,0.3012710746512025,0.4931151526639898,0.7151981360828769,0.8605422217776993,0,566322974
ba_benchmark,1.0,0.0,0.0,2,very_large,headline,200,very_large,,,30,200,400,False,completed,0,0,4.0,37.0,0.39488750000000006,0.0,1,200,1.0,0.12887294652929326,3.2917085427135677,6.0,-0.15863005143224643,0.5174353192485944,0.5031698730562753,206.97412769943776,0.16750418760469013,0.0,0.07,201.0,0.21124273999256765,0.3125541154618175,0.5031698730562753,0.6748017407909028,0.8700509013754956,1,2942576711
ba_benchmark,1.0,0.0,0.0,2,very_large,headline,200,very_large,,,30,200,400,False,completed,0,0,4.0,47.0,0.3937375000000001,0.0,1,200,1.0,0.13745429412790644,3.1956281407035174,6.0,-0.16985653718820007,0.5301741294652653,0.5213720244447437,212.06965178610614,0.2182630323333841,0.0,0.045,201.0,0.19221054057285447,0.33177824767758757,0.5213720244447437,0.7267659316886705,0.8632180938304289,2,2742117968
ba_benchmark,1.0,0.0,0.0,2,very_large,headline,200,very_large,,,30,200,400,False,completed,0,0,4.0,33.0,0.3894500000000001,0.0,1,200,1.0,0.07850239021181497,3.257989949748744,7.0,-0.13756662637926384,0.503302899456723,0.4933040786956644,201.3211597826892,0.14720064971321253,0.0,0.055,201.0,0.183077384418958,0.29574374940960924,0.4933040786956644,0.697668249527526,0.8431417677176911,3,3221469392
ba_benchmark,1.0,0.0,0.0,2,very_large,headline,200,very_large,,,30,200,400,False,completed,0,0,4.0,39.0,0.3862000000000001,0.0,1,200,1.0,0.09741749092790618,3.304673366834171,6.0,-0.11845981649045136,0.4952926032596494,0.4696147197751026,198.11704130385976,0.1776559565504289,0.0,0.065,201.0,0.17728759244489042,0.28904699097575226,0.4696147197751026,0.6710909633656722,0.8539971936195444,4,3725569160
ba_benchmark,1.0,0.0,0.0,2,very_large,headline,200,very_large,,,30,200,400,False,completed,0,0,4.0,42.0,0.397,0.0,1,200,1.0,0.12742915131153257,3.2198994974874373,6.0,-0.17482225027884934,0.49280844899038273,0.47675288843432584,197.1233795961531,0.1928836099690371,0.0,0.065,201.0,0.17865213013158773,0.3269316492483427,0.47675288843432584,0.6609239549505037,0.8140933630915528,5,2673789677
ba_benchmark,1.0,0.0,0.0,2,very_large,headline,200,very_large,,,30,200,400,False,completed,0,0,4.0,36.0,0.3962375,0.0,1,200,1.0,0.10282596389118127,3.27,6.0,-0.12298601042852203,0.490549551215761,0.4805954554497286,196.2198204863044,0.16242830313182072,0.0,0.075,201.0,0.15989184321192176,0.3038911217791437,0.4805954554497286,0.6576563570821885,0.8290754284481194,6,2990963024
ba_benchmark,1.0,0.0,0.0,2,very_large,headline,200,very_large,,,30,200,400,False,completed,0,0,4.0,38.0,0.39095000000000013,0.0,1,200,1.0,0.14180983747702014,3.196030150753769,6.0,-0.16146103272059356,0.5284927220705624,0.5161462362394825,211.39708882822498,0.17258007207755952,0.0,0.06,201.0,0.18819012873794178,0.33325125312752624,0.5161462362394825,0.7199444151119433,0.871343063382818,7,1953223064
ba_benchmark,1.0,0.0,0.0,2,very_large,headline,200,very_large,,,30,200,400,False,completed,0,0,4.0,33.0,0.37760000000000016,0.0,1,200,1.0,0.08239869358381668,3.391859296482412,6.0,-0.10731579734910658,0.5352971534759545,0.5320729176307284,214.11886139038182,0.14720064971321253,0.0,0.055,201.0,0.1978094006328299,0.33382940199722455,0.5320729176307284,0.7298372016926409,0.8841777094521186,8,1187507372
ba_benchmark,1.0,0.0,0.0,2,very_large,headline,200,very_large,,,30,200,400,False,completed,0,0,4.0,40.0,0.38561250000000014,0.0,1,200,1.0,0.123286543333762,3.2990452261306533,6.0,-0.1527369284548525,0.5481587679325747,0.5398254992875315,219.26350717302986,0.1827318410232983,0.0,0.06,201.0,0.2229337557691901,0.36730233748490015,0.5398254992875315,0.7176131659616788,0.8876301657940001,9,171899754
ba_benchmark,1.0,0.0,0.0,2,very_large,headline,200,very_large,,,30,200,400,False,completed,0,0,4.0,29.0,0.3735875000000002,0.0,1,200,1.0,0.05594676799129573,3.414070351758794,6.0,-0.10957459113894129,0.5103468023519979,0.5235292542580363,204.13872094079917,0.12689711182173494,0.0,0.055,201.0,0.16967835637688003,0.32625235014196174,0.5235292542580363,0.6831909979767872,0.8317742162679327,10,3451335701
ba_benchmark,1.0,0.0,0.0,2,very_large,headline,200,very_large,,,30,200,400,False,completed,0,0,4.0,29.0,0.3763875000000001,0.0,1,200,1.0,0.04941161233402613,3.397537688442211,6.0,-0.10929139161888526,0.5161588917122152,0.5066624997755771,206.46355668488607,0.12689711182173494,0.0,0.075,201.0,0.17941931359588606,0.3047046562508021,0.5066624997755771,0.7067930581226104,0.8637710604916224,11,740402252
ba_benchmark,1.0,0.0,0.0,2,very_large,headline,200,very_large,,,30,200,400,False,completed,0,0,4.0,31.0,0.38355000000000006,0.0,1,200,1.0,0.08671472428790271,3.3831658291457285,6.0,-0.11376056117867397,0.5146454986482798,0.4995986110046453,205.85819945931192,0.13704888076747374,0.0,0.06,201.0,0.179215035873661,0.323900133858118,0.4995986110046453,0.6899317237804086,0.8424467248612074,12,2850745307
ba_benchmark,1.0,0.0,0.0,2,very_large,headline,200,very_large,,,30,200,400,False,completed,0,0,4.0,33.0,0.39403750000000004,0.0,1,200,1.0,0.1432011681929598,3.307638190954774,6.0,-0.12388792605430414,0.5491242752123011,0.5611363510635727,219.64971008492046,0.14720064971321253,0.0,0.07,201.0,0.18410571278824014,0.34549407277128197,0.5611363510635727,0.7481384073973705,0.8856041796198957,13,4220471448
ba_benchmark,1.0,0.0,0.0,2,very_large,headline,200,very_large,,,30,200,400,False,completed,0,0,4.0,37.0,0.39418750000000014,0.0,1,200,1.0,0.09202713841493772,3.2578391959798996,6.0,-0.1478370958924658,0.5215171650614054,0.5216215249661553,208.60686602456218,0.16750418760469013,0.0,0.07,201.0,0.19892197304775514,0.31701067015044704,0.5216215249661553,0.6973578545748987,0.8582094864064078,14,4210462693
ba_benchmark,1.0,0.0,0.0,2,very_large,headline,200,very_large,,,30,200,400,False,completed,0,0,4.0,40.0,0.3947250000000002,0.0,1,200,1.0,0.09518179296415713,3.23678391959799,6.0,-0.172209444176589,0.5160516044548991,0.5002357757451604,206.42064178195963,0.1827318410232983,0.0,0.065,201.0,0.20413187957986853,0.33484244224377624,0.5002357757451604,0.6795059821077932,0.8616558892222262,15,1830265197
ba_benchmark,1.0,0.0,0.0,2,very_large,headline,200,very_large,,,30,200,400,False,completed,0,0,4.0,30.0,0.3869625000000001,0.0,1,200,1.0,0.10661547872372357,3.360452261306533,6.0,-0.16009612571753,0.5167771649761722,0.49651465017870805,206.7108659904689,0.13197299629460432,0.0,0.06,201.0,0.18084644102331526,0.31836750760264604,0.49651465017870805,0.700409822936058,0.8863855655636131,16,61875056
ba_benchmark,1.0,0.0,0.0,2,very_large,headline,200,very_large,,,30,200,400,False,completed,0,0,4.0,40.0,0.37631250000000005,0.0,1,200,1.0,0.07458034062301797,3.3752261306532665,6.0,-0.12127875252050917,0.48792743418715323,0.48006986006218244,195.1709736748613,0.1827318410232983,0.0,0.07,201.0,0.1741601793469139,0.3014243717725892,0.48006986006218244,0.6529853167339363,0.8138738615094805,17,51328683
ba_benchmark,1.0,0.0,0.0,2,very_large,headline,200,very_large,,,30,200,400,False,completed,0,0,4.0,34.0,0.3847625000000001,0.0,1,200,1.0,0.1039387775809838,3.3474371859296483,6.0,-0.12784565263903214,0.5271439269021018,0.518461476328894,210.8575707608407,0.15227653418608192,0.0,0.07,201.0,0.1949148399010502,0.3362114867781415,0.518461476328894,0.7093404457584164,0.8673855997036529,18,3502027250
ba_benchmark,1.0,0.0,0.0,2,very_large,headline,200,very_large,,,30,200,400,False,completed,0,0,4.0,33.0,0.3935375000000001,0.0,1,200,1.0,0.12034801832098743,3.272613065326633,6.0,-0.14002902963146527,0.5291746783585087,0.5276994995598423,211.66987134340349,0.14720064971321253,0.0,0.07,201.0,0.20534575992254528,0.3169758781209478,0.5276994995598423,0.7137351526338402,0.8839730087135338,19,3286199766
ba_benchmark,1.0,0.0,0.0,2,very_large,headline,200,very_large,,,30,200,400,False,completed,0,0,4.0,35.0,0.3969250000000002,0.0,1,200,1.0,0.11005056418867762,3.267035175879397,6.0,-0.14186638220581813,0.5390096425160744,0.5458255831861591,215.60385700642976,0.15735241865895133,0.0,0.075,201.0,0.21607653616493053,0.35433503286134677,0.5458255831861591,0.7245378904459042,0.8586619276823045,20,4228088225
ba_benchmark,1.0,0.0,0.0,2,very_large,headline,200,very_large,,,30,200,400,False,completed,0,0,4.0,32.0,0.3880125000000001,0.0,1,200,1.0,0.07859281489551372,3.3645226130653265,6.0,-0.16989464524693887,0.5329256317180896,0.5051912242534584,213.17025268723586,0.14212476524034312,0.0,0.065,201.0,0.19626413119107655,0.3436611430902008,0.5051912242534584,0.7241840831312937,0.8751452759415271,21,3754443313
ba_benchmark,1.0,0.0,0.0,2,very_large,headline,200,very_large,,,30,200,400,False,completed,0,0,4.0,43.0,0.39513750000000014,0.0,1,200,1.0,0.10705736166779375,3.298492462311558,6.0,-0.1772357458862603,0.5242564597085927,0.526532083585376,209.70258388343706,0.1979594944419065,0.0,0.08,201.0,0.20578383774989323,0.3302774147289447,0.526532083585376,0.7064897226326268,0.8481144317098871,22,918831933
ba_benchmark,1.0,0.0,0.0,2,very_large,headline,200,very_large,,,30,200,400,False,completed,0,0,4.0,34.0,0.36640000000000006,0.0,1,200,1.0,0.06937210727939112,3.384070351758794,7.0,-0.12105560169709209,0.5111229258452624,0.5069234131228578,204.44917033810498,0.15227653418608192,0.0,0.05,201.0,0.19705893292152465,0.3381477906050372,0.5069234131228578,0.6783690809866,0.8251054332051212,23,133909352
ba_benchmark,1.0,0.0,0.0,2,very_large,headline,200,very_large,,,30,200,400,False,completed,0,0,4.0,38.0,0.4101250000000001,0.0,1,200,1.0,0.1323382534390894,3.1981407035175877,6.0,-0.2250411321283577,0.48915329504150845,0.4821331105564637,195.6613180166034,0.17258007207755952,0.0,0.065,201.0,0.15735328771737456,0.29168918530546306,0.4821331105564637,0.679198856004349,0.8274260799436576,24,1458947225
ba_benchmark,1.0,0.0,0.0,2,very_large,headline,200,very_large,,,30,200,400,False,completed,0,0,4.0,29.0,0.39056250000000015,0.0,1,200,1.0,0.11723124045805801,3.268542713567839,6.0,-0.1847703420838947,0.4682771709792653,0.4615429675909123,187.31086839170612,0.12689711182173494,0.0,0.045,201.0,0.1743824467909578,0.2812992728615242,0.4615429675909123,0.6219693862783662,0.7676814939709095,25,2558566518
ba_benchmark,1.0,0.0,0.0,2,very_large,headline,200,very_large,,,30,200,400,False,completed,0,0,4.0,51.0,0.3951,0.0,1,200,1.0,0.10833797201960481,3.2236683417085428,6.0,-0.14936004767715774,0.531688369326711,0.5198353343970675,212.67534773068442,0.2385665702248617,0.0,0.05,201.0,0.21419246054437163,0.35583581216897625,0.5198353343970675,0.7101282112092153,0.8760858021693224,26,3191107802
ba_benchmark,1.0,0.0,0.0,2,very_large,headline,200,very_large,,,30,200,400,False,completed,0,0,4.0,42.0,0.38632500000000003,0.0,1,200,1.0,0.09655195919386812,3.261809045226131,6.0,-0.14111512627178668,0.4963406077846904,0.47747153046029683,198.53624311387617,0.1928836099690371,0.0,0.06,201.0,0.1943850654902149,0.30000601471471744,0.47747153046029683,0.6806633730009707,0.8217041846363463,27,3870286013
ba_benchmark,1.0,0.0,0.0,2,very_large,headline,200,very_large,,,30,200,400,False,completed,0,0,4.0,42.0,0.3901375,0.0,1,200,1.0,0.10511173511269789,3.230502512562814,6.0,-0.15588602179014827,0.4921666977762956,0.47917402272721255,196.86667911051825,0.1928836099690371,0.0,0.055,201.0,0.19200800163082907,0.30598107228308746,0.47917402272721255,0.6568173044143729,0.8209779153078218,28,3685112697
ba_benchmark,1.0,0.0,0.0,2,very_large,headline,200,very_large,,,30,200,400,False,completed,0,0,4.0,45.0,0.4037625,0.0,1,200,1.0,0.12263165393842264,3.2028140703517587,6.0,-0.18954834245455127,0.5315723008130773,0.528498561133671,212.62892032523092,0.2081112633876453,0.0,0.045,201.0,0.2327184350412999,0.3554097140689316,0.528498561133671,0.6973896584833934,0.8545828643061798,29,380840217
capacity_only,1.0,1.0,0.0,2,16,headline,200,16,,,30,200,400,False,completed,0,0,4.0,16.0,0.3308000000000002,0.005,1,200,1.0,0.022766483516483516,3.722462311557789,7.0,0.04335887328933909,0.5055529738785016,0.4903804392006005,202.22118955140064,0.06091061367443277,0.0,0.05,201.0,0.18963755825443337,0.3201837979559161,0.4903804392006005,0.6799440868668933,0.8390752253833352,0,2450196853
capacity_only,1.0,1.0,0.0,2,16,headline,200,16,,,30,200,400,False,completed,0,0,4.0,15.0,0.32738750000000016,0.0,1,200,1.0,0.015157509157509156,3.7409547738693467,7.0,0.03779207218776473,0.5294594769321556,0.5335257902957726,211.78379077286223,0.05583472920156337,0.0,0.065,201.0,0.20598040261165942,0.34584455715792506,0.5335257902957726,0.6962526304030177,0.8520102653063548,1,2453142974
capacity_only,1.0,1.0,0.0,2,16,headline,200,16,,,30,200,400,False,completed,0,0,4.0,16.0,0.3423250000000002,0.005,1,200,1.0,0.039975663225663226,3.686884422110553,7.0,0.08969151526151375,0.5440287031760537,0.549465867843825,217.61148127042145,0.06091061367443277,0.0,0.07,201.0,0.22438554370075112,0.33162174639363606,0.549465867843825,0.7295146541456364,0.8859900764771867,2,3345298856
capacity_only,1.0,1.0,0.0,2,16,headline,200,16,,,30,200,400,False,completed,0,0,4.0,15.0,0.33830000000000005,0.0,1,200,1.0,0.025929931179931177,3.6772361809045226,6.0,0.03740374037403764,0.5379604197757292,0.5202565367445412,215.18416791029165,0.05583472920156337,0.0,0.065,201.0,0.2256324554593306,0.34219615990417424,0.5202565367445412,0.7297513739363211,0.8887967541884243,3,2004613820
capacity_only,1.0,1.0,0.0,2,16,headline,200,16,,,30,200,400,False,completed,0,0,4.0,16.0,0.33572500000000005,0.005,1,200,1.0,0.022606032856032857,3.7214070351758792,7.0,0.04158084043565017,0.5245520387279322,0.5171769313850728,209.82081549117288,0.06091061367443277,0.0,0.08,201.0,0.1964238361995549,0.33072593320968213,0.5171769313850728,0.701107453984785,0.8605251261248905,4,2538844907
capacity_only,1.0,1.0,0.0,2,16,headline,200,16,,,30,200,400,False,completed,0,0,4.0,15.0,0.3365250000000002,0.0,1,200,1.0,0.03137495837495838,3.71356783919598,7.0,0.06154321273973283,0.5404452998112906,0.5092417087805847,216.17811992451627,0.05583472920156337,0.0,0.065,201.0,0.20731105711935488,0.3192314080180709,0.5092417087805847,0.7640374146892677,0.8970862410747135,5,3473493968
capacity_only,1.0,1.0,0.0,2,16,headline,200,16,,,30,200,400,False,completed,0,0,4.0,13.0,0.33882500000000015,0.0,1,200,1.0,0.023302392052392054,3.725778894472362,7.0,0.02206831254904286,0.5065598072675037,0.5032074618938084,202.62392290700149,0.04568296025582458,0.0,0.075,201.0,0.18507376853703894,0.3081139233106483,0.5032074618938084,0.6948002657013321,0.857281129837421,6,1131864980
capacity_only,1.0,1.0,0.0,2,16,headline,200,16,,,30,200,400,False,completed,0,0,4.0,15.0,0.3312875000000002,0.0,1,200,1.0,0.03472927072927073,3.7148743718592967,7.0,0.028846153846154046,0.5199681801462013,0.5006277548569238,207.9872720584805,0.05583472920156337,0.0,0.065,201.0,0.19675411556177796,0.3287994947899365,0.5006277548569238,0.7113261317917097,0.8665694981988428,7,1742941336
capacity_only,1.0,1.0,0.0,2,16,headline,200,16,,,30,200,400,False,completed,0,0,4.0,16.0,0.3364625000000001,0.01,1,200,1.0,0.03683473470973471,3.6976381909547738,7.0,0.08159090763812141,0.5440614993516215,0.5377499939737518,217.6245997406486,0.06091061367443277,0.0,0.08,201.0,0.2013452316104665,0.3338978220951821,0.5377499939737518,0.7326990646539064,0.8988446367038951,8,3760025024
capacity_only,1.0,1.0,0.0,2,16,headline,200,16,,,30,200,400,False,completed,0,0,4.0,15.0,0.3327500000000001,0.0,1,200,1.0,0.013653235653235653,3.708442211055276,7.0,0.03399322380160009,0.5267930557872903,0.5013833858530774,210.7172223149161,0.05583472920156337,0.0,0.065,201.0,0.19229389806134964,0.3340153607895736,0.5013833858530774,0.707073740861567,0.8843264124640454,9,1474351725
capacity_only,1.0,1.0,0.0,2,16,headline,200,16,,,30,200,400,False,completed,0,0,4.0,15.0,0.3385625000000001,0.0,1,200,1.0,0.02087676212676213,3.674974874371859,6.0,0.06567896878641748,0.4964501300865778,0.4777031836311187,198.5800520346311,0.05583472920156337,0.0,0.07,201.0,0.15495565038745854,0.3103290163976445,0.4777031836311187,0.665092637777383,0.8259359397941973,10,1266488798
capacity_only,1.0,1.0,0.0,2,16,headline,200,16,,,30,200,400,False,completed,0,0,4.0,14.0,0.3353625,0.0,1,200,1.0,0.012075868575868575,3.7448743718592965,7.0,0.020978500743139786,0.524877580956362,0.517316892144023,209.95103238254484,0.05075884472869398,0.0,0.065,201.0,0.1885895076976954,0.3284346383870887,0.517316892144023,0.7007714162025224,0.8659748239480579,11,2309582617
capacity_only,1.0,1.0,0.0,2,16,headline,200,16,,,30,200,400,False,completed,0,0,4.0,16.0,0.3288125000000002,0.005,1,200,1.0,0.01823366910866911,3.7010552763819096,7.0,0.04561196060387883,0.5184983014967816,0.5084650287557877,207.39932059871262,0.06091061367443277,0.0,0.08,201.0,0.176356033768129,0.3218720047502991,0.5084650287557877,0.6950905104492983,0.8888407381717426,12,4167395461
capacity_only,1.0,1.0,0.0,2,16,headline,200,16,,,30,200,400,False,completed,0,0,4.0,16.0,0.3393875000000002,0.005,1,200,1.0,0.03130830280830281,3.73321608040201,7.0,0.03143511912483187,0.521050593798396,0.5059714965184843,208.4202375193584,0.06091061367443277,0.0,0.07,201.0,0.17760468425437761,0.3128540711879505,0.5059714965184843,0.7266075728229135,0.8803335369614692,13,4192520461
capacity_only,1.0,1.0,0.0,2,16,headline,200,16,,,30,200,400,False,completed,0,0,4.0,16.0,0.332125,0.01,1,200,1.0,0.05046249583749583,3.771959798994975,7.0,0.11190805346145775,0.5079557088429678,0.49112160686350637,203.18228353718715,0.06091061367443277,0.0,0.05,201.0,0.18594630331297035,0.31571976729132,0.49112160686350637,0.6808315916172848,0.8385370027409454,14,4045050300
capacity_only,1.0,1.0,0.0,2,16,headline,200,16,,,30,200,400,False,completed,0,0,4.0,15.0,0.3270250000000001,0.0,1,200,1.0,0.01826026751026751,3.725527638190955,7.0,0.05588205319835524,0.5508438023646886,0.5359015293445688,220.33752094587544,0.05583472920156337,0.0,0.055,201.0,0.20901528228082525,0.3636013005365007,0.5359015293445688,0.7377613623983734,0.8974217877650439,15,3406204207
capacity_only,1.0,1.0,0.0,2,16,headline,200,16,,,30,200,400,False,completed,0,0,4.0,16.0,0.3332250000000001,0.005,1,200,1.0,0.035710553335553334,3.7493467336683417,7.0,0.07183817408075738,0.5181643572567939,0.5118866780299844,207.26574290271753,0.06091061367443277,0.0,0.055,201.0,0.20629220798338366,0.3099082220684079,0.5118866780299844,0.7072274022276528,0.8613984719750054,16,884935438
capacity_only,1.0,1.0,0.0,2,16,headline,200,16,,,30,200,400,False,completed,0,0,4.0,16.0,0.3367,0.005,1,200,1.0,0.05910873848373848,3.770603015075377,7.0,0.07040943541843897,0.5121725791313907,0.5296619098328169,204.86903165255626,0.06091061367443277,0.0,0.06,201.0,0.1808982975985018,0.33293613840454156,0.5296619098328169,0.6796567998109184,0.8361615757525706,17,242851178
capacity_only,1.0,1.0,0.0,2,16,headline,200,16,,,30,200,400,False,completed,0,0,4.0,15.0,0.33962500000000007,0.0,1,200,1.0,0.039547563547563544,3.7287939698492463,7.0,0.04395448347365483,0.491948837125437,0.47427423719023243,196.7795348501748,0.05583472920156337,0.0,0.06,201.0,0.17909072553716618,0.31653199414846817,0.47427423719023243,0.6567822983720019,0.8239853063347974,18,3795222434
capacity_only,1.0,1.0,0.0,2,16,headline,200,16,,,30,200,400,False,completed,0,0,4.0,15.0,0.32667500000000005,0.0,1,200,1.0,0.025451465201465198,3.742562814070352,7.0,0.0834111754941565,0.5169339975360058,0.4999996157337171,206.7735990144023,0.05583472920156337,0.0,0.06,201.0,0.20045151675624218,0.3313198562695173,0.4999996157337171,0.6905574326639967,0.8498115152379105,19,947927581
capacity_only,1.0,1.0,0.0,2,16,headline,200,16,,,30,200,400,False,completed,0,0,4.0,16.0,0.3261750000000001,0.005,1,200,1.0,0.02562817737817738,3.760251256281407,7.0,0.10360300910650609,0.4945186546405271,0.4921815912446335,197.80746185621084,0.06091061367443277,0.0,0.05,201.0,0.18485932450744388,0.32325307567232997,0.4921815912446335,0.6593528864457843,0.8091450689641584,20,1549782525
capacity_only,1.0,1.0,0.0,2,16,headline,200,16,,,30,200,400,False,completed,0,0,4.0,14.0,0.3313750000000002,0.0,1,200,1.0,0.032801032301032304,3.7427638190954773,7.0,0.021197356921473152,0.516732240459797,0.49911124991734557,206.69289618391883,0.05075884472869398,0.0,0.06,201.0,0.19328505400441282,0.3321181340072464,0.49911124991734557,0.6898683091752889,0.8643662729796603,21,305803415
capacity_only,1.0,1.0,0.0,2,16,headline,200,16,,,30,200,400,False,completed,0,0,4.0,16.0,0.33492500000000014,0.005,1,200,1.0,0.02194662282162282,3.722462311557789,7.0,0.08167206339153434,0.5192814026557784,0.5014120712703816,207.71256106231135,0.06091061367443277,0.0,0.07,201.0,0.2011269549708449,0.33648971858332,0.5014120712703816,0.6970499257635319,0.8585014487952718,22,3571630114
capacity_only,1.0,1.0,0.0,2,16,headline,200,16,,,30,200,400,False,completed,0,0,4.0,16.0,0.3388500000000001,0.005,1,200,1.0,0.03666973304473305,3.7395979899497487,7.0,0.06305327599361016,0.5182101779250794,0.5086882914269626,207.28407117003175,0.06091061367443277,0.0,0.075,201.0,0.23063301612374656,0.3326500539666274,0.5086882914269626,0.6934192083099228,0.8339806157031482,23,91129924
capacity_only,1.0,1.0,0.0,2,16,headline,200,16,,,30,200,400,False,completed,0,0,4.0,15.0,0.33611250000000004,0.0,1,200,1.0,0.0522089022089022,3.75391959798995,7.0,0.05137476767953461,0.5371317917904781,0.5257174242891032,214.85271671619125,0.05583472920156337,0.0,0.085,201.0,0.21973794393746396,0.36183645079267546,0.5257174242891032,0.7265920826987183,0.8629249591085671,24,1050803779
capacity_only,1.0,1.0,0.0,2,16,headline,200,16,,,30,200,400,False,completed,0,0,4.0,14.0,0.3472000000000002,0.0,1,200,1.0,0.06062778887778888,3.6799497487437187,7.0,-0.03467473644170322,0.48491226997855574,0.4621226118194794,193.9649079914223,0.05075884472869398,0.0,0.085,201.0,0.16688472246534256,0.28378334424219503,0.4621226118194794,0.6724741797328735,0.8306851257184416,25,3081524153
capacity_only,1.0,1.0,0.0,2,16,headline,200,16,,,30,200,400,False,completed,0,0,4.0,16.0,0.3367625000000001,0.01,1,200,1.0,0.03971961371961372,3.715276381909548,7.0,0.043887735234645994,0.510678262598234,0.5061462573574731,204.2713050392936,0.06091061367443277,0.0,0.07,201.0,0.18502758572006175,0.32377786070561426,0.5061462573574731,0.6984530072770574,0.8490129124253036,26,3806390203
capacity_only,1.0,1.0,0.0,2,16,headline,200,16,,,30,200,400,False,completed,0,0,4.0,16.0,0.3453250000000001,0.005,1,200,1.0,0.0722058497058497,3.7128643216080404,7.0,0.02174583590376304,0.5214709922993521,0.5289109232267653,208.58839691974083,0.06091061367443277,0.0,0.06,201.0,0.203608113722011,0.3317007338932906,0.5289109232267653,0.7127458365483954,0.8282284649764152,27,3252969026
capacity_only,1.0,1.0,0.0,2,16,headline,200,16,,,30,200,400,False,completed,0,0,4.0,16.0,0.34421250000000003,0.005,1,200,1.0,0.044595265845265845,3.6898492462311556,7.0,0.06191037757132636,0.508116500712299,0.4963678768353863,203.24660028491957,0.06091061367443277,0.0,0.085,201.0,0.1902476078596899,0.3167708659341729,0.4963678768353863,0.6716261812644442,0.8510925229668125,28,3954684752
capacity_only,1.0,1.0,0.0,2,16,headline,200,16,,,30,200,400,False,completed,0,0,4.0,15.0,0.3383375000000002,0.0,1,200,1.0,0.029880647130647132,3.709396984924623,6.0,0.03847361331942479,0.5166518158293308,0.5129194853141099,206.66072633173235,0.05583472920156337,0.0,0.045,201.0,0.16900737967350407,0.30034771303004315,0.5129194853141099,0.7283349912455437,0.8794429334565611,29,967134565
spatial_only,1.0,0.0,1.0,2,very_large,headline,200,very_large,,,30,200,400,False,completed,0,0,4.0,39.0,0.3908625000000001,0.0,1,200,1.0,0.11352316371995164,3.275929648241206,6.0,-0.14935708838353481,0.35874306358048985,0.3176629639964559,143.49722543219593,0.1776559565504289,0.0,0.07,201.0,0.07820107853600046,0.1567321074548593,0.3176629639964559,0.5045371833884696,0.7225841421413051,0,2721870198
spatial_only,1.0,0.0,1.0,2,very_large,headline,200,very_large,,,30,200,400,False,completed,0,0,4.0,37.0,0.38192500000000007,0.0,1,200,1.0,0.1241906209829748,3.3208040201005025,6.0,-0.14164687377688015,0.3924441487394413,0.3203145027375641,156.97765949577652,0.16750418760469013,0.0,0.055,201.0,0.06449375010722085,0.16274160358758055,0.3203145027375641,0.612200229623803,0.7909824082426753,1,3606343212
spatial_only,1.0,0.0,1.0,2,very_large,headline,200,very_large,,,30,200,400,False,completed,0,0,4.0,29.0,0.39136250000000006,0.0,1,200,1.0,0.044116573261568176,3.3385427135678394,6.0,-0.14749675602010964,0.36470487097891424,0.32349860610486414,145.8819483915657,0.12689711182173494,0.0,0.07,201.0,0.06699004668440713,0.15463586539349267,0.32349860610486414,0.535606980902687,0.7407565533688456,2,3311648933
spatial_only,1.0,0.0,1.0,2,very_large,headline,200,very_large,,,30,200,400,False,completed,0,0,4.0,29.0,0.37293750000000014,0.0,1,200,1.0,0.11598999070571078,3.468643216080402,7.0,-0.14063108071535385,0.3737520438516395,0.298523708638778,149.50081754065582,0.12689711182173494,0.0,0.08,201.0,0.0736729179395619,0.16360926119204156,0.298523708638778,0.5654000868124346,0.7656074731388599,3,2416139329
spatial_only,1.0,0.0,1.0,2,very_large,headline,200,very_large,,,30,200,400,False,completed,0,0,4.0,30.0,0.3640500000000002,0.0,1,200,1.0,0.08872688836998383,3.4750753768844223,7.0,-0.04721062731395054,0.38697111036855586,0.3431315689278436,154.78844414742235,0.13197299629460432,0.0,0.06,201.0,0.07030953895061717,0.1692950383381783,0.3431315689278436,0.5560259136092627,0.7905155586530523,4,2647494154
spatial_only,1.0,0.0,1.0,2,very_large,headline,200,very_large,,,30,200,400,False,completed,0,0,4.0,38.0,0.3853875000000002,0.0,1,200,1.0,0.11633890577582529,3.31321608040201,6.0,-0.13857988311866543,0.3950316317154928,0.3733307673976065,158.01265268619713,0.17258007207755952,0.0,0.065,201.0,0.08437338963146573,0.1876048700051249,0.3733307673976065,0.5729816324442331,0.7600568907933771,5,1427931638
spatial_only,1.0,0.0,1.0,2,very_large,headline,200,very_large,,,30,200,400,False,completed,0,0,4.0,46.0,0.36788750000000014,0.0,1,200,1.0,0.10947151278673017,3.390251256281407,6.0,-0.08827384364176034,0.3413690950989114,0.2952580054089121,136.54763803956456,0.2131871478605147,0.0,0.04,201.0,0.07813209639284467,0.14807716682405503,0.2952580054089121,0.4851991352228177,0.6850919732032082,6,333041783
spatial_only,1.0,0.0,1.0,2,very_large,headline,200,very_large,,,30,200,400,False,completed,0,0,4.0,28.0,0.3837750000000002,0.0,1,200,1.0,0.09457518831930596,3.3658793969849246,6.0,-0.11118858468149731,0.38865633248469955,0.35332621596561187,155.46253299387982,0.12182122734886554,0.0,0.07,201.0,0.05244460670005872,0.15288961986415295,0.35332621596561187,0.5847704764518602,0.7824023438335728,7,3055393471
spatial_only,1.0,0.0,1.0,2,very_large,headline,200,very_large,,,30,200,400,False,completed,0,0,4.0,35.0,0.3934500000000001,0.0,1,200,1.0,0.14167204924941498,3.2737688442211055,6.0,-0.16226220748704412,0.3685922549259915,0.31738726006819307,147.4369019703966,0.15735241865895133,0.0,0.065,201.0,0.07476349325839522,0.16560291672958596,0.31738726006819307,0.5496925779001093,0.7470851109401888,8,3906855156
spatial_only,1.0,0.0,1.0,2,very_large,headline,200,very_large,,,30,200,400,False,completed,0,0,4.0,40.0,0.3813000000000002,0.0,1,200,1.0,0.07311842981579825,3.386180904522613,6.0,-0.09058440364285647,0.3508810659940748,0.29719856634758635,140.35242639762993,0.1827318410232983,0.0,0.07,201.0,0.060215036361164875,0.1424432912943614,0.29719856634758635,0.5065997279903385,0.7360290117513267,9,3498547589
spatial_only,1.0,0.0,1.0,2,very_large,headline,200,very_large,,,30,200,400,False,completed,0,0,4.0,41.0,0.3957750000000002,0.0,1,200,1.0,0.1223018386292764,3.2936683417085426,6.0,-0.13850509696284097,0.3631392711738075,0.31069986705910113,145.255708469523,0.1878077254961677,0.0,0.05,201.0,0.07450801246276999,0.14885029392470067,0.31069986705910113,0.5240743470265099,0.7422328557423205,10,3646010993
spatial_only,1.0,0.0,1.0,2,very_large,headline,200,very_large,,,30,200,400,False,completed,0,0,4.0,41.0,0.3989250000000002,0.0,1,200,1.0,0.14567899977873014,3.1639698492462314,6.0,-0.1715335378371919,0.34442271110637235,0.3016320152469426,137.76908444254894,0.1878077254961677,0.0,0.045,201.0,0.0625933916282409,0.14619945817860228,0.3016320152469426,0.4990498138535004,0.6693483715710353,11,1459172797
spatial_only,1.0,0.0,1.0,2,very_large,headline,200,very_large,,,30,200,400,False,completed,0,0,4.0,32.0,0.38178750000000017,0.0,1,200,1.0,0.11634562805513016,3.3796482412060302,7.0,-0.14785900890208328,0.3923265377956413,0.3496484407091698,156.93061511825653,0.14212476524034312,0.0,0.06,201.0,0.07405533467392983,0.18738895560536106,0.3496484407091698,0.5646288760349821,0.7831940653465514,12,4204343597
spatial_only,1.0,0.0,1.0,2,very_large,headline,200,very_large,,,30,200,400,False,completed,0,0,4.0,35.0,0.37817500000000015,0.0,1,200,1.0,0.08945096461272932,3.3719095477386936,6.0,-0.0996575129087867,0.36639437835189903,0.3487892075968003,146.5577513407596,0.15735241865895133,0.0,0.065,201.0,0.05908271119274236,0.15507752316055146,0.3487892075968003,0.5233091747715278,0.6871441716504091,13,2390834817
spatial_only,1.0,0.0,1.0,2,very_large,headline,200,very_large,,,30,200,400,False,completed,0,0,4.0,32.0,0.3753875000000002,0.0,1,200,1.0,0.0922749117698496,3.4153768844221104,7.0,-0.09592982802357104,0.3688114697309445,0.30302195373404994,147.52458789237778,0.14212476524034312,0.0,0.075,201.0,0.07909131823529122,0.16075389253830552,0.30302195373404994,0.5470658756729629,0.7378900736506444,14,3800090911
spatial_only,1.0,0.0,1.0,2,very_large,headline,200,very_large,,,30,200,400,False,completed,0,0,4.0,33.0,0.3883500000000002,0.0,1,200,1.0,0.07258242202320042,3.268643216080402,6.0,-0.12405482931764751,0.3687324932033864,0.32351190600069846,147.49299728135458,0.14720064971321253,0.0,0.06,201.0,0.06957277176298392,0.17363399363668947,0.32351190600069846,0.525379141961441,0.7481887017263604,15,2462604154
spatial_only,1.0,0.0,1.0,2,very_large,headline,200,very_large,,,30,200,400,False,completed,0,0,4.0,23.0,0.3747750000000001,0.0,1,200,1.0,0.03815715277752564,3.457035175879397,6.0,-0.14254664303933,0.36546837618910466,0.3129686877016105,146.18735047564186,0.09644180498451856,0.0,0.07,201.0,0.0690321877535038,0.1536178913740937,0.3129686877016105,0.5313212618134253,0.7505348120195103,16,3807963845
spatial_only,1.0,0.0,1.0,2,very_large,headline,200,very_large,,,30,200,400,False,completed,0,0,4.0,31.0,0.36846250000000014,0.0,1,200,1.0,0.07204005852997164,3.476582914572864,6.0,-0.10045191785634439,0.38537708260736864,0.3326070528685917,154.15083304294745,0.13704888076747374,0.0,0.06,201.0,0.08357974447745,0.17505254349604366,0.3326070528685917,0.5649006260699873,0.7678109408696211,17,1312160843
spatial_only,1.0,0.0,1.0,2,very_large,headline,200,very_large,,,30,200,400,False,completed,0,0,4.0,43.0,0.3729625000000001,0.0,1,200,1.0,0.11195733120586514,3.288040201005025,6.0,-0.11252620098279566,0.3827035135491357,0.34727767068294446,153.08140541965426,0.1979594944419065,0.0,0.06,201.0,0.06967121851186793,0.18283565894942932,0.34727767068294446,0.5454292339729462,0.7537620729062631,18,1595705807
spatial_only,1.0,0.0,1.0,2,very_large,headline,200,very_large,,,30,200,400,False,completed,0,0,4.0,37.0,0.37621250000000006,0.0,1,200,1.0,0.1061449223360988,3.3928140703517586,6.0,-0.10900093990158695,0.3520394698296924,0.2912214106937071,140.81578793187697,0.16750418760469013,0.0,0.065,201.0,0.07312546986634252,0.1393065689615065,0.2912214106937071,0.5380281934467261,0.7133160732546823,19,764079743
spatial_only,1.0,0.0,1.0,2,very_large,headline,200,very_large,,,30,200,400,False,completed,0,0,4.0,41.0,0.3909,0.0,1,200,1.0,0.11166212321998019,3.299748743718593,6.0,-0.17020136498974686,0.3729723420616357,0.2963969067864045,149.1889368246543,0.1878077254961677,0.0,0.07,201.0,0.06872319026281763,0.16670671818226293,0.2963969067864045,0.5539476392536938,0.7809256293157519,20,867026295
spatial_only,1.0,0.0,1.0,2,very_large,headline,200,very_large,,,30,200,400,False,completed,0,0,4.0,42.0,0.3843500000000002,0.0,1,200,1.0,0.13643107118828632,3.3404020100502514,6.0,-0.10618946131471942,0.3747628571534095,0.34036536091895686,149.9051428613638,0.1928836099690371,0.0,0.055,201.0,0.06846043946681628,0.17206451703791129,0.34036536091895686,0.5309434051267051,0.7323771287915565,21,3787542721
spatial_only,1.0,0.0,1.0,2,very_large,headline,200,very_large,,,30,200,400,False,completed,0,0,4.0,39.0,0.3879250000000001,0.0,1,200,1.0,0.08784400320984989,3.2448743718592965,6.0,-0.14683982777089727,0.3779386049187056,0.37066574887731785,151.17544196748224,0.1776559565504289,0.0,0.055,201.0,0.07698673584369999,0.1687072348560246,0.37066574887731785,0.5433029669439357,0.704835023726596,22,3488001344
spatial_only,1.0,0.0,1.0,2,very_large,headline,200,very_large,,,30,200,400,False,completed,0,0,4.0,36.0,0.38278750000000006,0.0,1,200,1.0,0.1089299457263167,3.331005025125628,6.0,-0.13578589958571866,0.37509073383331165,0.34936181391181687,150.03629353332465,0.16242830313182072,0.0,0.06,201.0,0.08272891457753863,0.17249181693228624,0.34936181391181687,0.5416125691749404,0.7132701223725371,23,2098115725
spatial_only,1.0,0.0,1.0,2,very_large,headline,200,very_large,,,30,200,400,False,completed,0,0,4.0,38.0,0.38195,0.0,1,200,1.0,0.08432283197067646,3.273718592964824,6.0,-0.10538318102880613,0.3834960212245963,0.34678333543897044,153.39840848983852,0.17258007207755952,0.0,0.045,201.0,0.07026160734044479,0.15816802512947137,0.34678333543897044,0.5612289752067487,0.769322513418945,24,1772469888
spatial_only,1.0,0.0,1.0,2,very_large,headline,200,very_large,,,30,200,400,False,completed,0,0,4.0,41.0,0.39480000000000004,0.0,1,200,1.0,0.10510055212616656,3.215427135678392,6.0,-0.1585992260348075,0.3495552315035127,0.29489835841257883,139.82209260140507,0.1878077254961677,0.0,0.055,201.0,0.07421255733756066,0.14566573606203453,0.29489835841257883,0.4866918157765223,0.7240898797084196,25,2010915308
spatial_only,1.0,0.0,1.0,2,very_large,headline,200,very_large,,,30,200,400,False,completed,0,0,4.0,33.0,0.36627500000000013,0.0,1,200,1.0,0.06625137971595267,3.4576884422110554,6.0,-0.06758677346477734,0.35206229486941126,0.30456251614652297,140.8249179477645,0.14720064971321253,0.0,0.06,201.0,0.06241564377371677,0.15962414907677863,0.30456251614652297,0.5097057211593099,0.7171265780556967,26,4194412747
spatial_only,1.0,0.0,1.0,2,very_large,headline,200,very_large,,,30,200,400,False,completed,0,0,4.0,38.0,0.38480000000000003,0.0,1,200,1.0,0.09524999339759065,3.358040201005025,6.0,-0.10514481252528844,0.3487827491499239,0.3095970346218218,139.51309965996955,0.17258007207755952,0.0,0.075,201.0,0.06469497878985805,0.15688245087443703,0.3095970346218218,0.49241853768396077,0.7160241631924729,27,2166821263
spatial_only,1.0,0.0,1.0,2,very_large,headline,200,very_large,,,30,200,400,False,completed,0,0,4.0,39.0,0.3872125000000002,0.0,1,200,1.0,0.13907201944082748,3.2541206030150756,6.0,-0.1548457761914838,0.34665406843879354,0.31760496313594244,138.6616273755174,0.1776559565504289,0.0,0.045,201.0,0.08078022460420246,0.16423666594690775,0.31760496313594244,0.48623462848293786,0.670057488188889,28,1363902361
spatial_only,1.0,0.0,1.0,2,very_large,headline,200,very_large,,,30,200,400,False,completed,0,0,4.0,42.0,0.39788750000000017,0.0,1,200,1.0,0.12170121237642141,3.1977386934673366,6.0,-0.17082803567664198,0.3450082963214416,0.292114762229969,138.00331852857664,0.1928836099690371,0.0,0.065,201.0,0.06892340231550209,0.15531406546946644,0.292114762229969,0.482629508454985,0.7182193126560414,29,3384774769
general_model,1.0,1.0,1.0,2,16,headline,200,16,,,30,200,400,False,completed,0,0,4.0,16.0,0.3378625000000002,0.005,1,200,1.0,0.04091809579309579,3.695829145728643,7.0,0.011754103971613448,0.34290007463352196,0.2718663315493052,137.1600298534088,0.06091061367443277,0.0,0.06,201.0,0.07084494622322544,0.14977694319203017,0.2718663315493052,0.5247922962193236,0.7062592510178977,0,1937279444
general_model,1.0,1.0,1.0,2,16,headline,200,16,,,30,200,400,False,completed,0,0,4.0,14.0,0.3327875,0.0,1,200,1.0,0.02460764235764236,3.750402010050251,7.0,-0.0019108898327230563,0.34390738274361676,0.2896634347537163,137.5629530974467,0.05075884472869398,0.0,0.06,201.0,0.0693312598267273,0.14429436214325794,0.2896634347537163,0.5100866224559993,0.689620699206096,1,950655524
general_model,1.0,1.0,1.0,2,16,headline,200,16,,,30,200,400,False,completed,0,0,4.0,14.0,0.3291375000000001,0.0,1,200,1.0,0.03615703740703741,3.731557788944724,7.0,-0.004682778096990187,0.36094894785849646,0.3100688505707191,144.3795791433986,0.05075884472869398,0.0,0.065,201.0,0.052929429665039406,0.13697977090399494,0.3100688505707191,0.5497132697583347,0.7334808670545191,2,947124817
general_model,1.0,1.0,1.0,2,16,headline,200,16,,,30,200,400,False,completed,0,0,4.0,15.0,0.3309875000000002,0.0,1,200,1.0,0.03694172494172494,3.748140703517588,7.0,0.07322148487956709,0.3674533147033367,0.32195366378185486,146.98132588133467,0.05583472920156337,0.0,0.055,201.0,0.07794644090938062,0.17383639182734112,0.32195366378185486,0.5185484999488849,0.7287415272946833,3,1735872839
general_model,1.0,1.0,1.0,2,16,headline,200,16,,,30,200,400,False,completed,0,0,4.0,16.0,0.33496250000000005,0.005,1,200,1.0,0.03191687479187479,3.7498492462311557,7.0,0.0861454216562094,0.36688411294412454,0.3323358149335649,146.75364517764982,0.06091061367443277,0.0,0.05,201.0,0.07211636133456965,0.17165080478988815,0.3323358149335649,0.5137761427408498,0.7108395634932316,4,2691458648
general_model,1.0,1.0,1.0,2,16,headline,200,16,,,30,200,400,False,completed,0,0,4.0,15.0,0.3359000000000001,0.0,1,200,1.0,0.0326434953934954,3.698190954773869,7.0,0.04283353010625677,0.3613503968108233,0.3021519780752069,144.54015872432933,0.05583472920156337,0.0,0.065,201.0,0.08223568936332196,0.15538480075042632,0.3021519780752069,0.5391071374449988,0.7266742742382089,5,2523784119
general_model,1.0,1.0,1.0,2,16,headline,200,16,,,30,200,400,False,completed,0,0,4.0,15.0,0.32663750000000014,0.0,1,200,1.0,0.03387351537351537,3.741608040201005,7.0,0.03306403680630421,0.37756099994880143,0.3152280122200093,151.02439997952058,0.05583472920156337,0.0,0.06,201.0,0.08116671322899806,0.15648267516701006,0.3152280122200093,0.575834272180094,0.78120804393007,6,2102520784
general_model,1.0,1.0,1.0,2,16,headline,200,16,,,30,200,400,False,completed,0,0,4.0,16.0,0.32596250000000015,0.005,1,200,1.0,0.03313829226329226,3.7683919597989948,7.0,0.10583340815898892,0.35659656483072893,0.3128553629209401,142.63862593229157,0.06091061367443277,0.0,0.065,201.0,0.06712818175981007,0.16127458313469623,0.3128553629209401,0.5271545527469369,0.7164647536331702,7,3821637227
general_model,1.0,1.0,1.0,2,16,headline,200,16,,,30,200,400,False,completed,0,0,4.0,15.0,0.32843750000000016,0.0,1,200,1.0,0.054657203907203904,3.7110552763819094,6.0,0.03776292090240211,0.35686764134757404,0.30948962895873905,142.74705653902961,0.05583472920156337,0.0,0.06,201.0,0.05790368397043527,0.15604191610136256,0.30948962895873905,0.5167286874685477,0.7321012149299128,8,2644709094
general_model,1.0,1.0,1.0,2,16,headline,200,16,,,30,200,400,False,completed,0,0,4.0,15.0,0.3307875,0.0,1,200,1.0,0.03806304806304806,3.743467336683417,7.0,0.03829089437704474,0.3623102085531958,0.3045902920450615,144.9240834212783,0.05583472920156337,0.0,0.055,201.0,0.06604778954673748,0.14055674104782803,0.3045902920450615,0.5443464458504569,0.7542245271122392,9,2887581127
general_model,1.0,1.0,1.0,2,16,headline,200,16,,,30,200,400,False,completed,0,0,4.0,15.0,0.33391250000000006,0.0,1,200,1.0,0.04181621156621157,3.7641206030150753,7.0,0.06977996147132863,0.36171620664480286,0.2950227686764695,144.68648265792115,0.05583472920156337,0.0,0.06,201.0,0.08363526303126612,0.16043846735684608,0.2950227686764695,0.5075816724065877,0.7519671788818737,10,4272116679
general_model,1.0,1.0,1.0,2,16,headline,200,16,,,30,200,400,False,completed,0,0,4.0,15.0,0.34820000000000007,0.0,1,200,1.0,0.06175677100677101,3.6748743718592967,6.0,0.01915191080380639,0.364107480377928,0.3232978500985523,145.6429921511712,0.05583472920156337,0.0,0.08,201.0,0.0608315941374594,0.15375010699190084,0.3232978500985523,0.5462338080846871,0.7472264553372476,11,2934835738
general_model,1.0,1.0,1.0,2,16,headline,200,16,,,30,200,400,False,completed,0,0,4.0,15.0,0.33238750000000006,0.0,1,200,1.0,0.02494905094905095,3.732211055276382,7.0,0.047629551608330954,0.366352188329072,0.3193948424692699,146.5408753316288,0.05583472920156337,0.0,0.06,201.0,0.07509369379502431,0.15528704121975756,0.3193948424692699,0.5427391550064107,0.7115573358713697,12,590263972
general_model,1.0,1.0,1.0,2,16,headline,200,16,,,30,200,400,False,completed,0,0,4.0,15.0,0.3373250000000001,0.0,1,200,1.0,0.03597133422133422,3.6914070351758794,7.0,0.002645996227062015,0.36961065796641984,0.318183140374378,147.84426318656793,0.05583472920156337,0.0,0.08,201.0,0.05320735650138886,0.1365090101571302,0.318183140374378,0.5796375140229078,0.7411301781164723,13,3780214900
general_model,1.0,1.0,1.0,2,16,headline,200,16,,,30,200,400,False,completed,0,0,4.0,16.0,0.3354625,0.005,1,200,1.0,0.036166389166389167,3.7409045226130653,7.0,0.048997180739884585,0.3587838967479807,0.3012498102015774,143.5135586991923,0.06091061367443277,0.0,0.065,201.0,0.052896880530004756,0.14140997014615656,0.3012498102015774,0.5502376204325633,0.7642211428868463,14,1051906967
general_model,1.0,1.0,1.0,2,16,headline,200,16,,,30,200,400,False,completed,0,0,4.0,15.0,0.3357000000000001,0.0,1,200,1.0,0.02783091908091908,3.7446231155778893,6.0,0.06567326891794582,0.3526541153174347,0.2828443844575195,141.06164612697387,0.05583472920156337,0.0,0.07,201.0,0.0673159143559922,0.14320825626588835,0.2828443844575195,0.5278039505959758,0.7329678572585142,15,908590800
general_model,1.0,1.0,1.0,2,16,headline,200,16,,,30,200,400,False,completed,0,0,4.0,15.0,0.3349500000000001,0.0,1,200,1.0,0.04462345987345987,3.752814070351759,7.0,0.02649438370365557,0.3767282655510718,0.3367804158588011,150.69130622042871,0.05583472920156337,0.0,0.065,201.0,0.0681696391458022,0.16197074143958037,0.3367804158588011,0.5584660886885948,0.7573183730106133,16,4087864611
general_model,1.0,1.0,1.0,2,16,headline,200,16,,,30,200,400,False,completed,0,0,4.0,16.0,0.33630000000000004,0.005,1,200,1.0,0.024418789543789544,3.7244723618090454,7.0,0.05714637853826827,0.3533312915055,0.303698642399564,141.3325166022,0.06091061367443277,0.0,0.06,201.0,0.07088969430793307,0.14054621144546686,0.303698642399564,0.5344800333108967,0.712791749414914,17,1549022989
general_model,1.0,1.0,1.0,2,16,headline,200,16,,,30,200,400,False,completed,0,0,4.0,15.0,0.35497500000000004,0.0,1,200,1.0,0.060958069708069704,3.6530150753768846,6.0,-0.011905557100645925,0.3403486916052313,0.29500670387336597,136.13947664209252,0.05583472920156337,0.0,0.075,201.0,0.06959032183592434,0.15256813218859902,0.29500670387336597,0.4880686033079129,0.6865958989923884,18,2445894080
general_model,1.0,1.0,1.0,2,16,headline,200,16,,,30,200,400,False,completed,0,0,4.0,16.0,0.34230000000000005,0.005,1,200,1.0,0.03633552558552558,3.6736180904522615,7.0,0.021483184276613367,0.3627140200352367,0.30057727136560286,145.08560801409467,0.06091061367443277,0.0,0.075,201.0,0.06590463974460645,0.1504593828696488,0.30057727136560286,0.5373563438426482,0.7335610357077906,19,3573671997
general_model,1.0,1.0,1.0,2,16,headline,200,16,,,30,200,400,False,completed,0,0,4.0,14.0,0.3347625000000001,0.0,1,200,1.0,0.015186618936618936,3.708241206030151,7.0,0.054946209569617654,0.38211564401715903,0.3687626246011574,152.84625760686362,0.05075884472869398,0.0,0.075,201.0,0.06457496702318365,0.16996928439168452,0.3687626246011574,0.5461367274316485,0.7214071924729044,20,1204748450
general_model,1.0,1.0,1.0,2,16,headline,200,16,,,30,200,400,False,completed,0,0,4.0,16.0,0.3328500000000001,0.005,1,200,1.0,0.07206622544122544,3.7677386934673365,7.0,0.04540909172188079,0.3582659004659491,0.32068876267607854,143.30636018637964,0.06091061367443277,0.0,0.05,201.0,0.06555699748061623,0.15955348532244112,0.32068876267607854,0.5217051581366525,0.699541227645616,21,3866068384
general_model,1.0,1.0,1.0,2,16,headline,200,16,,,30,200,400,False,completed,0,0,4.0,16.0,0.33473750000000013,0.015,1,200,1.0,0.02970450382950383,3.7124120603015074,7.0,0.09382103855376221,0.3670826565256131,0.31486762295088055,146.83306261024524,0.06091061367443277,0.0,0.06,201.0,0.06459862568432623,0.13534931592666502,0.31486762295088055,0.5538513691324994,0.7441116765161775,22,4170600752
general_model,1.0,1.0,1.0,2,16,headline,200,16,,,30,200,400,False,completed,0,0,4.0,14.0,0.34225000000000017,0.0,1,200,1.0,0.051713064713064714,3.70678391959799,7.0,0.04615769503398281,0.34786627314600255,0.31045839016264065,139.146509258401,0.05075884472869398,0.0,0.065,201.0,0.08578049438722082,0.16155914216991707,0.31045839016264065,0.511848421077624,0.6631723559918672,23,4174362648
general_model,1.0,1.0,1.0,2,16,headline,200,16,,,30,200,400,False,completed,0,0,4.0,16.0,0.33916250000000003,0.005,1,200,1.0,0.048641844266844265,3.737286432160804,7.0,0.031842539392563124,0.395999030784856,0.34492553970277967,158.39961231394238,0.06091061367443277,0.0,0.065,201.0,0.07434474224459213,0.16100514865017387,0.34492553970277967,0.610192180602317,0.7663852944052814,24,1010146504
general_model,1.0,1.0,1.0,2,16,headline,200,16,,,30,200,400,False,completed,0,0,4.0,16.0,0.3323625000000001,0.01,1,200,1.0,0.04387007437007437,3.7500502512562814,7.0,0.0939407286226642,0.37777178235676717,0.347226473578197,151.10871294270686,0.06091061367443277,0.0,0.055,201.0,0.06339582728739974,0.16895974394145474,0.347226473578197,0.5406209865498284,0.7510834015751843,25,1254765571
general_model,1.0,1.0,1.0,2,16,headline,200,16,,,30,200,400,False,completed,0,0,4.0,15.0,0.34283750000000013,0.0,1,200,1.0,0.04226859251859252,3.720251256281407,7.0,-0.021919037901491415,0.37566898402569926,0.32408394518210365,150.2675936102797,0.05583472920156337,0.0,0.075,201.0,0.07139693278711107,0.14954238436055753,0.32408394518210365,0.5586290157094478,0.7777988361958189,26,4195737562
general_model,1.0,1.0,1.0,2,16,headline,200,16,,,30,200,400,False,completed,0,0,4.0,16.0,0.3386250000000002,0.005,1,200,1.0,0.05201843989343989,3.717386934673367,7.0,0.04638111816905187,0.37282380078286276,0.3378395609419651,149.1295203131451,0.06091061367443277,0.0,0.07,201.0,0.07469166579080241,0.1547871757445311,0.3378395609419651,0.5434652609368937,0.752201366195678,27,4152721795
general_model,1.0,1.0,1.0,2,16,headline,200,16,,,30,200,400,False,completed,0,0,4.0,14.0,0.3387500000000001,0.0,1,200,1.0,0.06220809745809745,3.7080904522613065,7.0,-0.02451038414861175,0.39545909074815855,0.36073183924050367,158.1836362992634,0.05075884472869398,0.0,0.075,201.0,0.06599498890250476,0.17879459985692014,0.36073183924050367,0.5803815279033513,0.7743584683301376,28,4132484970
general_model,1.0,1.0,1.0,2,16,headline,200,16,,,30,200,400,False,completed,0,0,4.0,16.0,0.3252625,0.005,1,200,1.0,0.04498575036075036,3.761206030150754,7.0,0.05784971306893013,0.37753133426662894,0.3368077305564504,151.01253370665157,0.06091061367443277,0.0,0.06,201.0,0.07084018915470622,0.17007620290095424,0.3368077305564504,0.5516954129507715,0.7693123332296317,29,2517461722
ba_benchmark,1.0,0.0,0.0,2,very_large,headline,1000,very_large,,,30,1000,2000,False,completed,0,0,4.0,71.0,0.3858100000000002,0.0,1,1000,1.0,0.036477909134179864,4.083099099099099,7.0,-0.0781889690397511,0.5281181613357804,0.5141865403316938,1056.2363226715609,0.06720147000708122,0.0,0.062,1001.0,0.20839631226849753,0.33808536094940916,0.5141865403316938,0.7104559457142513,0.8629065184174078,0,2944886311
ba_benchmark,1.0,0.0,0.0,2,very_large,headline,1000,very_large,,,30,1000,2000,False,completed,0,0,4.0,93.0,0.3889290000000001,0.0,1,1000,1.0,0.028516612758663535,4.027875875875876,7.0,-0.06432205781638141,0.510141833139117,0.5009274167284727,1020.2836662782339,0.08926762433776461,0.0,0.056,1001.0,0.19765681054070344,0.32137338632124296,0.5009274167284727,0.6849916239619331,0.8333490700933448,1,1664074671
ba_benchmark,1.0,0.0,0.0,2,very_large,headline,1000,very_large,,,30,1000,2000,False,completed,0,0,4.0,58.0,0.38870550000000015,0.0,1,1000,1.0,0.01654432385421794,4.108616616616617,7.0,-0.07795668351343223,0.5283925081964055,0.5124222838395173,1056.785016392811,0.05416237881167741,0.0,0.055,1001.0,0.20246110903601972,0.33145299509492987,0.5124222838395173,0.7098463394595534,0.8738733957620062,2,3515041749
ba_benchmark,1.0,0.0,0.0,2,very_large,headline,1000,very_large,,,30,1000,2000,False,completed,0,0,4.0,103.0,0.3862240000000001,0.0,1,1000,1.0,0.032323008784608705,3.9674614614614616,7.0,-0.07492693057101339,0.5286142317343204,0.52003189674826,1057.228463468641,0.09929769448807525,0.0,0.047,1001.0,0.19152503406433263,0.33161278645232384,0.52003189674826,0.7194039920299777,0.873478898823963,3,3947388208
ba_benchmark,1.0,0.0,0.0,2,very_large,headline,1000,very_large,,,30,1000,2000,False,completed,0,0,4.0,61.0,0.3877575000000002,0.0,1,1000,1.0,0.022211099113423387,4.138088088088088,8.0,-0.08572313946606504,0.5213033420575182,0.5118609432513854,1042.6066841150364,0.0571713998567706,0.0,0.058,1001.0,0.1862025196643023,0.33259745836914273,0.5118609432513854,0.704209857412103,0.8634144439108888,4,2595015478
ba_benchmark,1.0,0.0,0.0,2,very_large,headline,1000,very_large,,,30,1000,2000,False,completed,0,0,4.0,80.0,0.39473550000000013,0.0,1,1000,1.0,0.028722360743295133,4.0455015015015015,8.0,-0.0908169680966593,0.5132153407117153,0.49663468610373807,1026.4306814234305,0.07622853314236079,0.0,0.057,1001.0,0.19159825046765142,0.31796467613424595,0.49663468610373807,0.6964690192388107,0.8622438658475653,5,787142438
ba_benchmark,1.0,0.0,0.0,2,very_large,headline,1000,very_large,,,30,1000,2000,False,completed,0,0,4.0,75.0,0.3768210000000001,0.0,1,1000,1.0,0.021615963176162527,4.193063063063063,8.0,-0.045874139926761856,0.5368692083997121,0.5323280541248505,1073.7384167994242,0.07121349806720548,0.0,0.061,1001.0,0.20202011830501324,0.3344560128025063,0.5323280541248505,0.7309864417407277,0.8766446859223745,6,497200838
ba_benchmark,1.0,0.0,0.0,2,very_large,headline,1000,very_large,,,30,1000,2000,False,completed,0,0,4.0,81.0,0.38619250000000016,0.0,1,1000,1.0,0.0344195059531146,4.024418418418419,7.0,-0.08427651278181969,0.5207109686811393,0.509592795777772,1041.4219373622786,0.07723154015739186,0.0,0.053,1001.0,0.19436561931863042,0.340464210081653,0.509592795777772,0.6970474897969496,0.8503582999995223,7,2191299267
ba_benchmark,1.0,0.0,0.0,2,very_large,headline,1000,very_large,,,30,1000,2000,False,completed,0,0,4.0,69.0,0.3823320000000001,0.0,1,1000,1.0,0.022110115644168097,4.119251251251251,8.0,-0.07606261358289813,0.530954646221656,0.51313128292677,1061.909292443312,0.0651954559770191,0.0,0.056,1001.0,0.19716701005164763,0.33788340152347096,0.51313128292677,0.719200820090486,0.8827771569209325,8,407513871
ba_benchmark,1.0,0.0,0.0,2,very_large,headline,1000,very_large,,,30,1000,2000,False,completed,0,0,4.0,78.0,0.38507650000000004,0.0,1,1000,1.0,0.020492607061264313,4.126866866866867,8.0,-0.05569777506125089,0.5111955008512992,0.5089080211315028,1022.3910017025983,0.07422251911229867,0.0,0.06,1001.0,0.18703516679345444,0.32647743595919515,0.5089080211315028,0.6865760798785844,0.8380340332596552,9,3107876096
ba_benchmark,1.0,0.0,0.0,2,very_large,headline,1000,very_large,,,30,1000,2000,False,completed,0,0,4.0,73.0,0.3934230000000001,0.0,1,1000,1.0,0.028345511990850735,4.060104104104104,7.0,-0.10876962597585095,0.5092285393246179,0.4918391792255651,1018.4570786492357,0.06920748403714336,0.0,0.052,1001.0,0.19631341860835205,0.3207916135698097,0.4918391792255651,0.682253974304804,0.8426932592425658,10,1018705579
ba_benchmark,1.0,0.0,0.0,2,very_large,headline,1000,very_large,,,30,1000,2000,False,completed,0,0,4.0,106.0,0.3876655000000002,0.0,1,1000,1.0,0.02187046416413769,3.972864864864865,7.0,-0.0825454498213832,0.5228407631101998,0.5132177096822798,1045.6815262203995,0.10230671553316843,0.0,0.05,1001.0,0.1945018088448787,0.3335562591813539,0.5132177096822798,0.7056553947484667,0.8524033909800635,11,183947313
ba_benchmark,1.0,0.0,0.0,2,very_large,headline,1000,very_large,,,30,1000,2000,False,completed,0,0,4.0,104.0,0.39058800000000016,0.0,1,1000,1.0,0.029275377101590557,3.9463503503503503,7.0,-0.10041432101739017,0.5303356126308484,0.5199124368184815,1060.6712252616967,0.10030070150310631,0.0,0.046,1001.0,0.19564918149699426,0.33768984446362826,0.5199124368184815,0.7187093759901195,0.8743230587908914,12,2840239136
ba_benchmark,1.0,0.0,0.0,2,very_large,headline,1000,very_large,,,30,1000,2000,False,completed,0,0,4.0,82.0,0.3901540000000001,0.0,1,1000,1.0,0.03279835108899521,4.086952952952953,8.0,-0.07020890142750677,0.5087659714300133,0.4948513887119647,1017.5319428600267,0.07823454717242292,0.0,0.06,1001.0,0.19300713995582,0.3142186249135297,0.4948513887119647,0.6767857075902388,0.8440620156833865,13,733720489
ba_benchmark,1.0,0.0,0.0,2,very_large,headline,1000,very_large,,,30,1000,2000,False,completed,0,0,4.0,88.0,0.3872500000000001,0.0,1,1000,1.0,0.031185718319018424,4.01022022022022,7.0,-0.08529046434969002,0.5098403079728511,0.5029135019904232,1019.6806159457022,0.0842525892626093,0.0,0.054,1001.0,0.19541664469792125,0.32168129946445706,0.5029135019904232,0.6842984390125999,0.8290343951724455,14,3342121737
ba_benchmark,1.0,0.0,0.0,2,very_large,headline,1000,very_large,,,30,1000,2000,False,completed,0,0,4.0,95.0,0.3906765000000001,0.0,1,1000,1.0,0.033910470472401914,4.00995995995996,7.0,-0.08276887557822539,0.5246594140173817,0.517254633753727,1049.3188280347633,0.09127363836782675,0.0,0.058,1001.0,0.19775138030436623,0.3384165631622495,0.517254633753727,0.7014774687452329,0.858454441115134,15,4158293795
ba_benchmark,1.0,0.0,0.0,2,very_large,headline,1000,very_large,,,30,1000,2000,False,completed,0,0,4.0,76.0,0.3973335,0.0,1,1000,1.0,0.030609298523567998,3.9633993993993992,7.0,-0.09638375239784676,0.5214036196445029,0.5068355910193378,1042.8072392890058,0.07221650508223655,0.0,0.059,1001.0,0.1984775624328941,0.3194126842757919,0.5068355910193378,0.7048765535643073,0.8574662944341194,16,602254958
ba_benchmark,1.0,0.0,0.0,2,very_large,headline,1000,very_large,,,30,1000,2000,False,completed,0,0,4.0,77.0,0.3860110000000001,0.0,1,1000,1.0,0.033299868199778,3.979767767767768,7.0,-0.08543378278885158,0.5331010084345332,0.5248981645301884,1066.2020168690665,0.07321951209726761,0.0,0.044,1001.0,0.20440981591635168,0.3466018096664196,0.5248981645301884,0.7051018171741495,0.8622451367298948,17,873023512
ba_benchmark,1.0,0.0,0.0,2,very_large,headline,1000,very_large,,,30,1000,2000,False,completed,0,0,4.0,101.0,0.38511700000000015,0.0,1,1000,1.0,0.027954083921543246,4.0023003003003,7.0,-0.06480749070955784,0.523267188171029,0.5148714174380198,1046.534376342058,0.09729168045801312,0.0,0.045,1001.0,0.19164262014712433,0.3244673591589625,0.5148714174380198,0.7143404784548104,0.8576633525221139,18,1372160432
ba_benchmark,1.0,0.0,0.0,2,very_large,headline,1000,very_large,,,30,1000,2000,False,completed,0,0,4.0,73.0,0.3940085000000002,0.0,1,1000,1.0,0.03333514097877718,4.024610610610611,7.0,-0.08886340149777686,0.5165054669973809,0.5040055636168891,1033.0109339947617,0.06920748403714336,0.0,0.055,1001.0,0.1997536998298401,0.33150377760427846,0.5040055636168891,0.6921064047186422,0.8546280405819571,19,2602217052
ba_benchmark,1.0,0.0,0.0,2,very_large,headline,1000,very_large,,,30,1000,2000,False,completed,0,0,4.0,120.0,0.3930770000000001,0.0,1,1000,1.0,0.046266753781648684,3.899013013013013,7.0,-0.09715144030425797,0.5104826360876917,0.49865098150876874,1020.9652721753836,0.11634881374360333,0.0,0.046,1001.0,0.1843006094704034,0.3156176414147417,0.49865098150876874,0.6900883985086635,0.854579731359111,20,1416042200
ba_benchmark,1.0,0.0,0.0,2,very_large,headline,1000,very_large,,,30,1000,2000,False,completed,0,0,4.0,88.0,0.3873495,0.0,1,1000,1.0,0.026124147990368555,4.024868868868869,7.0,-0.09609124360404542,0.5181323984793836,0.5133041714047879,1036.2647969587672,0.0842525892626093,0.0,0.057,1001.0,0.18417189679948825,0.3258338380724174,0.5133041714047879,0.7024696568081422,0.8503995436101789,21,851797979
ba_benchmark,1.0,0.0,0.0,2,very_large,headline,1000,very_large,,,30,1000,2000,False,completed,0,0,4.0,78.0,0.3881690000000002,0.0,1,1000,1.0,0.0210716254420164,4.028772772772773,8.0,-0.08582596013367724,0.540502226819535,0.5394058881857011,1081.0044536390699,0.07422251911229867,0.0,0.055,1001.0,0.20652890263051493,0.3490056347046003,0.5394058881857011,0.7288464134911843,0.8774561025790064,22,3259775574
ba_benchmark,1.0,0.0,0.0,2,very_large,headline,1000,very_large,,,30,1000,2000,False,completed,0,0,4.0,70.0,0.38821550000000005,0.0,1,1000,1.0,0.02171627460358119,4.0641981981981985,7.0,-0.07559627347075422,0.525761881591036,0.5242580918797565,1051.523763182072,0.06619846299205016,0.0,0.055,1001.0,0.20203711900230834,0.33523623510722655,0.5242580918797565,0.7094258569632296,0.8590000670820467,23,3383776203
ba_benchmark,1.0,0.0,0.0,2,very_large,headline,1000,very_large,,,30,1000,2000,False,completed,0,0,4.0,73.0,0.39327250000000014,0.0,1,1000,1.0,0.033310737775062146,4.0124544544544545,7.0,-0.10307389700664811,0.5226028256991608,0.5119585469462691,1045.2056513983216,0.06920748403714336,0.0,0.058,1001.0,0.19485606148497112,0.319989178378201,0.5119585469462691,0.7094798696303789,0.8708165120060216,24,1700772695
ba_benchmark,1.0,0.0,0.0,2,very_large,headline,1000,very_large,,,30,1000,2000,False,completed,0,0,4.0,75.0,0.3978145000000002,0.0,1,1000,1.0,0.03564058999855914,3.9789269269269267,8.0,-0.10773744235836313,0.5178186337866433,0.516801084451707,1035.6372675732866,0.07121349806720548,0.0,0.052,1001.0,0.1827021390631044,0.32160502072839503,0.516801084451707,0.7079977385162348,0.8527186722773472,25,1411244742
ba_benchmark,1.0,0.0,0.0,2,very_large,headline,1000,very_large,,,30,1000,2000,False,completed,0,0,4.0,80.0,0.3868010000000002,0.0,1,1000,1.0,0.025389085738593522,4.088676676676677,7.0,-0.07565995906179085,0.5262057243089369,0.510580077801739,1052.4114486178737,0.07622853314236079,0.0,0.058,1001.0,0.18708439460277415,0.3254000485935993,0.510580077801739,0.7181505035231841,0.871642661593473,26,2263114926
ba_benchmark,1.0,0.0,0.0,2,very_large,headline,1000,very_large,,,30,1000,2000,False,completed,0,0,4.0,91.0,0.3925310000000002,0.0,1,1000,1.0,0.03382114918611376,4.014666666666667,7.0,-0.08521004587741267,0.5174882579517397,0.5111982055424185,1034.9765159034794,0.08726161030770249,0.0,0.051,1001.0,0.2087773031099071,0.3245785185247806,0.5111982055424185,0.6956978805209058,0.8429045800874544,27,4284438095
ba_benchmark,1.0,0.0,0.0,2,very_large,headline,1000,very_large,,,30,1000,2000,False,completed,0,0,4.0,83.0,0.3887180000000001,0.0,1,1000,1.0,0.025109934367657568,4.062094094094094,8.0,-0.08253434511925141,0.5197342024824788,0.5087247487153435,1039.4684049649577,0.07923755418745398,0.0,0.053,1001.0,0.1941358839740453,0.3266868692287736,0.5087247487153435,0.7020514696070919,0.851641649228251,28,4150367134
ba_benchmark,1.0,0.0,0.0,2,very_large,headline,1000,very_large,,,30,1000,2000,False,completed,0,0,4.0,108.0,0.3919400000000002,0.0,1,1000,1.0,0.04500930713235242,3.9726226226226227,7.0,-0.08717418629859053,0.5193737554629492,0.5164749779039501,1038.7475109258983,0.10431272956323057,0.0,0.056,1001.0,0.19763718736588576,0.32578624765883246,0.5164749779039501,0.7053336285645133,0.8347561070372036,29,2524250117
capacity_only,1.0,1.0,0.0,2,16,headline,1000,16,,,30,1000,2000,False,completed,0,0,4.0,16.0,0.33515950000000005,0.004,1,1000,1.0,0.006862734487734488,4.761009009009009,8.0,0.06941584459880146,0.5189553070027211,0.509168241323462,1037.910614005442,0.012036084180372757,0.0,0.065,1001.0,0.18956353251603592,0.3214576740602499,0.509168241323462,0.6965365038964499,0.8545752874208733,0,3653226808
capacity_only,1.0,1.0,0.0,2,16,headline,1000,16,,,30,1000,2000,False,completed,0,0,4.0,16.0,0.33375850000000007,0.005,1,1000,1.0,0.005234049284049284,4.770496496496497,8.0,0.05988650945845802,0.5161396292900151,0.5069639318017336,1032.2792585800303,0.012036084180372757,0.0,0.061,1001.0,0.1941730909403822,0.3222466563964315,0.5069639318017336,0.697133717643333,0.8544786362032607,1,2202852273
capacity_only,1.0,1.0,0.0,2,16,headline,1000,16,,,30,1000,2000,False,completed,0,0,4.0,16.0,0.3285790000000002,0.007,1,1000,1.0,0.007397866022866023,4.796488488488489,8.0,0.10574530437503867,0.5175104563836797,0.5047667305959244,1035.0209127673593,0.012036084180372757,0.0,0.063,1001.0,0.18527556587724214,0.31933237717296,0.5047667305959244,0.6996839830019698,0.8696454046271022,2,1333041149
capacity_only,1.0,1.0,0.0,2,16,headline,1000,16,,,30,1000,2000,False,completed,0,0,4.0,16.0,0.33379550000000013,0.005,1,1000,1.0,0.00514499111999112,4.762248248248248,8.0,0.07995166512916378,0.5186967592946539,0.5065348487627575,1037.3935185893076,0.012036084180372757,0.0,0.058,1001.0,0.20735388428721105,0.34003058034733974,0.5065348487627575,0.6982285975582649,0.8445550418287385,3,14102207
capacity_only,1.0,1.0,0.0,2,16,headline,1000,16,,,30,1000,2000,False,completed,0,0,4.0,16.0,0.33237700000000014,0.001,1,1000,1.0,0.006315415140415141,4.8002082082082085,8.0,0.07537789133891759,0.5306381536099586,0.5207026997933994,1061.2763072199173,0.012036084180372757,0.0,0.059,1001.0,0.20882197870598804,0.34352922771161115,0.5207026997933994,0.716100405893041,0.8590070382621069,4,4158942970
capacity_only,1.0,1.0,0.0,2,16,headline,1000,16,,,30,1000,2000,False,completed,0,0,4.0,16.0,0.3400055000000002,0.002,1,1000,1.0,0.00848499555999556,4.735853853853854,8.0,0.03764438527841633,0.5240601621732965,0.5145390135709533,1048.1203243465932,0.012036084180372757,0.0,0.064,1001.0,0.18931366399960164,0.3304305408106476,0.5145390135709533,0.7069681427614289,0.8615212446191377,5,804959033
capacity_only,1.0,1.0,0.0,2,16,headline,1000,16,,,30,1000,2000,False,completed,0,0,4.0,16.0,0.33649550000000006,0.005,1,1000,1.0,0.005511824286824287,4.753391391391391,8.0,0.05917400051150124,0.5333706647288284,0.52977757047546,1066.7413294576568,0.012036084180372757,0.0,0.069,1001.0,0.19638700211087443,0.33390159661355273,0.52977757047546,0.7150586241582266,0.871422651011831,6,1257262418
capacity_only,1.0,1.0,0.0,2,16,headline,1000,16,,,30,1000,2000,False,completed,0,0,4.0,16.0,0.33194800000000013,0.004,1,1000,1.0,0.006134831834831835,4.78154954954955,8.0,0.08326473747048427,0.521708365840802,0.5027598758741756,1043.416731681604,0.012036084180372757,0.0,0.065,1001.0,0.1956175954016335,0.31876545771029957,0.5027598758741756,0.6995391198128099,0.8786607761755967,7,750766117
capacity_only,1.0,1.0,0.0,2,16,headline,1000,16,,,30,1000,2000,False,completed,0,0,4.0,16.0,0.3367850000000001,0.004,1,1000,1.0,0.008251173826173826,4.756966966966967,8.0,0.06986043095397482,0.516557609958766,0.5100427263997214,1033.115219917532,0.012036084180372757,0.0,0.065,1001.0,0.1844404495966418,0.31967318112374443,0.5100427263997214,0.7022712876237215,0.8507017085601127,8,2865738044
capacity_only,1.0,1.0,0.0,2,16,headline,1000,16,,,30,1000,2000,False,completed,0,0,4.0,16.0,0.335048,0.004,1,1000,1.0,0.0024501498501498502,4.774232232232232,8.0,0.05515418061059922,0.5233872499010825,0.5126911825097323,1046.774499802165,0.012036084180372757,0.0,0.063,1001.0,0.20184301217205708,0.33784836749345315,0.5126911825097323,0.6978482067364333,0.8626863344123458,9,1639147187
capacity_only,1.0,1.0,0.0,2,16,headline,1000,16,,,30,1000,2000,False,completed,0,0,4.0,16.0,0.33290600000000015,0.006,1,1000,1.0,0.013848898323898323,4.785963963963964,8.0,0.08826248315652187,0.5219233468286607,0.5132859482955541,1043.8466936573213,0.012036084180372757,0.0,0.063,1001.0,0.19802281367654787,0.3376290020709696,0.5132859482955541,0.6994904885016944,0.8621369026960165,10,3600902713
capacity_only,1.0,1.0,0.0,2,16,headline,1000,16,,,30,1000,2000,False,completed,0,0,4.0,16.0,0.3374165,0.005,1,1000,1.0,0.00506431623931624,4.748556556556556,8.0,0.045572105587910805,0.5304766260182816,0.5206202427969426,1060.9532520365633,0.012036084180372757,0.0,0.064,1001.0,0.20661943308604291,0.3494436707167241,0.5206202427969426,0.7088922799130299,0.8631328816221544,11,2011943959
capacity_only,1.0,1.0,0.0,2,16,headline,1000,16,,,30,1000,2000,False,completed,0,0,4.0,16.0,0.33658450000000006,0.006,1,1000,1.0,0.012015631590631591,4.757495495495496,8.0,0.07898347677839458,0.5074515837646755,0.48937879614494306,1014.9031675293509,0.012036084180372757,0.0,0.071,1001.0,0.18974955059887752,0.32026809292605646,0.48937879614494306,0.6821552554852564,0.8500253466699925,12,192138590
capacity_only,1.0,1.0,0.0,2,16,headline,1000,16,,,30,1000,2000,False,completed,0,0,4.0,16.0,0.3365790000000002,0.005,1,1000,1.0,0.007536568986568987,4.757927927927928,8.0,0.057662492597681636,0.5375995385677668,0.5376319868091917,1075.1990771355336,0.012036084180372757,0.0,0.06,1001.0,0.19968103674781498,0.34264661994914725,0.5376319868091917,0.7157206298504833,0.8771442137685032,13,1676241628
capacity_only,1.0,1.0,0.0,2,16,headline,1000,16,,,30,1000,2000,False,completed,0,0,4.0,16.0,0.33471550000000017,0.005,1,1000,1.0,0.005742227217227217,4.765953953953954,8.0,0.08210910351869938,0.5003680011480784,0.48614885307844147,1000.7360022961568,0.012036084180372757,0.0,0.061,1001.0,0.17804038897349722,0.30311947571486325,0.48614885307844147,0.6804730774935943,0.8457779237925828,14,2149156965
capacity_only,1.0,1.0,0.0,2,16,headline,1000,16,,,30,1000,2000,False,completed,0,0,4.0,16.0,0.33870200000000006,0.004,1,1000,1.0,0.011546686646686647,4.739013013013013,8.0,0.0334843082746906,0.5110867970282642,0.4929095810949237,1022.1735940565284,0.012036084180372757,0.0,0.066,1001.0,0.18735169477693978,0.3206422753992543,0.4929095810949237,0.6890341419302752,0.8562030500629081,15,1094611069
capacity_only,1.0,1.0,0.0,2,16,headline,1000,16,,,30,1000,2000,False,completed,0,0,4.0,16.0,0.33672250000000004,0.005,1,1000,1.0,0.007335187035187035,4.773465465465465,8.0,0.055638664212076104,0.506329915933863,0.4868353703651909,1012.659831867726,0.012036084180372757,0.0,0.068,1001.0,0.18125344003496097,0.3150600203197429,0.4868353703651909,0.6864873856173888,0.8420711563447527,16,3341106716
capacity_only,1.0,1.0,0.0,2,16,headline,1000,16,,,30,1000,2000,False,completed,0,0,4.0,16.0,0.34024450000000006,0.005,1,1000,1.0,0.007353651903651903,4.732630630630631,8.0,0.052205670975959066,0.5168557630220598,0.5036884278744315,1033.7115260441196,0.012036084180372757,0.0,0.07,1001.0,0.18917850737250938,0.31826533766192266,0.5036884278744315,0.7165265865015631,0.8618775456831345,17,2193898637
capacity_only,1.0,1.0,0.0,2,16,headline,1000,16,,,30,1000,2000,False,completed,0,0,4.0,16.0,0.3334910000000002,0.005,1,1000,1.0,0.006405616605616606,4.7743723723723726,8.0,0.07810357602132481,0.5159595913011049,0.505287061603209,1031.9191826022097,0.012036084180372757,0.0,0.064,1001.0,0.1804004217392402,0.32013863237845647,0.505287061603209,0.701438449679024,0.8659188421203546,18,3643922045
capacity_only,1.0,1.0,0.0,2,16,headline,1000,16,,,30,1000,2000,False,completed,0,0,4.0,16.0,0.3393495000000002,0.005,1,1000,1.0,0.006452711177711177,4.729263263263263,8.0,0.06402055825877015,0.524802657236621,0.5141135813980939,1049.605314473242,0.012036084180372757,0.0,0.067,1001.0,0.2047020423129553,0.33291174698545944,0.5141135813980939,0.7094954125308941,0.8635590263637218,19,3853001418
capacity_only,1.0,1.0,0.0,2,16,headline,1000,16,,,30,1000,2000,False,completed,0,0,4.0,16.0,0.3398215000000002,0.004,1,1000,1.0,0.00784998334998335,4.747441441441442,8.0,0.04597888472944217,0.5194472188061048,0.5090035247488449,1038.8944376122095,0.012036084180372757,0.0,0.064,1001.0,0.2072142874833526,0.33299848479357813,0.5090035247488449,0.6935004952887072,0.8460516004844402,20,4202200492
capacity_only,1.0,1.0,0.0,2,16,headline,1000,16,,,30,1000,2000,False,completed,0,0,4.0,16.0,0.3307945000000001,0.005,1,1000,1.0,0.006084573759573759,4.790366366366366,8.0,0.08280461166098599,0.5033456855859698,0.4886899684170473,1006.6913711719396,0.012036084180372757,0.0,0.064,1001.0,0.19092577636191777,0.31557234808269813,0.4886899684170473,0.687348007178985,0.8311692148417779,21,4196079016
capacity_only,1.0,1.0,0.0,2,16,headline,1000,16,,,30,1000,2000,False,completed,0,0,4.0,16.0,0.33272900000000005,0.007,1,1000,1.0,0.006444047619047619,4.786052052052052,8.0,0.09372224431686901,0.518644485979896,0.5118396015966362,1037.288971959792,0.012036084180372757,0.0,0.062,1001.0,0.19925878922188908,0.3292053898539936,0.5118396015966362,0.6898780485615597,0.8554712850212212,22,2151473055
capacity_only,1.0,1.0,0.0,2,16,headline,1000,16,,,30,1000,2000,False,completed,0,0,4.0,16.0,0.33739850000000016,0.004,1,1000,1.0,0.006071617271617272,4.765897897897898,8.0,0.055973710133308825,0.5114362533774601,0.5025811132135003,1022.8725067549203,0.012036084180372757,0.0,0.072,1001.0,0.189416256769981,0.31739705650695793,0.5025811132135003,0.6907173808754674,0.8494539295815351,23,1990171073
capacity_only,1.0,1.0,0.0,2,16,headline,1000,16,,,30,1000,2000,False,completed,0,0,4.0,16.0,0.33888150000000006,0.002,1,1000,1.0,0.0076037434787434785,4.739151151151151,8.0,0.07727904206631962,0.5232211092739789,0.5098849406594239,1046.4422185479577,0.012036084180372757,0.0,0.071,1001.0,0.193792569328359,0.3324266190889709,0.5098849406594239,0.7052209491193677,0.8650489846426258,24,3721745016
capacity_only,1.0,1.0,0.0,2,16,headline,1000,16,,,30,1000,2000,False,completed,0,0,4.0,16.0,0.3360280000000002,0.003,1,1000,1.0,0.004080377955377955,4.7458438438438435,8.0,0.0793262517836015,0.5157243945540582,0.5059111613913572,1031.4487891081162,0.012036084180372757,0.0,0.069,1001.0,0.19247639924203253,0.32483915758989523,0.5059111613913572,0.6976460930404356,0.848437991064845,25,1033652558
capacity_only,1.0,1.0,0.0,2,16,headline,1000,16,,,30,1000,2000,False,completed,0,0,4.0,16.0,0.3368315000000002,0.002,1,1000,1.0,0.008879184704184704,4.74217017017017,8.0,0.07922586707203333,0.5198506517402867,0.5094502123833037,1039.7013034805734,0.012036084180372757,0.0,0.062,1001.0,0.19513381128816648,0.3204241132914269,0.5094502123833037,0.6916644284488643,0.8612135817534126,26,1723503216
capacity_only,1.0,1.0,0.0,2,16,headline,1000,16,,,30,1000,2000,False,completed,0,0,4.0,16.0,0.33665650000000014,0.004,1,1000,1.0,0.0068754662004662,4.753293293293293,8.0,0.08812187747031852,0.5378931222695338,0.5233060664024947,1075.7862445390676,0.012036084180372757,0.0,0.059,1001.0,0.2103751880825394,0.3459909396756399,0.5233060664024947,0.7222575480335999,0.8794674665024237,27,3231606052
capacity_only,1.0,1.0,0.0,2,16,headline,1000,16,,,30,1000,2000,False,completed,0,0,4.0,16.0,0.3326100000000001,0.004,1,1000,1.0,0.0050580114330114325,4.756298298298298,8.0,0.08489179759061066,0.5217269687670095,0.5086951408008282,1043.4539375340191,0.012036084180372757,0.0,0.072,1001.0,0.18874522371076657,0.32710996167278317,0.5086951408008282,0.6991780766730267,0.8612965671015218,28,4159454790
capacity_only,1.0,1.0,0.0,2,16,headline,1000,16,,,30,1000,2000,False,completed,0,0,4.0,16.0,0.3361375000000002,0.006,1,1000,1.0,0.006111438561438561,4.753003003003003,8.0,0.06151899882401261,0.5114767935614619,0.497930142168573,1022.9535871229238,0.012036084180372757,0.0,0.064,1001.0,0.19599376236906293,0.32759504117952093,0.497930142168573,0.688509794860115,0.8462465871752176,29,2064346389
spatial_only,1.0,0.0,1.0,2,very_large,headline,1000,very_large,,,30,1000,2000,False,completed,0,0,4.0,82.0,0.39208200000000004,0.0,1,1000,1.0,0.03415893617343678,4.026456456456456,7.0,-0.09690865524439009,0.3486663184720224,0.294557234206168,697.3326369440448,0.07823454717242292,0.0,0.052,1001.0,0.05450753424031002,0.13935209089926703,0.294557234206168,0.5267145160038682,0.7184753813659622,0,3919840632
spatial_only,1.0,0.0,1.0,2,very_large,headline,1000,very_large,,,30,1000,2000,False,completed,0,0,4.0,74.0,0.39181850000000007,0.0,1,1000,1.0,0.03773914805569559,4.083627627627628,7.0,-0.09995158712339332,0.35289487311206164,0.3078183408189269,705.7897462241233,0.07021049105217442,0.0,0.054,1001.0,0.06157380049900761,0.1434085010871885,0.3078183408189269,0.5261444595605413,0.7317190320113868,1,1094531360
spatial_only,1.0,0.0,1.0,2,very_large,headline,1000,very_large,,,30,1000,2000,False,completed,0,0,4.0,60.0,0.3864780000000001,0.0,1,1000,1.0,0.02997356512615821,4.10173973973974,7.0,-0.09560274939249509,0.35222175075187523,0.3127567259371177,704.4435015037504,0.05616839284173954,0.0,0.053,1001.0,0.05043871328852188,0.1401758378790796,0.3127567259371177,0.523912342317354,0.72295723450069,2,1443283004
spatial_only,1.0,0.0,1.0,2,very_large,headline,1000,very_large,,,30,1000,2000,False,completed,0,0,4.0,74.0,0.39144250000000014,0.0,1,1000,1.0,0.034830661525713506,4.067065065065065,7.0,-0.09437346873788363,0.3462822604842925,0.29229899509977364,692.564520968585,0.07021049105217442,0.0,0.054,1001.0,0.05491739255568969,0.13275841730899696,0.29229899509977364,0.5169871650795966,0.7197365251722155,3,211199263
spatial_only,1.0,0.0,1.0,2,very_large,headline,1000,very_large,,,30,1000,2000,False,completed,0,0,4.0,145.0,0.3940595,0.0,1,1000,1.0,0.05883499961149172,3.853171171171171,7.0,-0.0872577160502532,0.35254021253106316,0.3106333649316088,705.0804250621263,0.1414239891193799,0.0,0.051,1001.0,0.05873133371810672,0.1429454410133086,0.3106333649316088,0.5179210571696018,0.7264258184750934,4,452359000
spatial_only,1.0,0.0,1.0,2,very_large,headline,1000,very_large,,,30,1000,2000,False,completed,0,0,4.0,101.0,0.3881370000000002,0.0,1,1000,1.0,0.030062433247873097,4.117911911911912,7.0,-0.08712406535338377,0.351639012854504,0.30282419546496,703.278025709008,0.09729168045801312,0.0,0.056,1001.0,0.06382289714381932,0.14894275737446777,0.30282419546496,0.524010825308594,0.715012066203065,5,3042805441
spatial_only,1.0,0.0,1.0,2,very_large,headline,1000,very_large,,,30,1000,2000,False,completed,0,0,4.0,83.0,0.3919515,0.0,1,1000,1.0,0.03068452536862372,3.984,7.0,-0.09091893968936503,0.34806888971943895,0.2959263650763463,696.1377794388779,0.07923755418745398,0.0,0.054,1001.0,0.058295545295311633,0.1391577027268165,0.2959263650763463,0.5218998465152908,0.7259062474373079,6,183123959
spatial_only,1.0,0.0,1.0,2,very_large,headline,1000,very_large,,,30,1000,2000,False,completed,0,0,4.0,63.0,0.39258000000000015,0.0,1,1000,1.0,0.02685725533600296,4.073887887887888,7.0,-0.09630085873974141,0.344611011504083,0.29319779993340034,689.222023008166,0.05917741388683272,0.0,0.053,1001.0,0.06066933078936321,0.14213164419507138,0.29319779993340034,0.49474748746958236,0.7098261148275141,7,3634072224
spatial_only,1.0,0.0,1.0,2,very_large,headline,1000,very_large,,,30,1000,2000,False,completed,0,0,4.0,57.0,0.3856885000000001,0.0,1,1000,1.0,0.018802052588798027,4.192538538538539,8.0,-0.07045767319517059,0.3435921091660138,0.2857397684870843,687.1842183320276,0.05315937179664634,0.0,0.067,1001.0,0.049381641280781756,0.1329089821439017,0.2857397684870843,0.5161471349014135,0.7213387777034915,8,3684249993
spatial_only,1.0,0.0,1.0,2,very_large,headline,1000,very_large,,,30,1000,2000,False,completed,0,0,4.0,77.0,0.39235450000000016,0.0,1,1000,1.0,0.043269015916535356,4.056762762762763,7.0,-0.11063173362991713,0.3540097392760613,0.30314244596963624,708.0194785521226,0.07321951209726761,0.0,0.056,1001.0,0.0577915267201787,0.1401091875570727,0.30314244596963624,0.5290937237585656,0.7241506576977048,9,1495853621
spatial_only,1.0,0.0,1.0,2,very_large,headline,1000,very_large,,,30,1000,2000,False,completed,0,0,4.0,92.0,0.3848665,0.0,1,1000,1.0,0.034422338801031536,4.0637257257257255,7.0,-0.07270852252595518,0.35250724710703657,0.3061924577700317,705.0144942140731,0.08826461732273355,0.0,0.059,1001.0,0.0574686864070049,0.1348674431277698,0.3061924577700317,0.5230025056773406,0.7309066931675697,10,2045285926
spatial_only,1.0,0.0,1.0,2,very_large,headline,1000,very_large,,,30,1000,2000,False,completed,0,0,4.0,74.0,0.38618450000000015,0.0,1,1000,1.0,0.021447456518495094,4.176996996996997,8.0,-0.09554182895577368,0.3492280724052893,0.3039434396334786,698.4561448105786,0.07021049105217442,0.0,0.058,1001.0,0.062371413871148404,0.14071030378213645,0.3039434396334786,0.508929693997727,0.7229370823123612,11,2836140960
spatial_only,1.0,0.0,1.0,2,very_large,headline,1000,very_large,,,30,1000,2000,False,completed,0,0,4.0,106.0,0.3921835,0.0,1,1000,1.0,0.04265141622689191,3.950626626626627,7.0,-0.08461425523238546,0.3530681237656522,0.31009227991547694,706.1362475313044,0.10230671553316843,0.0,0.051,1001.0,0.05954558829306155,0.13745391073649807,0.31009227991547694,0.5223252024835756,0.7206358969687139,12,773797648
spatial_only,1.0,0.0,1.0,2,very_large,headline,1000,very_large,,,30,1000,2000,False,completed,0,0,4.0,88.0,0.3851945000000001,0.0,1,1000,1.0,0.030639435481773846,4.119903903903904,7.0,-0.055477623289796996,0.3500046203890999,0.3006314663370866,700.0092407781998,0.0842525892626093,0.0,0.058,1001.0,0.0574211681915776,0.13337377578524415,0.3006314663370866,0.5126353730188287,0.7337868688578384,13,1955179443
spatial_only,1.0,0.0,1.0,2,very_large,headline,1000,very_large,,,30,1000,2000,False,completed,0,0,4.0,100.0,0.38997000000000015,0.0,1,1000,1.0,0.03707345574529316,4.0486346346346345,7.0,-0.07195215180833273,0.3667255659129934,0.31190072342628283,733.4511318259867,0.09628867344298206,0.0,0.062,1001.0,0.05753275432029841,0.1401721385398989,0.31190072342628283,0.5549503046462723,0.7784477895175852,14,440134157
spatial_only,1.0,0.0,1.0,2,very_large,headline,1000,very_large,,,30,1000,2000,False,completed,0,0,4.0,92.0,0.3862025,0.0,1,1000,1.0,0.04662579425392679,3.9904384384384386,7.0,-0.06830306124498835,0.357502483388574,0.30514212516104267,715.004966777148,0.08826461732273355,0.0,0.051,1001.0,0.05695431474570107,0.14726033339495043,0.30514212516104267,0.5319721197574407,0.748749302041327,15,3037025932
spatial_only,1.0,0.0,1.0,2,very_large,headline,1000,very_large,,,30,1000,2000,False,completed,0,0,4.0,74.0,0.3880665000000001,0.0,1,1000,1.0,0.03128876385218428,4.045901901901902,7.0,-0.07704697520118807,0.3458842877377652,0.2982043100755829,691.7685754755304,0.07021049105217442,0.0,0.053,1001.0,0.054792642859419656,0.14521066066071037,0.2982043100755829,0.5140633760276133,0.7017610975959333,16,1060657472
spatial_only,1.0,0.0,1.0,2,very_large,headline,1000,very_large,,,30,1000,2000,False,completed,0,0,4.0,59.0,0.39126150000000015,0.0,1,1000,1.0,0.03305262593718415,4.117459459459459,8.0,-0.08056186731986213,0.3434063657919186,0.2956742009480199,686.8127315838371,0.05516538582670847,0.0,0.058,1001.0,0.05681302916632678,0.14778858542405124,0.2956742009480199,0.5062447111697592,0.7093953529972306,17,2982809957
spatial_only,1.0,0.0,1.0,2,very_large,headline,1000,very_large,,,30,1000,2000,False,completed,0,0,4.0,91.0,0.39325350000000014,0.0,1,1000,1.0,0.04265049296739934,3.9874394394394392,8.0,-0.10393881568977896,0.3529322841176906,0.2998474754083107,705.8645682353813,0.08726161030770249,0.0,0.048,1001.0,0.060353804483851754,0.1419306866824569,0.2998474754083107,0.5258838005820642,0.7327698012238235,18,2597536797
spatial_only,1.0,0.0,1.0,2,very_large,headline,1000,very_large,,,30,1000,2000,False,completed,0,0,4.0,102.0,0.38740550000000007,0.0,1,1000,1.0,0.039210228190926656,3.995963963963964,7.0,-0.08537514705717326,0.3491965497878018,0.30471465703540807,698.3930995756036,0.09829468747304419,0.0,0.05,1001.0,0.059751254380720216,0.14556779641991904,0.30471465703540807,0.514439001102247,0.7167245963736366,19,2169591320
spatial_only,1.0,0.0,1.0,2,very_large,headline,1000,very_large,,,30,1000,2000,False,completed,0,0,4.0,78.0,0.3884035000000001,0.0,1,1000,1.0,0.03187302485134053,4.032164164164164,7.0,-0.08893317377028415,0.35771603549092845,0.3016085391591837,715.4320709818569,0.07422251911229867,0.0,0.053,1001.0,0.05491671861033946,0.13199073529515576,0.3016085391591837,0.5381438955365399,0.7609581230807256,20,3484272846
spatial_only,1.0,0.0,1.0,2,very_large,headline,1000,very_large,,,30,1000,2000,False,completed,0,0,4.0,85.0,0.3933380000000002,0.0,1,1000,1.0,0.042548011968709123,4.010988988988989,7.0,-0.09097651304157316,0.35412241773201725,0.3084601116690171,708.2448354640345,0.08124356821751612,0.0,0.051,1001.0,0.06102012172345343,0.15242901723342112,0.3084601116690171,0.5167352946059927,0.7109910039322919,21,1789560938
spatial_only,1.0,0.0,1.0,2,very_large,headline,1000,very_large,,,30,1000,2000,False,completed,0,0,4.0,78.0,0.3945550000000002,0.0,1,1000,1.0,0.04112997664575044,4.019273273273273,7.0,-0.08398997726535165,0.35712552398147684,0.30227654479167076,714.2510479629536,0.07422251911229867,0.0,0.061,1001.0,0.05531691609026489,0.13422612016216645,0.30227654479167076,0.5356566753973921,0.7425716667712674,22,2503907642
spatial_only,1.0,0.0,1.0,2,very_large,headline,1000,very_large,,,30,1000,2000,False,completed,0,0,4.0,84.0,0.3929805000000002,0.0,1,1000,1.0,0.03342908979319113,3.9992352352352354,7.0,-0.09728603803376681,0.3423788366290992,0.29413312744787806,684.7576732581983,0.08024056120248504,0.0,0.058,1001.0,0.06093731025528598,0.1358733273958758,0.29413312744787806,0.4979274988482312,0.7071882595050791,23,986321204
spatial_only,1.0,0.0,1.0,2,very_large,headline,1000,very_large,,,30,1000,2000,False,completed,0,0,4.0,58.0,0.38972700000000016,0.0,1,1000,1.0,0.03677290622639879,4.132780780780781,8.0,-0.09373748262425508,0.33989128157731524,0.2914060409086755,679.7825631546305,0.05416237881167741,0.0,0.062,1001.0,0.057472623583096835,0.13305530645125632,0.2914060409086755,0.5025114973689911,0.6982631233473655,24,2371512091
spatial_only,1.0,0.0,1.0,2,very_large,headline,1000,very_large,,,30,1000,2000,False,completed,0,0,4.0,95.0,0.39312950000000013,0.0,1,1000,1.0,0.04046693284358704,3.9546546546546546,7.0,-0.09135075248626497,0.36068531207991666,0.3168197918089343,721.3706241598334,0.09127363836782675,0.0,0.056,1001.0,0.05961672990409341,0.15176604238809632,0.3168197918089343,0.5290773909184684,0.7380338877679374,25,3735503198
spatial_only,1.0,0.0,1.0,2,very_large,headline,1000,very_large,,,30,1000,2000,False,completed,0,0,4.0,79.0,0.388355,0.0,1,1000,1.0,0.03944519044235949,4.012644644644644,7.0,-0.08709146670168744,0.3477435374072786,0.3012168244679875,695.4870748145572,0.07522552612732973,0.0,0.055,1001.0,0.060762284556248936,0.14149584737249682,0.3012168244679875,0.5147834111534482,0.7029182719234965,26,4228573598
spatial_only,1.0,0.0,1.0,2,very_large,headline,1000,very_large,,,30,1000,2000,False,completed,0,0,4.0,91.0,0.39226800000000006,0.0,1,1000,1.0,0.03277524853763688,4.0685745745745745,7.0,-0.08605306047503222,0.33859194060769715,0.29015069199629606,677.1838812153943,0.08726161030770249,0.0,0.057,1001.0,0.057890583579565225,0.1352190824896582,0.29015069199629606,0.5007015738312075,0.69613045712842,27,1225458812
spatial_only,1.0,0.0,1.0,2,very_large,headline,1000,very_large,,,30,1000,2000,False,completed,0,0,4.0,92.0,0.39423450000000004,0.0,1,1000,1.0,0.03633273329655154,4.0506626626626625,7.0,-0.09674857939666585,0.3402224279695886,0.29150255464908376,680.4448559391773,0.08826461732273355,0.0,0.058,1001.0,0.06011357802211151,0.13390057905835542,0.29150255464908376,0.5003622514114635,0.7135769336639974,28,3061227289
spatial_only,1.0,0.0,1.0,2,very_large,headline,1000,very_large,,,30,1000,2000,False,completed,0,0,4.0,72.0,0.3915725000000001,0.0,1,1000,1.0,0.029332908565502875,4.085329329329329,7.0,-0.08021616120828982,0.34678544741237105,0.29339337650578484,693.5708948247421,0.0682044770221123,0.0,0.059,1001.0,0.05943183801158049,0.13561396336477402,0.29339337650578484,0.5184049019931918,0.7154391702104262,29,2857336980
general_model,1.0,1.0,1.0,2,16,headline,1000,16,,,30,1000,2000,False,completed,0,0,4.0,16.0,0.33591800000000016,0.002,1,1000,1.0,0.006487925962925962,4.765695695695696,8.0,0.07689762612611939,0.34928464064718234,0.30198904963463313,698.5692812943647,0.012036084180372757,0.0,0.073,1001.0,0.05830768327972875,0.1384569096600758,0.30198904963463313,0.5109055146691884,0.7269580839121212,0,2816671198
general_model,1.0,1.0,1.0,2,16,headline,1000,16,,,30,1000,2000,False,completed,0,0,4.0,16.0,0.3367705000000001,0.005,1,1000,1.0,0.011091908091908092,4.766510510510511,8.0,0.05303268930381142,0.3561448989038586,0.30396697971481446,712.2897978077172,0.012036084180372757,0.0,0.062,1001.0,0.06042031287096017,0.1369345030470882,0.30396697971481446,0.5353781937829151,0.7445763510468049,1,3435188611
general_model,1.0,1.0,1.0,2,16,headline,1000,16,,,30,1000,2000,False,completed,0,0,4.0,16.0,0.3366040000000001,0.003,1,1000,1.0,0.010986938061938062,4.754164164164164,8.0,0.05630254397656415,0.35422088010900116,0.3057338150131559,708.4417602180023,0.012036084180372757,0.0,0.073,1001.0,0.05924585725137519,0.14236575825236594,0.3057338150131559,0.5184255767930634,0.7185658792362848,2,3054904848
general_model,1.0,1.0,1.0,2,16,headline,1000,16,,,30,1000,2000,False,completed,0,0,4.0,16.0,0.34048600000000007,0.004,1,1000,1.0,0.009598987123987124,4.7368188188188185,8.0,0.034363397277227314,0.3361860942785701,0.27868484095378265,672.3721885571402,0.012036084180372757,0.0,0.067,1001.0,0.050775282028480445,0.12781280942514908,0.27868484095378265,0.5045502271545131,0.7118921734896374,3,441290207
general_model,1.0,1.0,1.0,2,16,headline,1000,16,,,30,1000,2000,False,completed,0,0,4.0,16.0,0.33451450000000005,0.003,1,1000,1.0,0.009832178932178932,4.760086086086086,8.0,0.07469377669525905,0.34923653174517155,0.2957210198580858,698.4730634903431,0.012036084180372757,0.0,0.061,1001.0,0.055185414964683835,0.13287127538700735,0.2957210198580858,0.5297760269594343,0.7292562277776213,4,1316818849
general_model,1.0,1.0,1.0,2,16,headline,1000,16,,,30,1000,2000,False,completed,0,0,4.0,16.0,0.3383815000000001,0.003,1,1000,1.0,0.006671134421134421,4.748474474474475,8.0,0.04836578006364373,0.3570291578433857,0.29720509648384863,714.0583156867714,0.012036084180372757,0.0,0.066,1001.0,0.06377225963168712,0.14936898889245184,0.29720509648384863,0.5233340980637069,0.7467810668415737,5,3923512615
general_model,1.0,1.0,1.0,2,16,headline,1000,16,,,30,1000,2000,False,completed,0,0,4.0,16.0,0.3375300000000001,0.006,1,1000,1.0,0.00782009102009102,4.754532532532533,8.0,0.07812941613918854,0.3560496952869523,0.3088476766878021,712.0993905739045,0.012036084180372757,0.0,0.071,1001.0,0.05399366363233916,0.1371017913402916,0.3088476766878021,0.5273914742804712,0.7546483258689523,6,2891596144
general_model,1.0,1.0,1.0,2,16,headline,1000,16,,,30,1000,2000,False,completed,0,0,4.0,16.0,0.33425300000000013,0.005,1,1000,1.0,0.008605289155289155,4.778164164164164,8.0,0.0756122862815415,0.34927952470049056,0.29603381029305553,698.5590494009812,0.012036084180372757,0.0,0.067,1001.0,0.05963370496417597,0.13978237776091829,0.29603381029305553,0.5117095730442985,0.7299221049905299,7,886809020
general_model,1.0,1.0,1.0,2,16,headline,1000,16,,,30,1000,2000,False,completed,0,0,4.0,16.0,0.3353785,0.002,1,1000,1.0,0.012307933732933733,4.767993993993994,8.0,0.06554637846276443,0.35045185029599235,0.2951737625025984,700.9037005919847,0.012036084180372757,0.0,0.07,1001.0,0.049867608132521085,0.13079397685584082,0.2951737625025984,0.5354405226647013,0.7322901480290646,8,4201446473
general_model,1.0,1.0,1.0,2,16,headline,1000,16,,,30,1000,2000,False,completed,0,0,4.0,16.0,0.3357595000000002,0.005,1,1000,1.0,0.010030422355422355,4.76244044044044,8.0,0.07149619231581952,0.34571210408647857,0.29994362288260895,691.4242081729572,0.012036084180372757,0.0,0.072,1001.0,0.04880246006617841,0.13736045177560274,0.29994362288260895,0.5163786828285175,0.7094458573321598,9,3207778237
general_model,1.0,1.0,1.0,2,16,headline,1000,16,,,30,1000,2000,False,completed,0,0,4.0,16.0,0.3338175000000001,0.005,1,1000,1.0,0.005983130758130758,4.79021021021021,8.0,0.10773888090059854,0.35785453068562606,0.3069547287975692,715.7090613712521,0.012036084180372757,0.0,0.061,1001.0,0.05467927854080013,0.14426353125538782,0.3069547287975692,0.5347347835941244,0.7433885568516523,10,628488169
general_model,1.0,1.0,1.0,2,16,headline,1000,16,,,30,1000,2000,False,completed,0,0,4.0,16.0,0.33928550000000013,0.007,1,1000,1.0,0.018136960261960263,4.733687687687688,8.0,0.05232142664211471,0.35161460648123133,0.296018678161302,703.2292129624626,0.012036084180372757,0.0,0.073,1001.0,0.056478695005405255,0.1409188564133588,0.296018678161302,0.5170399678042514,0.7286907558580696,11,3379898639
general_model,1.0,1.0,1.0,2,16,headline,1000,16,,,30,1000,2000,False,completed,0,0,4.0,16.0,0.3326705000000001,0.006,1,1000,1.0,0.006088869463869464,4.78736936936937,8.0,0.07874943454164876,0.34481153852646607,0.29706119367849687,689.6230770529321,0.012036084180372757,0.0,0.058,1001.0,0.05806199189839333,0.1350053129016483,0.29706119367849687,0.5105750532477531,0.7282339120850095,12,4293878964
general_model,1.0,1.0,1.0,2,16,headline,1000,16,,,30,1000,2000,False,completed,0,0,4.0,16.0,0.33674550000000014,0.009,1,1000,1.0,0.0063229464979464986,4.766544544544544,8.0,0.04490913491089272,0.3433153480135275,0.2942912417888979,686.6306960270549,0.012036084180372757,0.0,0.072,1001.0,0.05264400816515452,0.1352609805857313,0.2942912417888979,0.5103116361272448,0.725926504130733,13,3100296937
general_model,1.0,1.0,1.0,2,16,headline,1000,16,,,30,1000,2000,False,completed,0,0,4.0,16.0,0.3362130000000001,0.005,1,1000,1.0,0.00758999333999334,4.776990990990991,9.0,0.050523529366076875,0.33916388426518485,0.2791462224530428,678.3277685303697,0.012036084180372757,0.0,0.058,1001.0,0.0519439537765729,0.12917205104304758,0.2791462224530428,0.5079935503514114,0.7190286461633464,14,2995029473
general_model,1.0,1.0,1.0,2,16,headline,1000,16,,,30,1000,2000,False,completed,0,0,4.0,16.0,0.33405050000000003,0.003,1,1000,1.0,0.009978194028194028,4.778450450450451,8.0,0.09171087923627726,0.3395182578036174,0.2954611492305538,679.0365156072347,0.012036084180372757,0.0,0.063,1001.0,0.05177800349956168,0.12971079657364679,0.2954611492305538,0.505745879370391,0.7019346054433265,15,3313724708
general_model,1.0,1.0,1.0,2,16,headline,1000,16,,,30,1000,2000,False,completed,0,0,4.0,16.0,0.3359150000000002,0.003,1,1000,1.0,0.012127658452658454,4.7667107107107105,8.0,0.0700259537554246,0.3514594764928163,0.30690236535774323,702.9189529856326,0.012036084180372757,0.0,0.063,1001.0,0.059125485774757146,0.14549050798302054,0.30690236535774323,0.5122712989516373,0.7167462473674076,16,4241058141
general_model,1.0,1.0,1.0,2,16,headline,1000,16,,,30,1000,2000,False,completed,0,0,4.0,16.0,0.3342855,0.004,1,1000,1.0,0.013447372072372073,4.753187187187187,8.0,0.09167949851045677,0.3444757140132101,0.3018873304864037,688.9514280264202,0.012036084180372757,0.0,0.062,1001.0,0.04904642338504053,0.1340178161006963,0.3018873304864037,0.5142583034173668,0.7242373942726456,17,2019933316
general_model,1.0,1.0,1.0,2,16,headline,1000,16,,,30,1000,2000,False,completed,0,0,4.0,16.0,0.33438600000000007,0.005,1,1000,1.0,0.00904081474081474,4.743061061061061,8.0,0.08131920598240976,0.35311913938016526,0.3055103014734893,706.2382787603306,0.012036084180372757,0.0,0.065,1001.0,0.05261878666325053,0.1329189259020999,0.3055103014734893,0.5349130626373012,0.7304415065433214,18,2339725572
general_model,1.0,1.0,1.0,2,16,headline,1000,16,,,30,1000,2000,False,completed,0,0,4.0,16.0,0.338295,0.003,1,1000,1.0,0.005392604617604617,4.760338338338339,8.0,0.05858350471752437,0.35273652387443166,0.2990823421155808,705.4730477488633,0.012036084180372757,0.0,0.069,1001.0,0.0588349817165796,0.13808772451989748,0.2990823421155808,0.522464269568468,0.7428312834902202,19,1339677373
general_model,1.0,1.0,1.0,2,16,headline,1000,16,,,30,1000,2000,False,completed,0,0,4.0,16.0,0.34033650000000004,0.005,1,1000,1.0,0.008200513375513375,4.742306306306307,8.0,0.04385005404589083,0.3417334559393166,0.3000450117256342,683.4669118786331,0.012036084180372757,0.0,0.067,1001.0,0.05431491150257048,0.14323658268387177,0.3000450117256342,0.4996365882757712,0.7038160397860966,20,1262799978
general_model,1.0,1.0,1.0,2,16,headline,1000,16,,,30,1000,2000,False,completed,0,0,4.0,16.0,0.33947250000000007,0.005,1,1000,1.0,0.011258774558774559,4.7466106106106105,8.0,0.036320776169578954,0.34962781361652584,0.2927506075209172,699.2556272330517,0.012036084180372757,0.0,0.073,1001.0,0.049629998537982035,0.12957261836263906,0.2927506075209172,0.5294690121328252,0.7504340146173458,21,2269503181
general_model,1.0,1.0,1.0,2,16,headline,1000,16,,,30,1000,2000,False,completed,0,0,4.0,16.0,0.3431175000000002,0.005,1,1000,1.0,0.010314996114996115,4.739025025025025,8.0,0.018186187490189416,0.3444473066170493,0.30096308760993573,688.8946132340986,0.012036084180372757,0.0,0.071,1001.0,0.051822693270361646,0.13514077471798236,0.30096308760993573,0.507564138198193,0.7330024362888068,22,2644764692
general_model,1.0,1.0,1.0,2,16,headline,1000,16,,,30,1000,2000,False,completed,0,0,4.0,16.0,0.3328570000000002,0.003,1,1000,1.0,0.007396653346653346,4.776998998998999,8.0,0.09528197803967774,0.3522128959703563,0.30584401425030083,704.4257919407127,0.012036084180372757,0.0,0.061,1001.0,0.05337770753537615,0.1383383249817125,0.30584401425030083,0.5238354623535514,0.7246417268924982,23,812859444
general_model,1.0,1.0,1.0,2,16,headline,1000,16,,,30,1000,2000,False,completed,0,0,4.0,16.0,0.33779550000000014,0.006,1,1000,1.0,0.007314443889443889,4.763057057057057,8.0,0.07415168602759968,0.3425500804367322,0.28072320814262336,685.1001608734643,0.012036084180372757,0.0,0.066,1001.0,0.05160124032979785,0.12418126860861546,0.28072320814262336,0.5152971128000454,0.7304356842785739,24,1482428769
general_model,1.0,1.0,1.0,2,16,headline,1000,16,,,30,1000,2000,False,completed,0,0,4.0,16.0,0.33856750000000013,0.003,1,1000,1.0,0.007524678099678099,4.746474474474475,8.0,0.05599875679443121,0.3532941377183101,0.29701391134752764,706.5882754366202,0.012036084180372757,0.0,0.066,1001.0,0.05693326271900848,0.13576342722790147,0.29701391134752764,0.5240469406470147,0.7354264515657335,25,2551227874
general_model,1.0,1.0,1.0,2,16,headline,1000,16,,,30,1000,2000,False,completed,0,0,4.0,16.0,0.3369920000000002,0.006,1,1000,1.0,0.006527294927294928,4.7373273273273275,8.0,0.08640075771224597,0.34979629013732244,0.3101021402808784,699.5925802746449,0.012036084180372757,0.0,0.067,1001.0,0.05127967505453756,0.144071469722134,0.3101021402808784,0.5216406553980439,0.7114801091624409,26,152803412
general_model,1.0,1.0,1.0,2,16,headline,1000,16,,,30,1000,2000,False,completed,0,0,4.0,16.0,0.33170500000000014,0.005,1,1000,1.0,0.009047435897435898,4.773785785785786,8.0,0.07748709094476693,0.3625960175738205,0.315270530092873,725.1920351476409,0.012036084180372757,0.0,0.067,1001.0,0.05255804590195016,0.14092816493119983,0.315270530092873,0.5467771083056536,0.751215364703734,27,834546845
general_model,1.0,1.0,1.0,2,16,headline,1000,16,,,30,1000,2000,False,completed,0,0,4.0,16.0,0.3366905,0.003,1,1000,1.0,0.008824564324564325,4.783977977977978,8.0,0.04730337696798085,0.3488137773903617,0.308820696962946,697.6275547807234,0.012036084180372757,0.0,0.069,1001.0,0.054841070295040505,0.14047127956085081,0.308820696962946,0.5204997807564833,0.7110727537416417,28,1010667793
general_model,1.0,1.0,1.0,2,16,headline,1000,16,,,30,1000,2000,False,completed,0,0,4.0,16.0,0.33690200000000003,0.004,1,1000,1.0,0.011937329337329338,4.75824024024024,8.0,0.07467578485422477,0.3457802209604556,0.2940020622974422,691.5604419209111,0.012036084180372757,0.0,0.068,1001.0,0.06040668797185535,0.13075825039721717,0.2940020622974422,0.5207798256329939,0.7256187900246801,29,2169268653
baseline,1.0,1.0,1.0,2,16,sensitivity,1000,16,baseline,0,30,1000,2000,False,completed,0,0,4.0,16.0,0.3348025000000001,0.004,1,1000,1.0,0.007044777444777445,4.779071071071071,9.0,0.03685777141118652,0.35045951440588935,0.29530000738850926,700.9190288117787,0.012036084180372757,0.0,0.065,1001.0,0.05082500951651404,0.13377339733776905,0.29530000738850926,0.5326450613166902,0.7367061536900916,0,1261745038
baseline,1.0,1.0,1.0,2,16,sensitivity,1000,16,baseline,0,30,1000,2000,False,completed,0,0,4.0,16.0,0.3335595,0.005,1,1000,1.0,0.00835514208014208,4.755433433433433,8.0,0.07337005813092862,0.3448040679940576,0.29218196485314324,689.6081359881152,0.012036084180372757,0.0,0.06,1001.0,0.05579414058121308,0.1349358297654853,0.29218196485314324,0.5091664421762866,0.7196269523574526,1,3570235016
baseline,1.0,1.0,1.0,2,16,sensitivity,1000,16,baseline,0,30,1000,2000,False,completed,0,0,4.0,16.0,0.33763450000000006,0.003,1,1000,1.0,0.009874442224442224,4.742594594594594,8.0,0.05141774557953871,0.344018984041677,0.30097124052884705,688.037968083354,0.012036084180372757,0.0,0.061,1001.0,0.05228173703609767,0.14116011271896986,0.30097124052884705,0.5146244740260417,0.7005751200339623,2,4127272891
baseline,1.0,1.0,1.0,2,16,sensitivity,1000,16,baseline,0,30,1000,2000,False,completed,0,0,4.0,16.0,0.3366110000000002,0.001,1,1000,1.0,0.008909953934953934,4.764460460460461,8.0,0.05681851444353093,0.3478377979530526,0.3021361524584266,695.6755959061052,0.012036084180372757,0.0,0.067,1001.0,0.050767652939731456,0.13623844112087066,0.3021361524584266,0.5162099989317356,0.7189452464246185,3,2416035997
baseline,1.0,1.0,1.0,2,16,sensitivity,1000,16,baseline,0,30,1000,2000,False,completed,0,0,4.0,16.0,0.340697,0.005,1,1000,1.0,0.006022724497724497,4.737053053053053,8.0,0.05946180916279809,0.34113968221302865,0.2912572200647876,682.2793644260573,0.012036084180372757,0.0,0.067,1001.0,0.056643228589470095,0.13662452680248952,0.2912572200647876,0.49830270985512204,0.696153754968348,4,1414540179
baseline,1.0,1.0,1.0,2,16,sensitivity,1000,16,baseline,0,30,1000,2000,False,completed,0,0,4.0,16.0,0.34272900000000006,0.004,1,1000,1.0,0.009838328338328338,4.718636636636637,8.0,0.027512641066294433,0.3479014654652666,0.29983559405205124,695.8029309305332,0.012036084180372757,0.0,0.069,1001.0,0.05393866789644879,0.13606877464824962,0.29983559405205124,0.5163101307670301,0.7227041300653113,5,2069616351
baseline,1.0,1.0,1.0,2,16,sensitivity,1000,16,baseline,0,30,1000,2000,False,completed,0,0,4.0,16.0,0.33441600000000005,0.004,1,1000,1.0,0.008707745032745032,4.746166166166166,8.0,0.09716391766876047,0.3526150930269812,0.30514670465792226,705.2301860539624,0.012036084180372757,0.0,0.057,1001.0,0.05147251820573628,0.13646033934376825,0.30514670465792226,0.5352929657292783,0.7196823914999821,6,811361929
baseline,1.0,1.0,1.0,2,16,sensitivity,1000,16,baseline,0,30,1000,2000,False,completed,0,0,4.0,16.0,0.33867,0.004,1,1000,1.0,0.016028074703074706,4.750722722722723,8.0,0.050385564215296996,0.3580327815866982,0.31343672793971444,716.0655631733964,0.012036084180372757,0.0,0.068,1001.0,0.05978553789890833,0.1492979459244289,0.31343672793971444,0.5253408905626071,0.7228311275683565,7,414179746
baseline,1.0,1.0,1.0,2,16,sensitivity,1000,16,baseline,0,30,1000,2000,False,completed,0,0,4.0,16.0,0.3353410000000001,0.004,1,1000,1.0,0.00982005217005217,4.778124124124124,8.0,0.0687168996493046,0.3537350068293823,0.2987030196059762,707.4700136587646,0.012036084180372757,0.0,0.053,1001.0,0.05329010481113151,0.1430493919688186,0.2987030196059762,0.5182181406078668,0.7374614211888624,8,956850490
baseline,1.0,1.0,1.0,2,16,sensitivity,1000,16,baseline,0,30,1000,2000,False,completed,0,0,4.0,16.0,0.3422615000000002,0.005,1,1000,1.0,0.009105919080919081,4.7392572572572575,8.0,0.0323796379598037,0.35150934593424693,0.3051485153576721,703.0186918684939,0.012036084180372757,0.0,0.067,1001.0,0.05661816959297761,0.1412887718813974,0.3051485153576721,0.513390673039547,0.7287214256496503,9,3968121139
baseline,1.0,1.0,1.0,2,16,sensitivity,1000,16,baseline,0,30,1000,2000,False,completed,0,0,4.0,16.0,0.3430765,0.004,1,1000,1.0,0.0124754218004218,4.733515515515515,8.0,0.014523611058438782,0.341159082858926,0.2923296830026697,682.318165717852,0.012036084180372757,0.0,0.072,1001.0,0.05593328972228058,0.13328204086568912,0.2923296830026697,0.5141991757100486,0.7045350866673847,10,1852079850
baseline,1.0,1.0,1.0,2,16,sensitivity,1000,16,baseline,0,30,1000,2000,False,completed,0,0,4.0,16.0,0.3381145000000001,0.004,1,1000,1.0,0.008972557997557997,4.752538538538539,8.0,0.058614343845263546,0.35155217957618207,0.30139356092559155,703.1043591523642,0.012036084180372757,0.0,0.071,1001.0,0.052190453380409126,0.1357814046804749,0.30139356092559155,0.5272016550383584,0.7305151613047864,11,1646877919
baseline,1.0,1.0,1.0,2,16,sensitivity,1000,16,baseline,0,30,1000,2000,False,completed,0,0,4.0,16.0,0.33112150000000007,0.004,1,1000,1.0,0.010827536352536353,4.791229229229229,8.0,0.06005483031527427,0.3546481500942543,0.29910214522887185,709.2963001885087,0.012036084180372757,0.0,0.067,1001.0,0.05817274437738361,0.13502469392666439,0.29910214522887185,0.5300495681381889,0.7459394331497801,12,434453640
baseline,1.0,1.0,1.0,2,16,sensitivity,1000,16,baseline,0,30,1000,2000,False,completed,0,0,4.0,16.0,0.3370335000000002,0.005,1,1000,1.0,0.010835830835830835,4.768602602602603,8.0,0.07039995906513874,0.35726987958247625,0.30414313827808165,714.5397591649524,0.012036084180372757,0.0,0.064,1001.0,0.054281435444107844,0.13777385363464656,0.30414313827808165,0.5463356917221603,0.7368847042170608,13,3748058868
baseline,1.0,1.0,1.0,2,16,sensitivity,1000,16,baseline,0,30,1000,2000,False,completed,0,0,4.0,16.0,0.3336880000000002,0.003,1,1000,1.0,0.011425616050616049,4.792864864864865,9.0,0.06935145531594902,0.3510487051941813,0.3053318714494111,702.0974103883626,0.012036084180372757,0.0,0.06,1001.0,0.05664685205422894,0.1358042709345386,0.3053318714494111,0.5177368687866506,0.7383219347997012,14,4128155470
baseline,1.0,1.0,1.0,2,16,sensitivity,1000,16,baseline,0,30,1000,2000,False,completed,0,0,4.0,16.0,0.3316485,0.004,1,1000,1.0,0.009737690087690086,4.793209209209209,8.0,0.06467441623462919,0.3551680667121917,0.31143139579898604,710.3361334243834,0.012036084180372757,0.0,0.064,1001.0,0.05514810542184681,0.14179494434720163,0.31143139579898604,0.5319860678846726,0.7368612634965298,15,3895454799
baseline,1.0,1.0,1.0,2,16,sensitivity,1000,16,baseline,0,30,1000,2000,False,completed,0,0,4.0,16.0,0.33412300000000017,0.003,1,1000,1.0,0.01574621767121767,4.777101101101101,8.0,0.09220351795056787,0.3422526297079425,0.2976332296230312,684.505259415885,0.012036084180372757,0.0,0.059,1001.0,0.05923743910475399,0.14047168170885038,0.2976332296230312,0.4990233875520937,0.7117398001983649,16,2461672499
baseline,1.0,1.0,1.0,2,16,sensitivity,1000,16,baseline,0,30,1000,2000,False,completed,0,0,4.0,16.0,0.3361385000000001,0.007,1,1000,1.0,0.0054485014985014985,4.740426426426427,8.0,0.08821017891471869,0.3477389857354563,0.2927277609281106,695.4779714709126,0.012036084180372757,0.0,0.06,1001.0,0.05575634833210972,0.12912195412962638,0.2927277609281106,0.519603585538596,0.7424445124893064,17,1937232882
baseline,1.0,1.0,1.0,2,16,sensitivity,1000,16,baseline,0,30,1000,2000,False,completed,0,0,4.0,16.0,0.3392620000000002,0.004,1,1000,1.0,0.008814002664002665,4.750852852852852,8.0,0.0670942643868384,0.35290452368807645,0.2893665496417774,705.8090473761529,0.012036084180372757,0.0,0.068,1001.0,0.052030222786090576,0.1381064892101206,0.2893665496417774,0.5419039158526533,0.7409853021941433,18,2932717314
baseline,1.0,1.0,1.0,2,16,sensitivity,1000,16,baseline,0,30,1000,2000,False,completed,0,0,4.0,16.0,0.3341440000000002,0.006,1,1000,1.0,0.012973357198357197,4.773477477477478,8.0,0.08286481385488448,0.34808986229318295,0.3048409345668304,696.1797245863659,0.012036084180372757,0.0,0.066,1001.0,0.0528459090550144,0.13009587180921,0.3048409345668304,0.5207428678560798,0.7202375011741374,19,3241211286
baseline,1.0,1.0,1.0,2,16,sensitivity,1000,16,baseline,0,30,1000,2000,False,completed,0,0,4.0,16.0,0.33714100000000014,0.002,1,1000,1.0,0.009631676656676656,4.768728728728728,8.0,0.035318469233752994,0.3421894549502871,0.2915385342661813,684.3789099005742,0.012036084180372757,0.0,0.072,1001.0,0.049809643925553974,0.1356531126571247,0.2915385342661813,0.5228334046033596,0.7087500874070367,20,2851258912
baseline,1.0,1.0,1.0,2,16,sensitivity,1000,16,baseline,0,30,1000,2000,False,completed,0,0,4.0,16.0,0.3396210000000002,0.004,1,1000,1.0,0.013410816960816961,4.762012012012012,8.0,0.051249099525170205,0.3507881238928582,0.2987556007622134,701.5762477857164,0.012036084180372757,0.0,0.068,1001.0,0.05623575439362791,0.14134066367140832,0.2987556007622134,0.5285957803660596,0.7391518202213826,21,303585078
baseline,1.0,1.0,1.0,2,16,sensitivity,1000,16,baseline,0,30,1000,2000,False,completed,0,0,4.0,16.0,0.3400620000000001,0.004,1,1000,1.0,0.012117069042069042,4.759441441441441,8.0,0.03433718411187701,0.34040342105937205,0.29116245898854237,680.806842118744,0.012036084180372757,0.0,0.072,1001.0,0.05358313194295355,0.13366885353234237,0.29116245898854237,0.512903901389515,0.6991493042353395,22,2864278738
baseline,1.0,1.0,1.0,2,16,sensitivity,1000,16,baseline,0,30,1000,2000,False,completed,0,0,4.0,16.0,0.33465900000000004,0.005,1,1000,1.0,0.010268925518925519,4.7764044044044045,9.0,0.07018425059994989,0.3595917099012162,0.30742247029718683,719.1834198024324,0.012036084180372757,0.0,0.06,1001.0,0.060522079458607804,0.13613029352651512,0.30742247029718683,0.5320771102767763,0.7479386372342686,23,643855302
baseline,1.0,1.0,1.0,2,16,sensitivity,1000,16,baseline,0,30,1000,2000,False,completed,0,0,4.0,16.0,0.337399,0.003,1,1000,1.0,0.012406121656121656,4.748630630630631,8.0,0.05891936356412812,0.3394832013953713,0.2785817441117747,678.9664027907426,0.012036084180372757,0.0,0.064,1001.0,0.047571560721732825,0.12450588398739076,0.2785817441117747,0.514748232500194,0.7165248395459087,24,1589339175
baseline,1.0,1.0,1.0,2,16,sensitivity,1000,16,baseline,0,30,1000,2000,False,completed,0,0,4.0,16.0,0.33667400000000014,0.005,1,1000,1.0,0.007005719280719281,4.770548548548549,8.0,0.04237880589135441,0.35745062326326277,0.3028946651768647,714.9012465265255,0.012036084180372757,0.0,0.065,1001.0,0.05107073460338568,0.13729560116379702,0.3028946651768647,0.5439703222426793,0.7437316948929372,25,1056030575
baseline,1.0,1.0,1.0,2,16,sensitivity,1000,16,baseline,0,30,1000,2000,False,completed,0,0,4.0,16.0,0.3357420000000002,0.005,1,1000,1.0,0.011699222999222998,4.780990990990991,8.0,0.05765554435457521,0.3465471567120817,0.3012318753373078,693.0943134241634,0.012036084180372757,0.0,0.063,1001.0,0.05279036160678749,0.13454345156515682,0.3012318753373078,0.5166871699162845,0.7165307560422737,26,2760705233
baseline,1.0,1.0,1.0,2,16,sensitivity,1000,16,baseline,0,30,1000,2000,False,completed,0,0,4.0,16.0,0.33393150000000005,0.006,1,1000,1.0,0.005855225330225331,4.778668668668669,8.0,0.06166657875472947,0.3547482405550304,0.30579697000728,709.4964811100608,0.012036084180372757,0.0,0.064,1001.0,0.05417360005630825,0.1370715145924261,0.30579697000728,0.535871395116272,0.7418902410656137,27,2918844369
baseline,1.0,1.0,1.0,2,16,sensitivity,1000,16,baseline,0,30,1000,2000,False,completed,0,0,4.0,16.0,0.3388300000000002,0.005,1,1000,1.0,0.007956013431013431,4.771927927927928,8.0,0.04365266293128842,0.3446108718663634,0.29556368708227176,689.2217437327268,0.012036084180372757,0.0,0.07,1001.0,0.06027758010732573,0.14201174587913604,0.29556368708227176,0.5112076029531636,0.7083395043233773,28,5377855
baseline,1.0,1.0,1.0,2,16,sensitivity,1000,16,baseline,0,30,1000,2000,False,completed,0,0,4.0,16.0,0.33441450000000006,0.003,1,1000,1.0,0.007894977244977244,4.785697697697698,8.0,0.06424187412138246,0.35304463176353124,0.2944740375272482,706.0892635270625,0.012036084180372757,0.0,0.062,1001.0,0.05267918037952606,0.13875997270176826,0.2944740375272482,0.5357308480182239,0.7372453000849599,29,2087271812
alpha_0.5,0.5,1.0,1.0,2,16,sensitivity,1000,16,alpha,0.5,30,1000,2000,False,completed,0,0,4.0,15.0,0.3038400000000001,0.0,1,1000,1.0,0.006648751248751248,4.924656656656657,9.0,0.15538488164936032,0.35231326518429307,0.2989509200102733,704.6265303685861,0.011033077165341694,0.0,0.044,1001.0,0.05394741089262017,0.1383254535444826,0.2989509200102733,0.5217173314150161,0.7341086887037732,0,3614131330
alpha_0.5,0.5,1.0,1.0,2,16,sensitivity,1000,16,alpha,0.5,30,1000,2000,False,completed,0,0,4.0,14.0,0.31222800000000017,0.0,1,1000,1.0,0.005212493062493062,4.928326326326326,9.0,0.10562490524081407,0.35016558533142045,0.29181265706550547,700.3311706628409,0.01003007015031063,0.0,0.044,1001.0,0.060337001383057136,0.14130031640535226,0.29181265706550547,0.5210870798534406,0.7308258734861737,1,3488250967
alpha_0.5,0.5,1.0,1.0,2,16,sensitivity,1000,16,alpha,0.5,30,1000,2000,False,completed,0,0,4.0,15.0,0.3144150000000001,0.0,1,1000,1.0,0.004606282606282606,4.894334334334334,8.0,0.10643738126674385,0.35658563096383533,0.3073024305422052,713.1712619276707,0.011033077165341694,0.0,0.047,1001.0,0.06671412489159716,0.15354836354098772,0.3073024305422052,0.5242700362169956,0.7175473119771151,2,3383520274
alpha_0.5,0.5,1.0,1.0,2,16,sensitivity,1000,16,alpha,0.5,30,1000,2000,False,completed,0,0,4.0,16.0,0.3017960000000002,0.001,1,1000,1.0,0.004132545232545233,4.94843043043043,9.0,0.1565854201310737,0.3620490132864197,0.31270314722218273,724.0980265728394,0.012036084180372757,0.0,0.046,1001.0,0.06409462463999857,0.14531845222855402,0.31270314722218273,0.5400071456634954,0.7435728253802792,3,707668120
alpha_0.5,0.5,1.0,1.0,2,16,sensitivity,1000,16,alpha,0.5,30,1000,2000,False,completed,0,0,4.0,15.0,0.3092640000000002,0.0,1,1000,1.0,0.006904229104229104,4.919447447447448,8.0,0.12451280243185243,0.35204447827130947,0.2972257289918754,704.0889565426189,0.011033077165341694,0.0,0.044,1001.0,0.05739783957593126,0.13639703102060385,0.2972257289918754,0.5217513313926546,0.7292945848936385,4,138259485
alpha_0.5,0.5,1.0,1.0,2,16,sensitivity,1000,16,alpha,0.5,30,1000,2000,False,completed,0,0,4.0,16.0,0.30860750000000015,0.001,1,1000,1.0,0.007397727272727273,4.903921921921922,8.0,0.1481766744675179,0.34458499408441773,0.2904653212581326,689.1699881688354,0.012036084180372757,0.0,0.045,1001.0,0.0550217686030115,0.125031972299431,0.2904653212581326,0.5151113081962135,0.731065209531878,5,1613740942
alpha_0.5,0.5,1.0,1.0,2,16,sensitivity,1000,16,alpha,0.5,30,1000,2000,False,completed,0,0,4.0,15.0,0.30647100000000016,0.0,1,1000,1.0,0.0042785325785325784,4.945419419419419,9.0,0.11317074136787109,0.34478233760135835,0.2982173229337918,689.5646752027167,0.011033077165341694,0.0,0.041,1001.0,0.058173604007244376,0.13887796298708643,0.2982173229337918,0.5136047232536725,0.6976554837226129,6,3385264555
alpha_0.5,0.5,1.0,1.0,2,16,sensitivity,1000,16,alpha,0.5,30,1000,2000,False,completed,0,0,4.0,15.0,0.30178300000000013,0.0,1,1000,1.0,0.00473989343989344,4.985435435435435,9.0,0.13027652264309952,0.34831321544745436,0.3061880911902607,696.6264308949087,0.011033077165341694,0.0,0.047,1001.0,0.05532634715742307,0.13106986691529363,0.3061880911902607,0.5127853879075426,0.7103622290107694,7,3352598544
alpha_0.5,0.5,1.0,1.0,2,16,sensitivity,1000,16,alpha,0.5,30,1000,2000,False,completed,0,0,4.0,15.0,0.3087645000000001,0.0,1,1000,1.0,0.005137384837384837,4.907611611611611,9.0,0.13701402136937824,0.3506038244548961,0.2903849882308447,701.2076489097922,0.011033077165341694,0.0,0.045,1001.0,0.05274311617376913,0.13489983181151732,0.2903849882308447,0.5299853397633434,0.7479861271852484,8,1456099666
alpha_0.5,0.5,1.0,1.0,2,16,sensitivity,1000,16,alpha,0.5,30,1000,2000,False,completed,0,0,4.0,15.0,0.3059425,0.0,1,1000,1.0,0.008425912975912976,4.938986986986987,9.0,0.12379390034863548,0.3512353664115175,0.3018905516395854,702.470732823035,0.011033077165341694,0.0,0.04,1001.0,0.05178279877723984,0.1341546725350915,0.3018905516395854,0.5207599919601311,0.7393334178811413,9,2262322695
alpha_0.5,0.5,1.0,1.0,2,16,sensitivity,1000,16,alpha,0.5,30,1000,2000,False,completed,0,0,4.0,15.0,0.3064585000000002,0.0,1,1000,1.0,0.009246536796536796,4.93383983983984,8.0,0.17453108520901225,0.35377261806381294,0.31521520850909024,707.5452361276259,0.011033077165341694,0.0,0.049,1001.0,0.05670623010067277,0.13521762641624338,0.31521520850909024,0.5180791121573058,0.7217113435336486,10,3634671279
alpha_0.5,0.5,1.0,1.0,2,16,sensitivity,1000,16,alpha,0.5,30,1000,2000,False,completed,0,0,4.0,15.0,0.3078875000000001,0.0,1,1000,1.0,0.0033771117771117768,4.91665065065065,8.0,0.12416323723332137,0.3502903724448096,0.3054007217114326,700.5807448896192,0.011033077165341694,0.0,0.043,1001.0,0.05894113606002719,0.13995004417845286,0.3054007217114326,0.5183684871979564,0.7097485220637855,11,3917556525
alpha_0.5,0.5,1.0,1.0,2,16,sensitivity,1000,16,alpha,0.5,30,1000,2000,False,completed,0,0,4.0,15.0,0.30393650000000005,0.0,1,1000,1.0,0.0035573371073371073,4.957905905905906,8.0,0.15202577513709906,0.3450938457557603,0.29771110498997366,690.1876915115206,0.011033077165341694,0.0,0.04,1001.0,0.05958356802319509,0.1383300344624039,0.29771110498997366,0.5137202084557861,0.7167995594379788,12,3088010105
alpha_0.5,0.5,1.0,1.0,2,16,sensitivity,1000,16,alpha,0.5,30,1000,2000,False,completed,0,0,4.0,15.0,0.3098805,0.0,1,1000,1.0,0.004343240093240093,4.921489489489489,8.0,0.12915614672058423,0.347222242712735,0.29538777170990316,694.44448542547,0.011033077165341694,0.0,0.047,1001.0,0.05095933391755939,0.1372944554950204,0.29538777170990316,0.5199568083002538,0.7232049724844805,13,4242878212
alpha_0.5,0.5,1.0,1.0,2,16,sensitivity,1000,16,alpha,0.5,30,1000,2000,False,completed,0,0,4.0,15.0,0.2996040000000002,0.0,1,1000,1.0,0.006796320346320346,4.960256256256256,9.0,0.12892290410858412,0.34818634208406546,0.29318773402029036,696.372684168131,0.011033077165341694,0.0,0.038,1001.0,0.05402851102715826,0.13505027141492976,0.29318773402029036,0.5085030611663259,0.7329055816233839,14,1912277842
alpha_0.5,0.5,1.0,1.0,2,16,sensitivity,1000,16,alpha,0.5,30,1000,2000,False,completed,0,0,4.0,16.0,0.3051265000000001,0.001,1,1000,1.0,0.0058614080364080366,4.941821821821822,8.0,0.14057079892892255,0.3451221842613919,0.28901170390830866,690.2443685227838,0.012036084180372757,0.0,0.043,1001.0,0.05091137104509047,0.13352027830074054,0.28901170390830866,0.5127881322055212,0.7251006080511603,15,2022466232
alpha_0.5,0.5,1.0,1.0,2,16,sensitivity,1000,16,alpha,0.5,30,1000,2000,False,completed,0,0,4.0,16.0,0.3070020000000002,0.001,1,1000,1.0,0.007223934398934399,4.918996996996997,9.0,0.1528570785568629,0.35122844689975524,0.3012430198641498,702.4568937995105,0.012036084180372757,0.0,0.041,1001.0,0.05791064513891465,0.1351570796577891,0.3012430198641498,0.5196026276713422,0.743710110859231,16,486963750
alpha_0.5,0.5,1.0,1.0,2,16,sensitivity,1000,16,alpha,0.5,30,1000,2000,False,completed,0,0,4.0,14.0,0.3064760000000002,0.0,1,1000,1.0,0.0060541791541791545,4.944904904904905,9.0,0.1324936125284855,0.34699096793194767,0.2960395656552705,693.9819358638954,0.01003007015031063,0.0,0.041,1001.0,0.052291625260185756,0.13201631331589078,0.2960395656552705,0.5237618080530327,0.7260012406707697,17,2756660253
alpha_0.5,0.5,1.0,1.0,2,16,sensitivity,1000,16,alpha,0.5,30,1000,2000,False,completed,0,0,4.0,16.0,0.30755900000000014,0.002,1,1000,1.0,0.006364335664335664,4.932856856856857,8.0,0.12234536212434824,0.34323461616116324,0.29952196795218466,686.4692323223264,0.012036084180372757,0.0,0.042,1001.0,0.05160520803722934,0.13723220118993495,0.29952196795218466,0.5050465686771646,0.7088046544948092,18,153797810
alpha_0.5,0.5,1.0,1.0,2,16,sensitivity,1000,16,alpha,0.5,30,1000,2000,False,completed,0,0,4.0,16.0,0.3031060000000001,0.001,1,1000,1.0,0.00614982794982795,4.947561561561561,8.0,0.16063660028103846,0.3455406367016918,0.2865347601386865,691.0812734033835,0.012036084180372757,0.0,0.043,1001.0,0.05732377039632289,0.13704345773585275,0.2865347601386865,0.5035827585231627,0.7244099482153752,19,910579613
alpha_0.5,0.5,1.0,1.0,2,16,sensitivity,1000,16,alpha,0.5,30,1000,2000,False,completed,0,0,4.0,16.0,0.3112435,0.001,1,1000,1.0,0.009423803973803975,4.923705705705705,8.0,0.08022020096423851,0.3487231772938803,0.29572643623781136,697.4463545877607,0.012036084180372757,0.0,0.052,1001.0,0.05816270831468759,0.13150783684475545,0.29572643623781136,0.5172175704865862,0.7260704770121381,20,3256008980
alpha_0.5,0.5,1.0,1.0,2,16,sensitivity,1000,16,alpha,0.5,30,1000,2000,False,completed,0,0,4.0,15.0,0.30595700000000003,0.0,1,1000,1.0,0.01259049284049284,4.944720720720721,9.0,0.14765381059017468,0.3531252452573806,0.3055071465378265,706.2504905147612,0.011033077165341694,0.0,0.041,1001.0,0.05779852182105839,0.13926056601722908,0.3055071465378265,0.5252013107805795,0.7185481753987195,21,3099327470
alpha_0.5,0.5,1.0,1.0,2,16,sensitivity,1000,16,alpha,0.5,30,1000,2000,False,completed,0,0,4.0,15.0,0.3123365,0.0,1,1000,1.0,0.006042701742701743,4.893577577577577,8.0,0.09759940483007092,0.34426073113023536,0.2875973429487681,688.5214622604707,0.011033077165341694,0.0,0.05,1001.0,0.05706339044863422,0.1364411393885418,0.2875973429487681,0.5213641893615218,0.7107259100158672,22,535947453
alpha_0.5,0.5,1.0,1.0,2,16,sensitivity,1000,16,alpha,0.5,30,1000,2000,False,completed,0,0,4.0,16.0,0.30795450000000013,0.002,1,1000,1.0,0.00876029526029526,4.910182182182182,8.0,0.14019727404667529,0.34360399688192983,0.297868482523197,687.2079937638597,0.012036084180372757,0.0,0.056,1001.0,0.0489254503315113,0.130396206633524,0.297868482523197,0.5198654911200149,0.7176101775867519,23,628838409
alpha_0.5,0.5,1.0,1.0,2,16,sensitivity,1000,16,alpha,0.5,30,1000,2000,False,completed,0,0,4.0,15.0,0.3080295000000002,0.0,1,1000,1.0,0.005637506937506937,4.9258718718718715,9.0,0.10625716397604595,0.3524418105514983,0.3085007678395508,704.8836211029966,0.011033077165341694,0.0,0.046,1001.0,0.054226983615952414,0.13400723464266165,0.3085007678395508,0.5188936259605348,0.736236732828478,24,4111940322
alpha_0.5,0.5,1.0,1.0,2,16,sensitivity,1000,16,alpha,0.5,30,1000,2000,False,completed,0,0,4.0,16.0,0.3071045000000001,0.001,1,1000,1.0,0.01168890553890554,4.928366366366366,9.0,0.14999523173484333,0.3478458162594086,0.3028423133535355,695.6916325188172,0.012036084180372757,0.0,0.042,1001.0,0.05319812181137021,0.13898084354777995,0.3028423133535355,0.5155082926192789,0.707197775304964,25,3377488421
alpha_0.5,0.5,1.0,1.0,2,16,sensitivity,1000,16,alpha,0.5,30,1000,2000,False,completed,0,0,4.0,15.0,0.31147250000000004,0.0,1,1000,1.0,0.008494455544455545,4.915373373373374,8.0,0.11277455818875204,0.3487732073058803,0.29922446171170036,697.5464146117606,0.011033077165341694,0.0,0.041,1001.0,0.05299786870881438,0.137926701447459,0.29922446171170036,0.5178259483241593,0.7254570035914918,26,3632826525
alpha_0.5,0.5,1.0,1.0,2,16,sensitivity,1000,16,alpha,0.5,30,1000,2000,False,completed,0,0,4.0,15.0,0.30676400000000004,0.0,1,1000,1.0,0.007062526362526363,4.946018018018018,9.0,0.11363262403993979,0.3547078171136687,0.30031442523126095,709.4156342273375,0.011033077165341694,0.0,0.043,1001.0,0.05320601503180182,0.1385842319239122,0.30031442523126095,0.5203221149516651,0.7528045269803656,27,483424188
alpha_0.5,0.5,1.0,1.0,2,16,sensitivity,1000,16,alpha,0.5,30,1000,2000,False,completed,0,0,4.0,16.0,0.3066380000000002,0.001,1,1000,1.0,0.0068730685980685985,4.931495495495495,8.0,0.12455226800710265,0.34679594722309365,0.2945696562444958,693.5918944461873,0.012036084180372757,0.0,0.047,1001.0,0.06300362642501756,0.14334891836957142,0.2945696562444958,0.5141219223035441,0.7160553814649226,28,3357785071
alpha_0.5,0.5,1.0,1.0,2,16,sensitivity,1000,16,alpha,0.5,30,1000,2000,False,completed,0,0,4.0,14.0,0.3031965000000001,0.0,1,1000,1.0,0.008235453435453434,4.959093093093093,8.0,0.14885545234654374,0.33968902115868777,0.29470452620471743,679.3780423173755,0.01003007015031063,0.0,0.045,1001.0,0.056006191468989025,0.1379198944254591,0.29470452620471743,0.4992208545336948,0.6927574699688688,29,1016521911
alpha_1.0,1.0,1.0,1.0,2,16,sensitivity,1000,16,alpha,1.0,30,1000,2000,False,completed,0,0,4.0,16.0,0.3386985,0.004,1,1000,1.0,0.010318689643689642,4.748668668668668,8.0,0.061185895701023674,0.34587848724007064,0.2972238721792847,691.7569744801413,0.012036084180372757,0.0,0.068,1001.0,0.05228412470941288,0.12898079364423298,0.2972238721792847,0.5232254233921003,0.7158212607005926,0,963235080
alpha_1.0,1.0,1.0,1.0,2,16,sensitivity,1000,16,alpha,1.0,30,1000,2000,False,completed,0,0,4.0,16.0,0.34042550000000005,0.005,1,1000,1.0,0.00996422743922744,4.760616616616617,8.0,0.06745262643787037,0.3503198410747573,0.30458840758195405,700.6396821495146,0.012036084180372757,0.0,0.065,1001.0,0.059617519639579286,0.1377018044136292,0.30458840758195405,0.521717218507249,0.711700642397016,1,3820238428
alpha_1.0,1.0,1.0,1.0,2,16,sensitivity,1000,16,alpha,1.0,30,1000,2000,False,completed,0,0,4.0,16.0,0.3378565,0.004,1,1000,1.0,0.00935009435009435,4.777369369369369,9.0,0.0572091735849047,0.35006617034967874,0.301706701095953,700.1323406993574,0.012036084180372757,0.0,0.067,1001.0,0.056003348650688116,0.14452543139417054,0.301706701095953,0.5207110026420753,0.7234814391646966,2,3283247367
alpha_1.0,1.0,1.0,1.0,2,16,sensitivity,1000,16,alpha,1.0,30,1000,2000,False,completed,0,0,4.0,16.0,0.33460200000000007,0.004,1,1000,1.0,0.009712479187479188,4.777305305305306,8.0,0.06726575241137085,0.3553085478266663,0.30585610603892704,710.6170956533326,0.012036084180372757,0.0,0.065,1001.0,0.05586302044618355,0.14551683022847228,0.30585610603892704,0.5284973453872202,0.7366287238657933,3,820504798
alpha_1.0,1.0,1.0,1.0,2,16,sensitivity,1000,16,alpha,1.0,30,1000,2000,False,completed,0,0,4.0,16.0,0.33721650000000003,0.002,1,1000,1.0,0.008919233544233544,4.743423423423423,8.0,0.026286552784210687,0.35421760765286214,0.29426012340663676,708.4352153057243,0.012036084180372757,0.0,0.07,1001.0,0.05339309933892583,0.13393296980726038,0.29426012340663676,0.5305201159221691,0.7508306248054123,4,2462612169
alpha_1.0,1.0,1.0,1.0,2,16,sensitivity,1000,16,alpha,1.0,30,1000,2000,False,completed,0,0,4.0,16.0,0.3315800000000002,0.002,1,1000,1.0,0.009323537573537573,4.780732732732733,8.0,0.08840953015015224,0.34489701313497473,0.28873938661670606,689.7940262699494,0.012036084180372757,0.0,0.057,1001.0,0.05596904310298221,0.13238057672711578,0.28873938661670606,0.5112618651053858,0.7273389864864852,5,3699590099
alpha_1.0,1.0,1.0,1.0,2,16,sensitivity,1000,16,alpha,1.0,30,1000,2000,False,completed,0,0,4.0,16.0,0.33279250000000005,0.003,1,1000,1.0,0.010530352980352979,4.756102102102102,8.0,0.09276276984475251,0.3585897543110886,0.3051905742456652,717.1795086221772,0.012036084180372757,0.0,0.061,1001.0,0.05369736684124543,0.13489561507591294,0.3051905742456652,0.5456524106460002,0.7485745611594853,6,5649828
alpha_1.0,1.0,1.0,1.0,2,16,sensitivity,1000,16,alpha,1.0,30,1000,2000,False,completed,0,0,4.0,16.0,0.33703400000000006,0.007,1,1000,1.0,0.0092485458985459,4.740598598598599,8.0,0.05979389699987765,0.34661978042106406,0.29900819951388957,693.2395608421281,0.012036084180372757,0.0,0.067,1001.0,0.05119153192015638,0.13118860424244252,0.29900819951388957,0.5213756933259606,0.7159131752483351,7,1539034170
alpha_1.0,1.0,1.0,1.0,2,16,sensitivity,1000,16,alpha,1.0,30,1000,2000,False,completed,0,0,4.0,16.0,0.3319390000000002,0.008,1,1000,1.0,0.007982042957042957,4.778642642642643,8.0,0.10721393798662014,0.34143975716506325,0.2910699860171829,682.8795143301265,0.012036084180372757,0.0,0.057,1001.0,0.05591111140286213,0.13455083344350915,0.2910699860171829,0.4982805039191301,0.7198371133190143,8,3880835265
alpha_1.0,1.0,1.0,1.0,2,16,sensitivity,1000,16,alpha,1.0,30,1000,2000,False,completed,0,0,4.0,16.0,0.3349065000000002,0.002,1,1000,1.0,0.01032914307914308,4.774654654654655,8.0,0.0491518184646051,0.33862872793805593,0.29225987927726377,677.2574558761119,0.012036084180372757,0.0,0.066,1001.0,0.05059397919445788,0.13432078721856502,0.29225987927726377,0.5022434821950036,0.7037192055540247,9,3046349299
alpha_1.0,1.0,1.0,1.0,2,16,sensitivity,1000,16,alpha,1.0,30,1000,2000,False,completed,0,0,4.0,16.0,0.3351130000000002,0.004,1,1000,1.0,0.00859030414030414,4.7731731731731735,9.0,0.06955967394204389,0.3389620886373334,0.288033024369698,677.9241772746668,0.012036084180372757,0.0,0.061,1001.0,0.05015503452279111,0.12443892143210508,0.288033024369698,0.508273972891871,0.7117925720318473,10,3142698132
alpha_1.0,1.0,1.0,1.0,2,16,sensitivity,1000,16,alpha,1.0,30,1000,2000,False,completed,0,0,4.0,16.0,0.3395965000000001,0.004,1,1000,1.0,0.007297777222777222,4.749477477477478,8.0,0.07313915407871072,0.3587601389810079,0.30696955273450943,717.5202779620158,0.012036084180372757,0.0,0.061,1001.0,0.050257434590869024,0.1339214280708013,0.30696955273450943,0.5460467720383773,0.7551030007970165,11,2929408823
alpha_1.0,1.0,1.0,1.0,2,16,sensitivity,1000,16,alpha,1.0,30,1000,2000,False,completed,0,0,4.0,16.0,0.3368595000000001,0.001,1,1000,1.0,0.011288206238206238,4.775449449449449,8.0,0.05692105171125761,0.35076086044757654,0.3028195368070186,701.5217208951531,0.012036084180372757,0.0,0.061,1001.0,0.05884756444564672,0.138932006047785,0.3028195368070186,0.5219648741740173,0.7293196764871155,12,3841205484
alpha_1.0,1.0,1.0,1.0,2,16,sensitivity,1000,16,alpha,1.0,30,1000,2000,False,completed,0,0,4.0,16.0,0.3344095,0.002,1,1000,1.0,0.009321142746142746,4.744768768768769,8.0,0.06443140806670763,0.35468306141590855,0.3048253036829802,709.366122831817,0.012036084180372757,0.0,0.07,1001.0,0.059968388973201565,0.14422833331702117,0.3048253036829802,0.527263468710844,0.7127640434610202,13,3359739020
alpha_1.0,1.0,1.0,1.0,2,16,sensitivity,1000,16,alpha,1.0,30,1000,2000,False,completed,0,0,4.0,16.0,0.33534300000000017,0.006,1,1000,1.0,0.008418742368742368,4.753397397397397,8.0,0.07678250874949957,0.33938030572627453,0.29125175708207807,678.760611452549,0.012036084180372757,0.0,0.065,1001.0,0.05207047333404748,0.13582674160041824,0.29125175708207807,0.4985079357983301,0.698181866741973,14,51621370
alpha_1.0,1.0,1.0,1.0,2,16,sensitivity,1000,16,alpha,1.0,30,1000,2000,False,completed,0,0,4.0,16.0,0.3333320000000002,0.004,1,1000,1.0,0.01133032523032523,4.785191191191191,8.0,0.07335149679047344,0.35219894255559336,0.307155863547062,704.3978851111867,0.012036084180372757,0.0,0.065,1001.0,0.05312938161260673,0.1392038037786047,0.307155863547062,0.5220735117979329,0.7424255601731926,15,3502393946
alpha_1.0,1.0,1.0,1.0,2,16,sensitivity,1000,16,alpha,1.0,30,1000,2000,False,completed,0,0,4.0,16.0,0.32901800000000003,0.002,1,1000,1.0,0.007700152625152625,4.798208208208208,8.0,0.08775368782280915,0.35259990152787907,0.3050851821562732,705.1998030557581,0.012036084180372757,0.0,0.054,1001.0,0.05748050099905063,0.14129764582110838,0.3050851821562732,0.5226282319686226,0.7212491119677775,16,1038207190
alpha_1.0,1.0,1.0,1.0,2,16,sensitivity,1000,16,alpha,1.0,30,1000,2000,False,completed,0,0,4.0,16.0,0.33685050000000016,0.003,1,1000,1.0,0.008293345543345543,4.764338338338338,8.0,0.06322327877080924,0.3493433283067299,0.3017854381199413,698.6866566134597,0.012036084180372757,0.0,0.068,1001.0,0.06125276035765648,0.1416361127849689,0.3017854381199413,0.5184653285765901,0.7127800823714915,17,2156211570
alpha_1.0,1.0,1.0,1.0,2,16,sensitivity,1000,16,alpha,1.0,30,1000,2000,False,completed,0,0,4.0,16.0,0.3355030000000001,0.005,1,1000,1.0,0.011637695637695638,4.780216216216216,8.0,0.07917958209852172,0.3492380850888137,0.2969134773074627,698.4761701776274,0.012036084180372757,0.0,0.059,1001.0,0.057245865984509876,0.13893415513857588,0.2969134773074627,0.5327482145082878,0.7115001382276698,18,1271553212
alpha_1.0,1.0,1.0,1.0,2,16,sensitivity,1000,16,alpha,1.0,30,1000,2000,False,completed,0,0,4.0,16.0,0.3397620000000001,0.005,1,1000,1.0,0.010299555999555999,4.744446446446447,8.0,0.05121302413266908,0.35656226372235705,0.3014947012173447,713.1245274447141,0.012036084180372757,0.0,0.07,1001.0,0.05496466490893353,0.1410680400431032,0.3014947012173447,0.5478404545874368,0.7459348078233354,19,2230370552
alpha_1.0,1.0,1.0,1.0,2,16,sensitivity,1000,16,alpha,1.0,30,1000,2000,False,completed,0,0,4.0,16.0,0.33863900000000013,0.003,1,1000,1.0,0.007808569208569208,4.759905905905906,8.0,0.05093141605779849,0.36022157521093584,0.315001189543946,720.4431504218717,0.012036084180372757,0.0,0.07,1001.0,0.05277609802896184,0.14344757634489821,0.315001189543946,0.5355884873155118,0.7396087405680133,20,961330294
alpha_1.0,1.0,1.0,1.0,2,16,sensitivity,1000,16,alpha,1.0,30,1000,2000,False,completed,0,0,4.0,16.0,0.33605850000000004,0.007,1,1000,1.0,0.009547943722943722,4.753413413413414,8.0,0.06289364416139809,0.3430656041516283,0.29074926514879335,686.1312083032566,0.012036084180372757,0.0,0.064,1001.0,0.05586980783678096,0.1396597478853406,0.29074926514879335,0.5074965309857669,0.7046943772643602,21,4219429331
alpha_1.0,1.0,1.0,1.0,2,16,sensitivity,1000,16,alpha,1.0,30,1000,2000,False,completed,0,0,4.0,16.0,0.33567250000000004,0.002,1,1000,1.0,0.015480905205905206,4.786404404404404,8.0,0.06799857177257874,0.3490803781239199,0.30118827172207946,698.1607562478398,0.012036084180372757,0.0,0.063,1001.0,0.05295437375418534,0.13734950678776603,0.30118827172207946,0.5160575257503144,0.7167067418779652,22,4161778244
alpha_1.0,1.0,1.0,1.0,2,16,sensitivity,1000,16,alpha,1.0,30,1000,2000,False,completed,0,0,4.0,16.0,0.33670200000000006,0.002,1,1000,1.0,0.009187631812631812,4.776730730730731,8.0,0.0577512036993608,0.34727392062132795,0.29472517001315246,694.5478412426559,0.012036084180372757,0.0,0.063,1001.0,0.05388921015720975,0.13475405215363354,0.29472517001315246,0.5178086133577136,0.7374323068000056,23,3413192415
alpha_1.0,1.0,1.0,1.0,2,16,sensitivity,1000,16,alpha,1.0,30,1000,2000,False,completed,0,0,4.0,16.0,0.33469300000000013,0.004,1,1000,1.0,0.00445970695970696,4.762802802802803,8.0,0.08865234421250587,0.35080831163274956,0.3057856443178313,701.6166232654991,0.012036084180372757,0.0,0.064,1001.0,0.061037454444461084,0.14523877314596742,0.3057856443178313,0.5150699640963106,0.71786995766143,24,2875457469
alpha_1.0,1.0,1.0,1.0,2,16,sensitivity,1000,16,alpha,1.0,30,1000,2000,False,completed,0,0,4.0,16.0,0.3344360000000002,0.005,1,1000,1.0,0.006927997002997003,4.764082082082082,8.0,0.09227962929322801,0.35292716964260845,0.3045671477677476,705.854339285217,0.012036084180372757,0.0,0.063,1001.0,0.05551799390756368,0.13544036232991769,0.3045671477677476,0.5216940527368044,0.7478311749864567,25,1533222182
alpha_1.0,1.0,1.0,1.0,2,16,sensitivity,1000,16,alpha,1.0,30,1000,2000,False,completed,0,0,4.0,16.0,0.3337795000000001,0.007,1,1000,1.0,0.010086355311355311,4.774284284284284,8.0,0.07042655040765006,0.353862325708246,0.3009653811062485,707.724651416492,0.012036084180372757,0.0,0.063,1001.0,0.05565810737705396,0.136964335052424,0.3009653811062485,0.5358576683646195,0.7463597071588337,26,841247301
alpha_1.0,1.0,1.0,1.0,2,16,sensitivity,1000,16,alpha,1.0,30,1000,2000,False,completed,0,0,4.0,16.0,0.3316270000000001,0.005,1,1000,1.0,0.00928653291153291,4.796534534534534,8.0,0.07807606153979459,0.35300899671174163,0.3009384643082701,706.0179934234833,0.012036084180372757,0.0,0.066,1001.0,0.05118601242955679,0.1312296274227932,0.3009384643082701,0.5157943439507615,0.7498594789040419,27,1830326789
alpha_1.0,1.0,1.0,1.0,2,16,sensitivity,1000,16,alpha,1.0,30,1000,2000,False,completed,0,0,4.0,16.0,0.3353415000000002,0.005,1,1000,1.0,0.007928407703407704,4.764202202202203,8.0,0.0646182033512557,0.3532783903589478,0.303993848242027,706.5567807178957,0.012036084180372757,0.0,0.067,1001.0,0.06126679310392078,0.1352846825968021,0.303993848242027,0.5205287098207887,0.728468035589011,28,2997880074
alpha_1.0,1.0,1.0,1.0,2,16,sensitivity,1000,16,alpha,1.0,30,1000,2000,False,completed,0,0,4.0,16.0,0.34359700000000015,0.004,1,1000,1.0,0.009232620157620157,4.720498498498499,8.0,0.04050275599140603,0.34706951428873334,0.29232022999859714,694.1390285774667,0.012036084180372757,0.0,0.077,1001.0,0.05467631165428204,0.1393049168239544,0.29232022999859714,0.5232817756439925,0.7285671669551166,29,795143917
alpha_1.5,1.5,1.0,1.0,2,16,sensitivity,1000,16,alpha,1.5,30,1000,2000,False,completed,0,0,4.0,16.0,0.3666975000000001,0.014,1,1000,1.0,0.012793575868575867,4.606094094094094,8.0,-0.032429683829098624,0.3540057588147545,0.305364871622614,708.011517629509,0.012036084180372757,0.0,0.083,1001.0,0.05356003002099146,0.14179993473193184,0.305364871622614,0.5223738075893151,0.731185720923094,0,1687331644
alpha_1.5,1.5,1.0,1.0,2,16,sensitivity,1000,16,alpha,1.5,30,1000,2000,False,completed,0,0,4.0,16.0,0.3650490000000002,0.017,1,1000,1.0,0.013368001443001444,4.621843843843844,8.0,-0.05703372703252977,0.3487528838369761,0.2991924485638154,697.5057676739523,0.012036084180372757,0.0,0.085,1001.0,0.05654740365009996,0.14228786879427233,0.2991924485638154,0.5191206778169195,0.7244874869346863,1,2297686891
alpha_1.5,1.5,1.0,1.0,2,16,sensitivity,1000,16,alpha,1.5,30,1000,2000,False,completed,0,0,4.0,16.0,0.36222050000000006,0.016,1,1000,1.0,0.011632964257964257,4.596878878878879,8.0,-0.017851652289150827,0.34421808543777027,0.28919725753207975,688.4361708755406,0.012036084180372757,0.0,0.079,1001.0,0.0571136515959358,0.13696668227668615,0.28919725753207975,0.5125568078046416,0.7219547390626768,2,3082385649
alpha_1.5,1.5,1.0,1.0,2,16,sensitivity,1000,16,alpha,1.5,30,1000,2000,False,completed,0,0,4.0,16.0,0.36320700000000006,0.025,1,1000,1.0,0.010928182928182928,4.614164164164164,8.0,-0.028031624739592052,0.3479232534668825,0.30256623570759694,695.846506933765,0.012036084180372757,0.0,0.072,1001.0,0.05521629203899038,0.1314405834846183,0.30256623570759694,0.5233680815315045,0.7245220560521496,3,1912357160
alpha_1.5,1.5,1.0,1.0,2,16,sensitivity,1000,16,alpha,1.5,30,1000,2000,False,completed,0,0,4.0,16.0,0.369059,0.013,1,1000,1.0,0.01234116439116439,4.581685685685685,8.0,-0.07585541156707003,0.36246360235829767,0.3078284899024738,724.9272047165954,0.012036084180372757,0.0,0.087,1001.0,0.059426270939261935,0.14516646595419425,0.3078284899024738,0.5357180725979491,0.7532718471372214,4,3611088428
alpha_1.5,1.5,1.0,1.0,2,16,sensitivity,1000,16,alpha,1.5,30,1000,2000,False,completed,0,0,4.0,16.0,0.36277800000000004,0.016,1,1000,1.0,0.015075083250083249,4.59935935935936,8.0,-0.03709088272036076,0.3532335595565788,0.29809478488896635,706.4671191131577,0.012036084180372757,0.0,0.083,1001.0,0.058373502913393556,0.1383164442667938,0.29809478488896635,0.5328463263439592,0.7443771285278008,5,853125974
alpha_1.5,1.5,1.0,1.0,2,16,sensitivity,1000,16,alpha,1.5,30,1000,2000,False,completed,0,0,4.0,16.0,0.364217,0.024,1,1000,1.0,0.009780117105117106,4.593083083083083,8.0,-0.014028147847338546,0.34558127783880754,0.2970899783384829,691.162555677615,0.012036084180372757,0.0,0.082,1001.0,0.057711785162109425,0.14541243943109328,0.2970899783384829,0.5093688822853761,0.7054984006834897,6,1116743821
alpha_1.5,1.5,1.0,1.0,2,16,sensitivity,1000,16,alpha,1.5,30,1000,2000,False,completed,0,0,4.0,16.0,0.3647775000000002,0.021,1,1000,1.0,0.013349913974913974,4.5919459459459455,8.0,-0.016049424146445394,0.3540467628521241,0.30109993116261025,708.0935257042482,0.012036084180372757,0.0,0.08,1001.0,0.054046331354226936,0.1451939579391413,0.30109993116261025,0.5329542161025047,0.7436866911568668,7,3423490935
alpha_1.5,1.5,1.0,1.0,2,16,sensitivity,1000,16,alpha,1.5,30,1000,2000,False,completed,0,0,4.0,16.0,0.3658635000000001,0.016,1,1000,1.0,0.013362282162282161,4.585785785785786,8.0,-0.04179093352563432,0.3502931372947103,0.29554865680064923,700.5862745894206,0.012036084180372757,0.0,0.087,1001.0,0.057676309341753135,0.139148932273553,0.29554865680064923,0.5212653448655762,0.7345540841383803,8,2887114162
alpha_1.5,1.5,1.0,1.0,2,16,sensitivity,1000,16,alpha,1.5,30,1000,2000,False,completed,0,0,4.0,16.0,0.362943,0.018,1,1000,1.0,0.01067808857808858,4.589823823823824,8.0,-0.026852710975145865,0.3415483856173031,0.29308701859687214,683.0967712346062,0.012036084180372757,0.0,0.081,1001.0,0.053633639473624976,0.1270911515555312,0.29308701859687214,0.5023040850109319,0.7184736562526652,9,3150557281
alpha_1.5,1.5,1.0,1.0,2,16,sensitivity,1000,16,alpha,1.5,30,1000,2000,False,completed,0,0,4.0,16.0,0.3657670000000002,0.02,1,1000,1.0,0.010783541458541459,4.582924924924925,8.0,-0.042131269366141755,0.3446296888550254,0.29246993332763827,689.2593777100508,0.012036084180372757,0.0,0.086,1001.0,0.051080803605678224,0.1310635755153208,0.29246993332763827,0.516856156480141,0.7261382808527005,10,3016289989
alpha_1.5,1.5,1.0,1.0,2,16,sensitivity,1000,16,alpha,1.5,30,1000,2000,False,completed,0,0,4.0,16.0,0.3623655000000001,0.017,1,1000,1.0,0.015127311577311576,4.609947947947948,8.0,-0.03262638759930618,0.3549405897784939,0.30748272049484027,709.8811795569878,0.012036084180372757,0.0,0.085,1001.0,0.05923954710201958,0.14338674494872525,0.30748272049484027,0.5236006164542866,0.7375260268068506,11,339919738
alpha_1.5,1.5,1.0,1.0,2,16,sensitivity,1000,16,alpha,1.5,30,1000,2000,False,completed,0,0,4.0,16.0,0.36308550000000017,0.017,1,1000,1.0,0.011454906204906206,4.596860860860861,8.0,-0.013897181441921036,0.351427210191673,0.3095170954443316,702.854420383346,0.012036084180372757,0.0,0.086,1001.0,0.04708924952062971,0.13389201232898015,0.3095170954443316,0.5243043966426201,0.7266256721415427,12,2555002806
alpha_1.5,1.5,1.0,1.0,2,16,sensitivity,1000,16,alpha,1.5,30,1000,2000,False,completed,0,0,4.0,16.0,0.3673615000000001,0.019,1,1000,1.0,0.015451881451881451,4.591581581581582,8.0,-0.05756197696156741,0.34734413049299145,0.3002899320638554,694.6882609859829,0.012036084180372757,0.0,0.082,1001.0,0.05729033589270717,0.13718379266956596,0.3002899320638554,0.5129194454423739,0.714732703389287,13,3557938481
alpha_1.5,1.5,1.0,1.0,2,16,sensitivity,1000,16,alpha,1.5,30,1000,2000,False,completed,0,0,4.0,16.0,0.3640920000000001,0.018,1,1000,1.0,0.01565100455100455,4.58402002002002,8.0,-0.019946592134195,0.33907717955960226,0.27838903366003853,678.1543591192045,0.012036084180372757,0.0,0.079,1001.0,0.05451204232761969,0.136166722135237,0.27838903366003853,0.5120412270624809,0.7182207580884372,14,4227220492
alpha_1.5,1.5,1.0,1.0,2,16,sensitivity,1000,16,alpha,1.5,30,1000,2000,False,completed,0,0,4.0,16.0,0.3662590000000001,0.021,1,1000,1.0,0.008203044178044178,4.600612612612613,8.0,-0.05569034956092869,0.3453399626383765,0.2981297520169716,690.679925276753,0.012036084180372757,0.0,0.088,1001.0,0.053469257850137765,0.13590166036488038,0.2981297520169716,0.5098278782732343,0.7140657393858671,15,3166712428
alpha_1.5,1.5,1.0,1.0,2,16,sensitivity,1000,16,alpha,1.5,30,1000,2000,False,completed,0,0,4.0,16.0,0.3680880000000002,0.018,1,1000,1.0,0.015663658563658565,4.597121121121121,8.0,-0.06781140803279703,0.36234289871649866,0.3140767111764466,724.6857974329973,0.012036084180372757,0.0,0.09,1001.0,0.05502732368843229,0.1409081700192395,0.3140767111764466,0.5518679425550568,0.7470978894675531,16,1103369225
alpha_1.5,1.5,1.0,1.0,2,16,sensitivity,1000,16,alpha,1.5,30,1000,2000,False,completed,0,0,4.0,16.0,0.36547550000000006,0.017,1,1000,1.0,0.0107514208014208,4.5984264264264265,8.0,-0.03594116539100373,0.34811789223371115,0.29568138502097796,696.2357844674223,0.012036084180372757,0.0,0.079,1001.0,0.055952184305328084,0.14010055074202563,0.29568138502097796,0.5249457218718375,0.713133611912646,17,3298690078
alpha_1.5,1.5,1.0,1.0,2,16,sensitivity,1000,16,alpha,1.5,30,1000,2000,False,completed,0,0,4.0,16.0,0.36025300000000016,0.013,1,1000,1.0,0.01046979131979132,4.629037037037037,8.0,-0.024650445586012194,0.3569618675637982,0.31019639189598913,713.9237351275964,0.012036084180372757,0.0,0.084,1001.0,0.05815107411057643,0.14237987647111203,0.31019639189598913,0.5249009003448005,0.7311793581831642,18,667044310
alpha_1.5,1.5,1.0,1.0,2,16,sensitivity,1000,16,alpha,1.5,30,1000,2000,False,completed,0,0,4.0,16.0,0.368746,0.021,1,1000,1.0,0.01991562604062604,4.595613613613613,8.0,-0.06011103739349268,0.3519130208261384,0.2974924707553067,703.8260416522768,0.012036084180372757,0.0,0.085,1001.0,0.057101851103668784,0.13622112713548093,0.2974924707553067,0.5258779083966525,0.7351934462124774,19,3219947495
alpha_1.5,1.5,1.0,1.0,2,16,sensitivity,1000,16,alpha,1.5,30,1000,2000,False,completed,0,0,4.0,16.0,0.367445,0.011,1,1000,1.0,0.013700230325230326,4.570662662662663,8.0,-0.05319135572425762,0.3402940246309318,0.2935381867759261,680.5880492618636,0.012036084180372757,0.0,0.091,1001.0,0.054419064799006114,0.1305486308417722,0.2935381867759261,0.4957096949790856,0.7061360423111457,20,1555647789
alpha_1.5,1.5,1.0,1.0,2,16,sensitivity,1000,16,alpha,1.5,30,1000,2000,False,completed,0,0,4.0,16.0,0.36292100000000005,0.019,1,1000,1.0,0.011256507381507382,4.619393393393393,8.0,-0.030908143118039258,0.34994415897015246,0.2925852198601683,699.8883179403049,0.012036084180372757,0.0,0.081,1001.0,0.05908758309235802,0.14309192923738254,0.2925852198601683,0.5220366113870204,0.7240978634526597,21,4090745853
alpha_1.5,1.5,1.0,1.0,2,16,sensitivity,1000,16,alpha,1.5,30,1000,2000,False,completed,0,0,4.0,16.0,0.3640795000000001,0.021,1,1000,1.0,0.011814790764790764,4.5958278278278275,8.0,-0.030183488190564524,0.33729916872318977,0.2914394472587015,674.5983374463796,0.012036084180372757,0.0,0.085,1001.0,0.055006589026440796,0.13369011189376545,0.2914394472587015,0.5049335354182144,0.6969788419859972,22,1081928681
alpha_1.5,1.5,1.0,1.0,2,16,sensitivity,1000,16,alpha,1.5,30,1000,2000,False,completed,0,0,4.0,16.0,0.36495450000000007,0.018,1,1000,1.0,0.009789618714618715,4.6323203203203205,8.0,-0.04630000046180982,0.3389400514338602,0.2852429240613812,677.8801028677203,0.012036084180372757,0.0,0.081,1001.0,0.05157099326575451,0.12752041409592646,0.2852429240613812,0.5118685711729242,0.7067746409217682,23,3079376529
alpha_1.5,1.5,1.0,1.0,2,16,sensitivity,1000,16,alpha,1.5,30,1000,2000,False,completed,0,0,4.0,16.0,0.36320600000000014,0.022,1,1000,1.0,0.012076429126429125,4.601455455455455,8.0,-0.012797249551747986,0.34872740523137896,0.2984203097211099,697.4548104627579,0.012036084180372757,0.0,0.086,1001.0,0.057613432107119215,0.14267844885289635,0.2984203097211099,0.5171635369667877,0.7363690846082054,24,3055688394
alpha_1.5,1.5,1.0,1.0,2,16,sensitivity,1000,16,alpha,1.5,30,1000,2000,False,completed,0,0,4.0,16.0,0.3675575000000002,0.02,1,1000,1.0,0.00963868908868909,4.584174174174175,8.0,-0.06366489634895378,0.36049886520261515,0.3198891539835814,720.9977304052303,0.012036084180372757,0.0,0.082,1001.0,0.06321596357163077,0.15130175938501383,0.3198891539835814,0.5363948910024071,0.7261913277706664,25,2677559555
alpha_1.5,1.5,1.0,1.0,2,16,sensitivity,1000,16,alpha,1.5,30,1000,2000,False,completed,0,0,4.0,16.0,0.36621250000000005,0.014,1,1000,1.0,0.01604628427128427,4.5980520520520525,8.0,-0.046310431349172475,0.35372822965759365,0.2977040933430074,707.4564593151873,0.012036084180372757,0.0,0.084,1001.0,0.060845499071398315,0.14343165930317525,0.2977040933430074,0.5208602527659347,0.7178089694442674,26,2132715280
alpha_1.5,1.5,1.0,1.0,2,16,sensitivity,1000,16,alpha,1.5,30,1000,2000,False,completed,0,0,4.0,16.0,0.3657035000000002,0.016,1,1000,1.0,0.013494466644466645,4.5976376376376376,8.0,-0.05442452844579604,0.35065161745487944,0.30081279203484435,701.3032349097589,0.012036084180372757,0.0,0.087,1001.0,0.060857726000071506,0.13659348512563063,0.30081279203484435,0.5226276918409326,0.7205643448907775,27,436972179
alpha_1.5,1.5,1.0,1.0,2,16,sensitivity,1000,16,alpha,1.5,30,1000,2000,False,completed,0,0,4.0,16.0,0.3608435000000001,0.015,1,1000,1.0,0.011506468531468531,4.624026026026026,8.0,-0.024095583930941515,0.353622427405994,0.30712999772564226,707.2448548119879,0.012036084180372757,0.0,0.082,1001.0,0.058230406769388454,0.1422877286561756,0.30712999772564226,0.531673551544964,0.7100152035835379,28,299243913
alpha_1.5,1.5,1.0,1.0,2,16,sensitivity,1000,16,alpha,1.5,30,1000,2000,False,completed,0,0,4.0,16.0,0.3648705000000001,0.016,1,1000,1.0,0.014960453435453434,4.596914914914915,8.0,-0.06033760719802449,0.3508778663315839,0.30052247065990056,701.7557326631678,0.012036084180372757,0.0,0.086,1001.0,0.056255754535214746,0.1356802013796032,0.30052247065990056,0.5313027774312689,0.7372276616795973,29,2732059882
beta_0.0,1.0,0.0,1.0,2,16,sensitivity,1000,16,beta,0.0,30,1000,2000,False,completed,0,0,4.0,16.0,0.36089950000000015,0.035,1,1000,1.0,0.01691368908868909,4.598692692692692,8.0,-0.031744168800098393,0.3576700433823396,0.3126235752599989,715.3400867646792,0.012036084180372757,0.0,0.074,1001.0,0.05695566831335359,0.14174872561105428,0.3126235752599989,0.5335746557546572,0.7492531803943554,0,3407504709
beta_0.0,1.0,0.0,1.0,2,16,sensitivity,1000,16,beta,0.0,30,1000,2000,False,completed,0,0,4.0,16.0,0.36201950000000016,0.036,1,1000,1.0,0.014041228216228215,4.583499499499499,8.0,-0.045073012279872836,0.34448704853274004,0.29269946937178426,688.9740970654801,0.012036084180372757,0.0,0.082,1001.0,0.055232368365017964,0.1379619171660526,0.29269946937178426,0.5091561528284764,0.7267467778895298,1,1851849498
beta_0.0,1.0,0.0,1.0,2,16,sensitivity,1000,16,beta,0.0,30,1000,2000,False,completed,0,0,4.0,16.0,0.3642325000000002,0.034,1,1000,1.0,0.015175310800310801,4.570658658658659,8.0,-0.035586892532100296,0.33989689841233983,0.29055207307143416,679.7937968246797,0.012036084180372757,0.0,0.079,1001.0,0.0523057076574007,0.13636451840701727,0.29055207307143416,0.5004498679255388,0.7094917764963681,2,981798532
beta_0.0,1.0,0.0,1.0,2,16,sensitivity,1000,16,beta,0.0,30,1000,2000,False,completed,0,0,4.0,16.0,0.35905850000000017,0.034,1,1000,1.0,0.0076684343434343435,4.615803803803804,8.0,-0.039526763144770764,0.3514853442567269,0.307743657974093,702.9706885134538,0.012036084180372757,0.0,0.076,1001.0,0.05471080154892616,0.14083236475015676,0.307743657974093,0.521360417583596,0.7285048589672724,3,4092296670
beta_0.0,1.0,0.0,1.0,2,16,sensitivity,1000,16,beta,0.0,30,1000,2000,False,completed,0,0,4.0,16.0,0.35752050000000013,0.033,1,1000,1.0,0.015659312909312908,4.631191191191191,8.0,-0.027619155012386397,0.3418778398938907,0.28406031087078376,683.7556797877814,0.012036084180372757,0.0,0.07,1001.0,0.055470000587557244,0.12953441513068817,0.28406031087078376,0.5214980639311498,0.7095163710889385,4,27914950
beta_0.0,1.0,0.0,1.0,2,16,sensitivity,1000,16,beta,0.0,30,1000,2000,False,completed,0,0,4.0,16.0,0.36574700000000004,0.036,1,1000,1.0,0.009917743367743368,4.568088088088088,8.0,-0.07451047356156641,0.3424921967497967,0.29981354010190814,684.9843934995934,0.012036084180372757,0.0,0.079,1001.0,0.05742778832544568,0.14528890263636696,0.29981354010190814,0.49525791183136514,0.7113771138464491,5,609311336
beta_0.0,1.0,0.0,1.0,2,16,sensitivity,1000,16,beta,0.0,30,1000,2000,False,completed,0,0,4.0,16.0,0.3659100000000002,0.038,1,1000,1.0,0.01941852036852037,4.573129129129129,8.0,-0.07572021010076277,0.34595680010277075,0.2980813329293656,691.9136002055415,0.012036084180372757,0.0,0.082,1001.0,0.055578669541151406,0.14406748918772233,0.2980813329293656,0.5073391213376957,0.7123427213844863,6,2387926760
beta_0.0,1.0,0.0,1.0,2,16,sensitivity,1000,16,beta,0.0,30,1000,2000,False,completed,0,0,4.0,16.0,0.360962,0.033,1,1000,1.0,0.011188167388167388,4.5988048048048045,8.0,-0.041613656321056146,0.3419721080037565,0.2832174814482824,683.944216007513,0.012036084180372757,0.0,0.075,1001.0,0.0531546403084216,0.13071689244446372,0.2832174814482824,0.5095853623510809,0.7349387662759976,7,641607240
beta_0.0,1.0,0.0,1.0,2,16,sensitivity,1000,16,beta,0.0,30,1000,2000,False,completed,0,0,4.0,16.0,0.3607975000000001,0.038,1,1000,1.0,0.012901251526251526,4.589227227227227,8.0,-0.03327041591513569,0.3529909749894941,0.3116620548291369,705.9819499789883,0.012036084180372757,0.0,0.081,1001.0,0.05966854426718048,0.14767428480030365,0.3116620548291369,0.5119889461459849,0.7206089828366298,8,2158999389
beta_0.0,1.0,0.0,1.0,2,16,sensitivity,1000,16,beta,0.0,30,1000,2000,False,completed,0,0,4.0,16.0,0.3641225000000001,0.032,1,1000,1.0,0.018183014208014207,4.589787787787788,8.0,-0.04151729885033936,0.349587693810237,0.3027747542041471,699.175387620474,0.012036084180372757,0.0,0.081,1001.0,0.05656775534689258,0.13642329033822886,0.3027747542041471,0.519810330702446,0.7211797746292588,9,1447720989
beta_0.0,1.0,0.0,1.0,2,16,sensitivity,1000,16,beta,0.0,30,1000,2000,False,completed,0,0,4.0,16.0,0.3613605000000002,0.039,1,1000,1.0,0.017679950604950603,4.590718718718719,8.0,-0.04582840166206733,0.35711616900846643,0.31278316124028527,714.2323380169329,0.012036084180372757,0.0,0.071,1001.0,0.060564603355058345,0.15134542241342885,0.31278316124028527,0.5254140252038364,0.7265467552337544,10,2633682934
beta_0.0,1.0,0.0,1.0,2,16,sensitivity,1000,16,beta,0.0,30,1000,2000,False,completed,0,0,4.0,16.0,0.36310600000000015,0.037,1,1000,1.0,0.011950641025641025,4.59628028028028,8.0,-0.059956848305316536,0.34283870306417824,0.29901259562427857,685.6774061283564,0.012036084180372757,0.0,0.08,1001.0,0.05264488168803314,0.12908400011878582,0.29901259562427857,0.5091774649610573,0.7112691060798891,11,645658589
beta_0.0,1.0,0.0,1.0,2,16,sensitivity,1000,16,beta,0.0,30,1000,2000,False,completed,0,0,4.0,16.0,0.362781,0.035,1,1000,1.0,0.010063938838938838,4.577023023023023,8.0,-0.06203175522257759,0.35153765349981353,0.30859714658238047,703.0753069996271,0.012036084180372757,0.0,0.079,1001.0,0.05738928221387237,0.1467217931500572,0.30859714658238047,0.5130353748225089,0.7218193402434684,12,222639521
beta_0.0,1.0,0.0,1.0,2,16,sensitivity,1000,16,beta,0.0,30,1000,2000,False,completed,0,0,4.0,16.0,0.364209,0.035,1,1000,1.0,0.020001506826506827,4.603783783783784,8.0,-0.05998617645620313,0.34786612590797233,0.2908576164442212,695.7322518159447,0.012036084180372757,0.0,0.077,1001.0,0.058926974396380324,0.13339094650369615,0.2908576164442212,0.516446271194113,0.7279851856857902,13,3360503802
beta_0.0,1.0,0.0,1.0,2,16,sensitivity,1000,16,beta,0.0,30,1000,2000,False,completed,0,0,4.0,16.0,0.36171450000000016,0.033,1,1000,1.0,0.008407267732267732,4.588404404404405,8.0,-0.035618820456254585,0.34978349239174944,0.29466611789060515,699.5669847834989,0.012036084180372757,0.0,0.078,1001.0,0.06072534214729702,0.13695825602647566,0.29466611789060515,0.522141004665012,0.7341792346061038,14,75710910
beta_0.0,1.0,0.0,1.0,2,16,sensitivity,1000,16,beta,0.0,30,1000,2000,False,completed,0,0,4.0,16.0,0.3572195,0.037,1,1000,1.0,0.011152331002331001,4.615113113113113,8.0,-0.04267447501752427,0.35086754631844247,0.3066599483659658,701.7350926368849,0.012036084180372757,0.0,0.076,1001.0,0.05644429190480698,0.13449703692878787,0.3066599483659658,0.5281515154214229,0.7270826398696056,15,4022760745
beta_0.0,1.0,0.0,1.0,2,16,sensitivity,1000,16,beta,0.0,30,1000,2000,False,completed,0,0,4.0,16.0,0.3576520000000001,0.031,1,1000,1.0,0.009265007215007214,4.623579579579579,8.0,-0.01386935481074267,0.34620564585042407,0.2954765986430633,692.4112917008481,0.012036084180372757,0.0,0.076,1001.0,0.0531828436972369,0.1412201109630062,0.2954765986430633,0.5138381733089628,0.7182889443229957,16,2955437553
beta_0.0,1.0,0.0,1.0,2,16,sensitivity,1000,16,beta,0.0,30,1000,2000,False,completed,0,0,4.0,16.0,0.35556750000000004,0.038,1,1000,1.0,0.01563023643023643,4.6248548548548545,8.0,-0.038159920210314405,0.36482391631225153,0.3184041127123842,729.647832624503,0.012036084180372757,0.0,0.071,1001.0,0.0533347569725999,0.14212151303233972,0.3184041127123842,0.5497420223831344,0.7445195810287235,17,2152487277
beta_0.0,1.0,0.0,1.0,2,16,sensitivity,1000,16,beta,0.0,30,1000,2000,False,completed,0,0,4.0,16.0,0.3583320000000001,0.039,1,1000,1.0,0.011773101898101898,4.579951951951952,8.0,-0.02942528337320843,0.3549365125285372,0.3042513772847597,709.8730250570744,0.012036084180372757,0.0,0.072,1001.0,0.05603086126070444,0.1412244912566446,0.3042513772847597,0.5314411756383919,0.7210101851989805,18,2676175256
beta_0.0,1.0,0.0,1.0,2,16,sensitivity,1000,16,beta,0.0,30,1000,2000,False,completed,0,0,4.0,16.0,0.3622690000000002,0.035,1,1000,1.0,0.01057989232989233,4.594926926926927,8.0,-0.047095797508782795,0.3477578029938828,0.30043439748127276,695.5156059877656,0.012036084180372757,0.0,0.08,1001.0,0.05642628543550552,0.14120482141234098,0.30043439748127276,0.5070099346844918,0.7159284397399047,19,132933019
beta_0.0,1.0,0.0,1.0,2,16,sensitivity,1000,16,beta,0.0,30,1000,2000,False,completed,0,0,4.0,16.0,0.3626060000000002,0.034,1,1000,1.0,0.010419372294372295,4.591861861861862,8.0,-0.05630322531545025,0.35116062327914416,0.30400852065980993,702.3212465582883,0.012036084180372757,0.0,0.077,1001.0,0.05247743186371321,0.1355578555386682,0.30400852065980993,0.5315831887370803,0.7298432669919791,20,2230294129
beta_0.0,1.0,0.0,1.0,2,16,sensitivity,1000,16,beta,0.0,30,1000,2000,False,completed,0,0,4.0,16.0,0.36562150000000004,0.036,1,1000,1.0,0.007645837495837496,4.570688688688689,8.0,-0.06645687421559669,0.3397683820347231,0.2940802895181758,679.5367640694462,0.012036084180372757,0.0,0.084,1001.0,0.05275731990814521,0.1306472491226689,0.2940802895181758,0.5029258319365286,0.7096728378989455,21,978478724
beta_0.0,1.0,0.0,1.0,2,16,sensitivity,1000,16,beta,0.0,30,1000,2000,False,completed,0,0,4.0,16.0,0.36027750000000003,0.028,1,1000,1.0,0.017957123432123433,4.619465465465465,8.0,-0.03222178162983568,0.344891716217594,0.2928250702703835,689.783432435188,0.012036084180372757,0.0,0.074,1001.0,0.05586171544427142,0.13643068025950056,0.2928250702703835,0.518456306960406,0.7171542882386694,22,650803726
beta_0.0,1.0,0.0,1.0,2,16,sensitivity,1000,16,beta,0.0,30,1000,2000,False,completed,0,0,4.0,16.0,0.3637480000000002,0.035,1,1000,1.0,0.015353715728715729,4.596562562562562,8.0,-0.05007549564057111,0.344339459761086,0.293102650900682,688.678919522172,0.012036084180372757,0.0,0.075,1001.0,0.056960722221292816,0.1376673275701606,0.293102650900682,0.5041833550384798,0.7232716753020517,23,2246210871
beta_0.0,1.0,0.0,1.0,2,16,sensitivity,1000,16,beta,0.0,30,1000,2000,False,completed,0,0,4.0,16.0,0.3652135000000001,0.04,1,1000,1.0,0.013572965922965922,4.567775775775776,8.0,-0.06324377764105142,0.35210162513383614,0.2999465390463834,704.2032502676723,0.012036084180372757,0.0,0.073,1001.0,0.058673003054147424,0.134727106329385,0.2999465390463834,0.52390076114462,0.7384505358091239,24,443930127
beta_0.0,1.0,0.0,1.0,2,16,sensitivity,1000,16,beta,0.0,30,1000,2000,False,completed,0,0,4.0,16.0,0.3622080000000001,0.04,1,1000,1.0,0.011311305361305361,4.570600600600601,8.0,-0.029098972684194004,0.3592615211764827,0.30562746081234593,718.5230423529654,0.012036084180372757,0.0,0.073,1001.0,0.05627626157008806,0.14301422664865712,0.30562746081234593,0.5373495594279959,0.7543239298421727,25,1758932467
beta_0.0,1.0,0.0,1.0,2,16,sensitivity,1000,16,beta,0.0,30,1000,2000,False,completed,0,0,4.0,16.0,0.3629505000000002,0.035,1,1000,1.0,0.016772566322566324,4.600472472472473,8.0,-0.04525443129796901,0.3467928738823374,0.2958150393668384,693.5857477646748,0.012036084180372757,0.0,0.075,1001.0,0.057980615926242464,0.13766303725857842,0.2958150393668384,0.5109268831795001,0.712951689818893,26,2552028430
beta_0.0,1.0,0.0,1.0,2,16,sensitivity,1000,16,beta,0.0,30,1000,2000,False,completed,0,0,4.0,16.0,0.36277000000000004,0.037,1,1000,1.0,0.013068181818181819,4.600034034034034,8.0,-0.04169955405339145,0.3467365422498077,0.29637461064825094,693.4730844996154,0.012036084180372757,0.0,0.074,1001.0,0.05208924844655199,0.13851029062916925,0.29637461064825094,0.5186774135684243,0.717207896266909,27,1011076855
beta_0.0,1.0,0.0,1.0,2,16,sensitivity,1000,16,beta,0.0,30,1000,2000,False,completed,0,0,4.0,16.0,0.3641825000000001,0.036,1,1000,1.0,0.024870837495837496,4.601221221221222,8.0,-0.0563568916543318,0.34972119547401465,0.29360997159376256,699.4423909480292,0.012036084180372757,0.0,0.081,1001.0,0.05631050507293996,0.13358729705573352,0.29360997159376256,0.5315955457987274,0.728184419638803,28,1233932323
beta_0.0,1.0,0.0,1.0,2,16,sensitivity,1000,16,beta,0.0,30,1000,2000,False,completed,0,0,4.0,16.0,0.36476050000000004,0.036,1,1000,1.0,0.012019350094350095,4.580756756756757,8.0,-0.044599777136624046,0.3478576869029062,0.29453311897351697,695.7153738058124,0.012036084180372757,0.0,0.078,1001.0,0.05728348121633668,0.1341354450934846,0.29453311897351697,0.5228967192279156,0.7259281497206703,29,1850836218
beta_0.5,1.0,0.5,1.0,2,16,sensitivity,1000,16,beta,0.5,30,1000,2000,False,completed,0,0,4.0,16.0,0.35236,0.016,1,1000,1.0,0.010483874458874458,4.645985985985986,8.0,0.018683901705700678,0.3465209278018473,0.2960392498720245,693.0418556036946,0.012036084180372757,0.0,0.076,1001.0,0.05660132238250892,0.13460957423372788,0.2960392498720245,0.5141216802920551,0.7181930772715678,0,3211272874
beta_0.5,1.0,0.5,1.0,2,16,sensitivity,1000,16,beta,0.5,30,1000,2000,False,completed,0,0,4.0,16.0,0.34627200000000014,0.015,1,1000,1.0,0.01465102675102675,4.687147147147147,8.0,0.043340473373149294,0.3544793350003857,0.30922683096555226,708.9586700007713,0.012036084180372757,0.0,0.066,1001.0,0.049255878758568024,0.1366718459875562,0.30922683096555226,0.5258926290187478,0.7343114917501292,1,3778567688
beta_0.5,1.0,0.5,1.0,2,16,sensitivity,1000,16,beta,0.5,30,1000,2000,False,completed,0,0,4.0,16.0,0.346878,0.021,1,1000,1.0,0.014166730491730492,4.682368368368368,8.0,0.0459064600201046,0.35121846407702756,0.2990709779891003,702.4369281540551,0.012036084180372757,0.0,0.069,1001.0,0.05175916441000066,0.13752777547648634,0.2990709779891003,0.5258361025165064,0.741296718268541,2,1172455764
beta_0.5,1.0,0.5,1.0,2,16,sensitivity,1000,16,beta,0.5,30,1000,2000,False,completed,0,0,4.0,16.0,0.3482925000000001,0.018,1,1000,1.0,0.0033554917304917304,4.673025025025025,8.0,0.045012797198179154,0.34897040301085874,0.31418574429167734,697.9408060217174,0.012036084180372757,0.0,0.067,1001.0,0.05329109259643645,0.14036770820692646,0.31418574429167734,0.5159750914882175,0.7106643925863132,3,1691256075
beta_0.5,1.0,0.5,1.0,2,16,sensitivity,1000,16,beta,0.5,30,1000,2000,False,completed,0,0,4.0,16.0,0.3497365000000001,0.016,1,1000,1.0,0.008385761460761462,4.698382382382382,8.0,0.008772445697904393,0.3517191283875309,0.30052169507538196,703.4382567750617,0.012036084180372757,0.0,0.073,1001.0,0.061480957998017685,0.14257416075502835,0.30052169507538196,0.5289394369844733,0.7224276150029884,4,688126781
beta_0.5,1.0,0.5,1.0,2,16,sensitivity,1000,16,beta,0.5,30,1000,2000,False,completed,0,0,4.0,16.0,0.34648500000000015,0.017,1,1000,1.0,0.0084239010989011,4.688258258258259,8.0,0.02912177928237953,0.3534769842700932,0.310383344453832,706.9539685401865,0.012036084180372757,0.0,0.069,1001.0,0.05313785074323433,0.13930121618065422,0.310383344453832,0.5238678684508655,0.7307032253332022,5,1343932479
beta_0.5,1.0,0.5,1.0,2,16,sensitivity,1000,16,beta,0.5,30,1000,2000,False,completed,0,0,4.0,16.0,0.3452025000000001,0.019,1,1000,1.0,0.007632253857253857,4.685735735735736,8.0,0.038217097844605925,0.35479501947154585,0.3115407080385959,709.5900389430917,0.012036084180372757,0.0,0.069,1001.0,0.06006680629946766,0.1408760975042458,0.3115407080385959,0.520908665012731,0.7172940864449506,6,4176660785
beta_0.5,1.0,0.5,1.0,2,16,sensitivity,1000,16,beta,0.5,30,1000,2000,False,completed,0,0,4.0,16.0,0.3533415000000002,0.018,1,1000,1.0,0.010782642357642357,4.662828828828829,8.0,-0.0018501381450453938,0.35031331103245134,0.3159349133036644,700.6266220649027,0.012036084180372757,0.0,0.075,1001.0,0.060692790801083134,0.14086165793194766,0.3159349133036644,0.5098123276011279,0.706575173639636,7,3027064921
beta_0.5,1.0,0.5,1.0,2,16,sensitivity,1000,16,beta,0.5,30,1000,2000,False,completed,0,0,4.0,16.0,0.34666450000000015,0.016,1,1000,1.0,0.010762629037629038,4.668326326326326,8.0,0.052483268756604515,0.35353986565943546,0.31064330692725284,707.0797313188709,0.012036084180372757,0.0,0.075,1001.0,0.05929868511261297,0.14056767225447078,0.31064330692725284,0.5162842346691977,0.7266213912123325,8,3605129061
beta_0.5,1.0,0.5,1.0,2,16,sensitivity,1000,16,beta,0.5,30,1000,2000,False,completed,0,0,4.0,16.0,0.346862,0.015,1,1000,1.0,0.004991544566544566,4.675001001001001,8.0,0.021529923764965375,0.34612149966594596,0.29307492095975685,692.242999331892,0.012036084180372757,0.0,0.073,1001.0,0.050862595748395925,0.12517893529692475,0.29307492095975685,0.5214158428342782,0.7409343015499519,9,1125193341
beta_0.5,1.0,0.5,1.0,2,16,sensitivity,1000,16,beta,0.5,30,1000,2000,False,completed,0,0,4.0,16.0,0.34832700000000005,0.017,1,1000,1.0,0.008806651681651682,4.689875875875876,8.0,0.026834767534015348,0.3429889290957193,0.28991523720308954,685.9778581914386,0.012036084180372757,0.0,0.071,1001.0,0.050434467692115015,0.13145812419945538,0.28991523720308954,0.5228138990263731,0.7254937295247258,10,1312827475
beta_0.5,1.0,0.5,1.0,2,16,sensitivity,1000,16,beta,0.5,30,1000,2000,False,completed,0,0,4.0,16.0,0.35067000000000004,0.022,1,1000,1.0,0.007920337995337996,4.659675675675675,8.0,0.03665927891883953,0.3493156507772863,0.29530684717554656,698.6313015545727,0.012036084180372757,0.0,0.067,1001.0,0.05351602205788722,0.1314355915363473,0.29530684717554656,0.519496475610217,0.7302547748160122,11,437597504
beta_0.5,1.0,0.5,1.0,2,16,sensitivity,1000,16,beta,0.5,30,1000,2000,False,completed,0,0,4.0,16.0,0.35062550000000003,0.021,1,1000,1.0,0.014636083361083362,4.671797797797797,8.0,-0.004396746204766372,0.34364536279597313,0.295742378945285,687.2907255919463,0.012036084180372757,0.0,0.075,1001.0,0.06024081828068025,0.1364930351179589,0.295742378945285,0.5007453317365606,0.7146974072363903,12,1801951541
beta_0.5,1.0,0.5,1.0,2,16,sensitivity,1000,16,beta,0.5,30,1000,2000,False,completed,0,0,4.0,16.0,0.3511160000000002,0.019,1,1000,1.0,0.009549963924963925,4.655265265265265,8.0,0.009995021697793247,0.34721436871062744,0.3036287518854537,694.4287374212549,0.012036084180372757,0.0,0.076,1001.0,0.05644361690803508,0.13622356033573765,0.3036287518854537,0.5126607222967103,0.7158900774608933,13,24818317
beta_0.5,1.0,0.5,1.0,2,16,sensitivity,1000,16,beta,0.5,30,1000,2000,False,completed,0,0,4.0,16.0,0.350017,0.017,1,1000,1.0,0.010558652458652458,4.663279279279279,8.0,0.0057833844564824455,0.34764348865983874,0.29576037385390463,695.2869773196775,0.012036084180372757,0.0,0.067,1001.0,0.06252731798601338,0.1416846695638283,0.29576037385390463,0.5160160249256889,0.7176807364326498,14,3281271629
beta_0.5,1.0,0.5,1.0,2,16,sensitivity,1000,16,beta,0.5,30,1000,2000,False,completed,0,0,4.0,16.0,0.3491240000000002,0.018,1,1000,1.0,0.009947990897990899,4.671873873873874,8.0,0.03257224642061741,0.35295993103212675,0.30412343616712645,705.9198620642535,0.012036084180372757,0.0,0.071,1001.0,0.04940154544635176,0.13234686679873225,0.30412343616712645,0.5268610059332781,0.7277740056624464,15,425196185
beta_0.5,1.0,0.5,1.0,2,16,sensitivity,1000,16,beta,0.5,30,1000,2000,False,completed,0,0,4.0,16.0,0.3506015,0.017,1,1000,1.0,0.014325335775335775,4.687151151151151,8.0,0.016648314572524334,0.34614617568858014,0.29749158513217056,692.2923513771602,0.012036084180372757,0.0,0.071,1001.0,0.05412758214181419,0.1359630261078944,0.29749158513217056,0.5091563395573572,0.7210578663761393,16,1034393548
beta_0.5,1.0,0.5,1.0,2,16,sensitivity,1000,16,beta,0.5,30,1000,2000,False,completed,0,0,4.0,16.0,0.3511240000000002,0.018,1,1000,1.0,0.01375378787878788,4.662660660660661,8.0,-0.002244348026716674,0.3554242252427324,0.30943078561531234,710.8484504854647,0.012036084180372757,0.0,0.081,1001.0,0.05274401085500663,0.1377358242228053,0.30943078561531234,0.5279323124766858,0.7268389255513309,17,2967541338
beta_0.5,1.0,0.5,1.0,2,16,sensitivity,1000,16,beta,0.5,30,1000,2000,False,completed,0,0,4.0,16.0,0.3498190000000001,0.018,1,1000,1.0,0.01532579365079365,4.691821821821822,8.0,0.008924282504055157,0.34472119223470643,0.29107543695831056,689.4423844694129,0.012036084180372757,0.0,0.072,1001.0,0.05749201221230453,0.13326478779256856,0.29107543695831056,0.5240675066260002,0.7176240834214409,18,2552032343
beta_0.5,1.0,0.5,1.0,2,16,sensitivity,1000,16,beta,0.5,30,1000,2000,False,completed,0,0,4.0,16.0,0.3507125000000002,0.018,1,1000,1.0,0.009933852258852259,4.64618018018018,8.0,0.021437072615253464,0.3508243707410162,0.3108829785379945,701.6487414820324,0.012036084180372757,0.0,0.072,1001.0,0.054294966185352664,0.13893986329068664,0.3108829785379945,0.5185313581427443,0.7251067363654362,19,1770892214
beta_0.5,1.0,0.5,1.0,2,16,sensitivity,1000,16,beta,0.5,30,1000,2000,False,completed,0,0,4.0,16.0,0.3460515000000002,0.017,1,1000,1.0,0.013601748251748251,4.698696696696697,8.0,0.041039207019269636,0.3414201691186666,0.2958872334849085,682.8403382373333,0.012036084180372757,0.0,0.074,1001.0,0.06109779706803483,0.14545663982813353,0.2958872334849085,0.48620612431931914,0.7118818347202558,20,4289871864
beta_0.5,1.0,0.5,1.0,2,16,sensitivity,1000,16,beta,0.5,30,1000,2000,False,completed,0,0,4.0,16.0,0.35381850000000004,0.02,1,1000,1.0,0.007480056055056055,4.633893893893894,8.0,0.008914573777657036,0.34426456635794717,0.2892638242057378,688.5291327158943,0.012036084180372757,0.0,0.073,1001.0,0.050386945802717666,0.13512612658680156,0.2892638242057378,0.512731300677666,0.7353714923104455,21,1587106256
beta_0.5,1.0,0.5,1.0,2,16,sensitivity,1000,16,beta,0.5,30,1000,2000,False,completed,0,0,4.0,16.0,0.3500105,0.017,1,1000,1.0,0.011823015873015872,4.661497497497497,8.0,0.031343016934118714,0.3453792739254119,0.2885207385753087,690.7585478508238,0.012036084180372757,0.0,0.074,1001.0,0.05872924475722774,0.13503586280258506,0.2885207385753087,0.5145140313985306,0.7295488500097085,22,757602325
beta_0.5,1.0,0.5,1.0,2,16,sensitivity,1000,16,beta,0.5,30,1000,2000,False,completed,0,0,4.0,16.0,0.34750000000000014,0.012,1,1000,1.0,0.008414640914640914,4.6875995995996,8.0,0.013518623009425754,0.3519304912573568,0.3028901551341129,703.8609825147137,0.012036084180372757,0.0,0.072,1001.0,0.06000390649075327,0.14020117858241637,0.3028901551341129,0.5204585817135787,0.7244472834219644,23,3161749274
beta_0.5,1.0,0.5,1.0,2,16,sensitivity,1000,16,beta,0.5,30,1000,2000,False,completed,0,0,4.0,16.0,0.35145650000000006,0.02,1,1000,1.0,0.011927197802197803,4.6565785785785785,8.0,0.00395934858971656,0.35113366293843334,0.2984810824473058,702.2673258768667,0.012036084180372757,0.0,0.067,1001.0,0.052657447473105384,0.13732766757628523,0.2984810824473058,0.5259836772032733,0.7348105955949904,24,3773174244
beta_0.5,1.0,0.5,1.0,2,16,sensitivity,1000,16,beta,0.5,30,1000,2000,False,completed,0,0,4.0,16.0,0.3465980000000002,0.014,1,1000,1.0,0.0133999666999667,4.688920920920921,8.0,0.038294213448349754,0.3487758540295614,0.30140006925198637,697.5517080591228,0.012036084180372757,0.0,0.07,1001.0,0.052972159109746154,0.14034958618815832,0.30140006925198637,0.517590081353156,0.7161868668335666,25,961153029
beta_0.5,1.0,0.5,1.0,2,16,sensitivity,1000,16,beta,0.5,30,1000,2000,False,completed,0,0,4.0,16.0,0.3461400000000001,0.016,1,1000,1.0,0.009467218892218892,4.690188188188189,8.0,0.039074933532191415,0.35295682024910696,0.31020594916573696,705.9136404982139,0.012036084180372757,0.0,0.066,1001.0,0.05685384264646919,0.13812125617221704,0.31020594916573696,0.5215592584372308,0.7304044400281003,26,3128029544
beta_0.5,1.0,0.5,1.0,2,16,sensitivity,1000,16,beta,0.5,30,1000,2000,False,completed,0,0,4.0,16.0,0.3498825000000001,0.015,1,1000,1.0,0.012197738372738373,4.691855855855856,8.0,-0.004799871031298175,0.3545900758780819,0.30838097353228383,709.1801517561638,0.012036084180372757,0.0,0.076,1001.0,0.054515397241471,0.13913782677124992,0.30838097353228383,0.5253234931537665,0.742798552480894,27,645152090
beta_0.5,1.0,0.5,1.0,2,16,sensitivity,1000,16,beta,0.5,30,1000,2000,False,completed,0,0,4.0,16.0,0.35011000000000014,0.017,1,1000,1.0,0.00873650516150516,4.675581581581581,8.0,0.019387653719020542,0.3556288381491884,0.3107101542876912,711.2576762983767,0.012036084180372757,0.0,0.075,1001.0,0.058624391235240644,0.14742759440173187,0.3107101542876912,0.5276689635718772,0.7236970153690458,28,408918926
beta_0.5,1.0,0.5,1.0,2,16,sensitivity,1000,16,beta,0.5,30,1000,2000,False,completed,0,0,4.0,16.0,0.35409400000000013,0.012,1,1000,1.0,0.016423429348429348,4.673099099099099,8.0,-0.0007141915484017769,0.3434860012783859,0.29058326329163003,686.9720025567718,0.012036084180372757,0.0,0.076,1001.0,0.05541109502720417,0.12413637236016228,0.29058326329163003,0.5228452056057113,0.7253127181334512,29,2997362205
beta_1.0,1.0,1.0,1.0,2,16,sensitivity,1000,16,beta,1.0,30,1000,2000,False,completed,0,0,4.0,16.0,0.3346310000000001,0.003,1,1000,1.0,0.008364452214452214,4.77249049049049,8.0,0.040270865338630855,0.35998292482979877,0.30901077431924295,719.9658496595976,0.012036084180372757,0.0,0.068,1001.0,0.059411604387966756,0.14192534369921833,0.30901077431924295,0.5402670598838835,0.7446050406422713,0,2510546328
beta_1.0,1.0,1.0,1.0,2,16,sensitivity,1000,16,beta,1.0,30,1000,2000,False,completed,0,0,4.0,16.0,0.33396250000000016,0.003,1,1000,1.0,0.008042554667554666,4.790902902902903,8.0,0.073208363968012,0.34553449853408585,0.29780173529797516,691.0689970681717,0.012036084180372757,0.0,0.062,1001.0,0.04974048354473376,0.1237348925237673,0.29780173529797516,0.5187759444076478,0.7265167239745347,1,3188718878
beta_1.0,1.0,1.0,1.0,2,16,sensitivity,1000,16,beta,1.0,30,1000,2000,False,completed,0,0,4.0,16.0,0.3366695000000002,0.005,1,1000,1.0,0.006093081918081918,4.745297297297297,8.0,0.08928791042691207,0.3510859700613679,0.2981349404381288,702.1719401227358,0.012036084180372757,0.0,0.06,1001.0,0.05722568202803917,0.14091933922842187,0.2981349404381288,0.5273670750577515,0.7221752632095543,2,743586974
beta_1.0,1.0,1.0,1.0,2,16,sensitivity,1000,16,beta,1.0,30,1000,2000,False,completed,0,0,4.0,16.0,0.33688000000000007,0.005,1,1000,1.0,0.010807031857031857,4.7567187187187185,8.0,0.062384991065329756,0.3526995863228114,0.30791020683328063,705.3991726456228,0.012036084180372757,0.0,0.07,1001.0,0.05166829951109396,0.13365653107205458,0.30791020683328063,0.5175240528232017,0.7367415766686561,3,1647636897
beta_1.0,1.0,1.0,1.0,2,16,sensitivity,1000,16,beta,1.0,30,1000,2000,False,completed,0,0,4.0,16.0,0.3364020000000001,0.002,1,1000,1.0,0.00728051948051948,4.753173173173173,8.0,0.058573970165594486,0.3580692126168706,0.3060596403806418,716.1384252337411,0.012036084180372757,0.0,0.063,1001.0,0.05955966081209434,0.1428248033007618,0.3060596403806418,0.5353595117741673,0.7380773872311259,4,410625888
beta_1.0,1.0,1.0,1.0,2,16,sensitivity,1000,16,beta,1.0,30,1000,2000,False,completed,0,0,4.0,16.0,0.33704350000000005,0.003,1,1000,1.0,0.004958583083583084,4.779407407407407,8.0,0.07164400230971299,0.3432521645389581,0.2902177500130231,686.5043290779163,0.012036084180372757,0.0,0.062,1001.0,0.05500956141765001,0.13416189202139167,0.2902177500130231,0.5139114355561347,0.72811530871597,5,1837603246
beta_1.0,1.0,1.0,1.0,2,16,sensitivity,1000,16,beta,1.0,30,1000,2000,False,completed,0,0,4.0,16.0,0.33730800000000016,0.006,1,1000,1.0,0.010597211122211122,4.730874874874875,8.0,0.06779192867654282,0.3471097201908296,0.29853146488541216,694.2194403816592,0.012036084180372757,0.0,0.069,1001.0,0.0526615421568146,0.13569591175471815,0.29853146488541216,0.5110336643588472,0.7196914325967453,6,2749020624
beta_1.0,1.0,1.0,1.0,2,16,sensitivity,1000,16,beta,1.0,30,1000,2000,False,completed,0,0,4.0,16.0,0.3410015000000002,0.004,1,1000,1.0,0.01101392773892774,4.733321321321322,8.0,0.02846086733949624,0.34549144130748016,0.28460606769337793,690.9828826149603,0.012036084180372757,0.0,0.07,1001.0,0.05559788363118645,0.13525759935402693,0.28460606769337793,0.5173792007604694,0.719609689158414,7,1446672588
beta_1.0,1.0,1.0,1.0,2,16,sensitivity,1000,16,beta,1.0,30,1000,2000,False,completed,0,0,4.0,16.0,0.33783300000000005,0.006,1,1000,1.0,0.012137787212787214,4.751811811811812,8.0,0.08128861247521149,0.3494644642832185,0.30733496150329376,698.928928566437,0.012036084180372757,0.0,0.065,1001.0,0.055133663170017104,0.12908702706753508,0.30733496150329376,0.5217128715431246,0.7265610376242192,8,1710814864
beta_1.0,1.0,1.0,1.0,2,16,sensitivity,1000,16,beta,1.0,30,1000,2000,False,completed,0,0,4.0,16.0,0.335067,0.005,1,1000,1.0,0.005347335997335997,4.743207207207207,8.0,0.06821014300016202,0.34094237435321667,0.28391311199181635,681.8847487064334,0.012036084180372757,0.0,0.058,1001.0,0.052141588556596646,0.13318234543712196,0.28391311199181635,0.5063335567097497,0.7089261100455899,9,3972029495
beta_1.0,1.0,1.0,1.0,2,16,sensitivity,1000,16,beta,1.0,30,1000,2000,False,completed,0,0,4.0,16.0,0.3369270000000002,0.004,1,1000,1.0,0.004875729825729825,4.762262262262262,9.0,0.04403571545253226,0.3480147432958039,0.29143629336114907,696.0294865916078,0.012036084180372757,0.0,0.068,1001.0,0.056263741048277534,0.1304394758325518,0.29143629336114907,0.5128473873772681,0.7318172239361992,10,550357033
beta_1.0,1.0,1.0,1.0,2,16,sensitivity,1000,16,beta,1.0,30,1000,2000,False,completed,0,0,4.0,16.0,0.3409955,0.006,1,1000,1.0,0.006416611166611166,4.750204204204204,8.0,0.01781952595959931,0.3500170430466334,0.30307481750081544,700.0340860932668,0.012036084180372757,0.0,0.071,1001.0,0.05008404440297573,0.1337838883262656,0.30307481750081544,0.5253754847892979,0.72102893491939,11,4020492679
beta_1.0,1.0,1.0,1.0,2,16,sensitivity,1000,16,beta,1.0,30,1000,2000,False,completed,0,0,4.0,16.0,0.33428800000000014,0.007,1,1000,1.0,0.010257048507048507,4.7945345345345345,8.0,0.061363810070143875,0.3464743327640619,0.2934235680220557,692.9486655281238,0.012036084180372757,0.0,0.059,1001.0,0.059300606454652266,0.1375839412274062,0.2934235680220557,0.5129045595563688,0.71099416934201,12,2440183017
beta_1.0,1.0,1.0,1.0,2,16,sensitivity,1000,16,beta,1.0,30,1000,2000,False,completed,0,0,4.0,16.0,0.3407335,0.006,1,1000,1.0,0.01437952602952603,4.739445445445446,8.0,0.04731381047670343,0.34863031913157255,0.29987798732534005,697.2606382631451,0.012036084180372757,0.0,0.074,1001.0,0.055057466579774554,0.1319672641441398,0.29987798732534005,0.5109605626755831,0.7491450978452955,13,3844898678
beta_1.0,1.0,1.0,1.0,2,16,sensitivity,1000,16,beta,1.0,30,1000,2000,False,completed,0,0,4.0,16.0,0.3335290000000002,0.003,1,1000,1.0,0.011406637806637808,4.777751751751752,8.0,0.06996852136357216,0.35146516018000945,0.299532765109598,702.9303203600189,0.012036084180372757,0.0,0.064,1001.0,0.053697722118180524,0.14041461680384282,0.299532765109598,0.5130567465060645,0.7272242797809596,14,3814740910
beta_1.0,1.0,1.0,1.0,2,16,sensitivity,1000,16,beta,1.0,30,1000,2000,False,completed,0,0,4.0,16.0,0.34046900000000013,0.005,1,1000,1.0,0.008673398823398824,4.735221221221221,8.0,0.03019306698700178,0.35657979905349196,0.3116763443573961,713.1595981069839,0.012036084180372757,0.0,0.062,1001.0,0.05172015812450341,0.13919563226234277,0.3116763443573961,0.5319293101249527,0.73033692154636,15,3321928137
beta_1.0,1.0,1.0,1.0,2,16,sensitivity,1000,16,beta,1.0,30,1000,2000,False,completed,0,0,4.0,16.0,0.3348245000000001,0.004,1,1000,1.0,0.005906543456543457,4.7661541541541546,8.0,0.06192574795298964,0.35446601800827654,0.29997695583451245,708.9320360165531,0.012036084180372757,0.0,0.066,1001.0,0.05114740530290206,0.1338606056400269,0.29997695583451245,0.5406446481344499,0.7472872384786561,16,4244649507
beta_1.0,1.0,1.0,1.0,2,16,sensitivity,1000,16,beta,1.0,30,1000,2000,False,completed,0,0,4.0,16.0,0.33422700000000005,0.005,1,1000,1.0,0.010794785769785771,4.77530930930931,8.0,0.08315874293790274,0.3522194162014091,0.3057524995639995,704.4388324028182,0.012036084180372757,0.0,0.063,1001.0,0.05068482438567167,0.13421517443606484,0.3057524995639995,0.5236558929298526,0.7255039136734981,17,2194436167
beta_1.0,1.0,1.0,1.0,2,16,sensitivity,1000,16,beta,1.0,30,1000,2000,False,completed,0,0,4.0,16.0,0.33197600000000005,0.007,1,1000,1.0,0.009138233988233989,4.773555555555555,8.0,0.0859998388006762,0.3496835267452036,0.2992313771335626,699.3670534904072,0.012036084180372757,0.0,0.066,1001.0,0.05292464573725877,0.13366808501888136,0.2992313771335626,0.5199085006670214,0.7308264303520642,18,967501822
beta_1.0,1.0,1.0,1.0,2,16,sensitivity,1000,16,beta,1.0,30,1000,2000,False,completed,0,0,4.0,16.0,0.3357795000000001,0.007,1,1000,1.0,0.013254109779109778,4.7631011011011015,9.0,0.07828974998135432,0.3359777875249577,0.286304506667175,671.9555750499154,0.012036084180372757,0.0,0.065,1001.0,0.05502529864362235,0.13607889322756264,0.286304506667175,0.49545927836377757,0.7073306638388713,19,2682105823
beta_1.0,1.0,1.0,1.0,2,16,sensitivity,1000,16,beta,1.0,30,1000,2000,False,completed,0,0,4.0,16.0,0.3347745000000002,0.005,1,1000,1.0,0.0056833777333777325,4.778532532532533,8.0,0.08438541599344587,0.3460934141082836,0.2927938073415109,692.1868282165672,0.012036084180372757,0.0,0.063,1001.0,0.05672962611231262,0.13510529009105554,0.2927938073415109,0.5049288140125725,0.7345357743392563,20,1553348485
beta_1.0,1.0,1.0,1.0,2,16,sensitivity,1000,16,beta,1.0,30,1000,2000,False,completed,0,0,4.0,16.0,0.3338215000000002,0.003,1,1000,1.0,0.011888464313464313,4.77160960960961,8.0,0.0640796776838231,0.35472380656546476,0.29648171900866993,709.4476131309295,0.012036084180372757,0.0,0.06,1001.0,0.059115435772315206,0.13916330994902354,0.29648171900866993,0.5338492594573861,0.738827353202546,21,2634302915
beta_1.0,1.0,1.0,1.0,2,16,sensitivity,1000,16,beta,1.0,30,1000,2000,False,completed,0,0,4.0,16.0,0.33570600000000006,0.004,1,1000,1.0,0.008897494172494172,4.739571571571571,8.0,0.06047254891087903,0.3432232826582043,0.29431090906595425,686.4465653164086,0.012036084180372757,0.0,0.07,1001.0,0.051937716510442065,0.1315585900394093,0.29431090906595425,0.5044562017298655,0.7206155685353909,22,967972819
beta_1.0,1.0,1.0,1.0,2,16,sensitivity,1000,16,beta,1.0,30,1000,2000,False,completed,0,0,4.0,16.0,0.3399245000000002,0.004,1,1000,1.0,0.010907289932289933,4.729057057057057,8.0,0.07553232587679704,0.3437453260146324,0.293332482584442,687.4906520292649,0.012036084180372757,0.0,0.065,1001.0,0.05648742509089407,0.13711089306188778,0.293332482584442,0.5115237940397044,0.7158864005983626,23,1061233103
beta_1.0,1.0,1.0,1.0,2,16,sensitivity,1000,16,beta,1.0,30,1000,2000,False,completed,0,0,4.0,16.0,0.3357005000000002,0.005,1,1000,1.0,0.01219577922077922,4.772754754754755,8.0,0.07614291982525495,0.3497367639264812,0.29373979229916003,699.4735278529623,0.012036084180372757,0.0,0.069,1001.0,0.05574634169814877,0.13958374514004804,0.29373979229916003,0.5199037872693141,0.7252337439185155,24,3241742379
beta_1.0,1.0,1.0,1.0,2,16,sensitivity,1000,16,beta,1.0,30,1000,2000,False,completed,0,0,4.0,16.0,0.3357715000000001,0.002,1,1000,1.0,0.015263350538350538,4.762728728728729,8.0,0.06354553656696982,0.3341974855784663,0.28577785643270437,668.3949711569326,0.012036084180372757,0.0,0.072,1001.0,0.05327872286994396,0.1318325757305046,0.28577785643270437,0.4925576473377594,0.6967296697442149,25,2666016024
beta_1.0,1.0,1.0,1.0,2,16,sensitivity,1000,16,beta,1.0,30,1000,2000,False,completed,0,0,4.0,16.0,0.34054850000000014,0.005,1,1000,1.0,0.009581479631479631,4.731103103103103,8.0,0.05539949457462331,0.35317025066020463,0.29168844757896106,706.3405013204093,0.012036084180372757,0.0,0.067,1001.0,0.058000521782012024,0.13991502967889205,0.29168844757896106,0.5263142076174738,0.7408282220804265,26,3424764894
beta_1.0,1.0,1.0,1.0,2,16,sensitivity,1000,16,beta,1.0,30,1000,2000,False,completed,0,0,4.0,16.0,0.3373545,0.003,1,1000,1.0,0.007231840381840381,4.753467467467467,8.0,0.05713321024603971,0.35551180631699786,0.3031244159961289,711.0236126339958,0.012036084180372757,0.0,0.068,1001.0,0.05598511860744553,0.14012471699227405,0.3031244159961289,0.5292412769648737,0.7481992320063895,27,1864427992
beta_1.0,1.0,1.0,1.0,2,16,sensitivity,1000,16,beta,1.0,30,1000,2000,False,completed,0,0,4.0,16.0,0.33700850000000004,0.006,1,1000,1.0,0.011933302808302808,4.765089089089089,9.0,0.06193225692702461,0.3469265656105906,0.29842207405264953,693.8531312211812,0.012036084180372757,0.0,0.065,1001.0,0.05378418799516557,0.13522562039307423,0.29842207405264953,0.517425823221674,0.7247100639467483,28,1437694636
beta_1.0,1.0,1.0,1.0,2,16,sensitivity,1000,16,beta,1.0,30,1000,2000,False,completed,0,0,4.0,16.0,0.3390675000000001,0.007,1,1000,1.0,0.00970578033078033,4.754584584584585,8.0,0.07400724729907736,0.3406130602635999,0.286176912088865,681.2261205271998,0.012036084180372757,0.0,0.066,1001.0,0.05245410198977081,0.13254156140397869,0.286176912088865,0.50539513021197,0.7105294202980755,29,1307069099
beta_2.0,1.0,2.0,1.0,2,16,sensitivity,1000,16,beta,2.0,30,1000,2000,False,completed,0,0,4.0,15.0,0.31161300000000014,0.0,1,1000,1.0,0.004831646131646132,4.9555055055055055,9.0,0.09064942688839063,0.34452813276791233,0.29363672702988375,689.0562655358247,0.011033077165341694,0.0,0.05,1001.0,0.046864616389818856,0.1380801472235453,0.29363672702988375,0.5117048658461929,0.715372197948799,0,2171169586
beta_2.0,1.0,2.0,1.0,2,16,sensitivity,1000,16,beta,2.0,30,1000,2000,False,completed,0,0,4.0,14.0,0.31671550000000015,0.0,1,1000,1.0,0.006165922965922966,4.92964964964965,9.0,0.0767322060012877,0.34570301362422995,0.2952514994662196,691.4060272484598,0.01003007015031063,0.0,0.051,1001.0,0.05257944672918237,0.13848169372348357,0.2952514994662196,0.5240748624885198,0.7162864029170037,1,92054587
beta_2.0,1.0,2.0,1.0,2,16,sensitivity,1000,16,beta,2.0,30,1000,2000,False,completed,0,0,4.0,14.0,0.31279800000000013,0.0,1,1000,1.0,0.008559207459207458,4.930238238238238,9.0,0.1024003886637349,0.3510821683101459,0.28925747264766144,702.1643366202918,0.01003007015031063,0.0,0.056,1001.0,0.052389947763620014,0.13352670382426163,0.28925747264766144,0.5339202535014107,0.743028083584772,2,2866764504
beta_2.0,1.0,2.0,1.0,2,16,sensitivity,1000,16,beta,2.0,30,1000,2000,False,completed,0,0,4.0,14.0,0.31580700000000017,0.0,1,1000,1.0,0.008632706182706184,4.916328328328328,9.0,0.11732734908291623,0.34750023949755976,0.2981411200071098,695.0004789951195,0.01003007015031063,0.0,0.051,1001.0,0.05282704607957508,0.13514379484173084,0.2981411200071098,0.5274261525733227,0.7215588796836131,3,3317884442
beta_2.0,1.0,2.0,1.0,2,16,sensitivity,1000,16,beta,2.0,30,1000,2000,False,completed,0,0,4.0,15.0,0.3100100000000001,0.0,1,1000,1.0,0.005296181596181596,4.9097297297297295,8.0,0.15037195066028874,0.3513349390413823,0.30657909994677507,702.6698780827646,0.011033077165341694,0.0,0.043,1001.0,0.06294359361988847,0.14431480819558218,0.30657909994677507,0.5147684425693283,0.7163459478120373,4,965513181
beta_2.0,1.0,2.0,1.0,2,16,sensitivity,1000,16,beta,2.0,30,1000,2000,False,completed,0,0,4.0,14.0,0.3184870000000002,0.0,1,1000,1.0,0.0090992895992896,4.897301301301301,9.0,0.09509202453987727,0.3567094109808248,0.30660732331970814,713.4188219616497,0.01003007015031063,0.0,0.05,1001.0,0.05587724383859615,0.14004448503937073,0.30660732331970814,0.5307684463177604,0.737362318908525,5,3003106428
beta_2.0,1.0,2.0,1.0,2,16,sensitivity,1000,16,beta,2.0,30,1000,2000,False,completed,0,0,4.0,15.0,0.3097340000000002,0.0,1,1000,1.0,0.007050999000999001,4.924556556556556,9.0,0.12831174369635834,0.3497682844837792,0.29034174612706376,699.5365689675584,0.011033077165341694,0.0,0.041,1001.0,0.05144962984087396,0.13492195504360907,0.29034174612706376,0.5355840140682988,0.7379271133209016,6,2192410221
beta_2.0,1.0,2.0,1.0,2,16,sensitivity,1000,16,beta,2.0,30,1000,2000,False,completed,0,0,4.0,14.0,0.31125400000000014,0.0,1,1000,1.0,0.006993623043623044,4.9330790790790795,8.0,0.14263188832150678,0.3526997783991526,0.2966492307984815,705.3995567983052,0.01003007015031063,0.0,0.044,1001.0,0.05527995475819434,0.1329578814727033,0.2966492307984815,0.5302263321703986,0.734614643761525,7,17059666
beta_2.0,1.0,2.0,1.0,2,16,sensitivity,1000,16,beta,2.0,30,1000,2000,False,completed,0,0,4.0,14.0,0.3130685000000002,0.0,1,1000,1.0,0.010034637584637584,4.922044044044044,9.0,0.1128480288183801,0.3545196722672864,0.29883380670348325,709.0393445345728,0.01003007015031063,0.0,0.052,1001.0,0.056130389850597276,0.135098621007869,0.29883380670348325,0.5410006049894583,0.7553087711029958,8,1284706860
beta_2.0,1.0,2.0,1.0,2,16,sensitivity,1000,16,beta,2.0,30,1000,2000,False,completed,0,0,4.0,15.0,0.316157,0.0,1,1000,1.0,0.006795770895770895,4.878902902902903,8.0,0.1180998785567624,0.35359525049995477,0.3065240611798336,707.1905009999095,0.011033077165341694,0.0,0.051,1001.0,0.05482909994524323,0.13997702873642517,0.3065240611798336,0.5224409654785769,0.7282946024062006,9,203230268
beta_2.0,1.0,2.0,1.0,2,16,sensitivity,1000,16,beta,2.0,30,1000,2000,False,completed,0,0,4.0,14.0,0.3137685000000001,0.0,1,1000,1.0,0.007808863358863359,4.925323323323323,8.0,0.10232547663363784,0.3492296794809529,0.29569666902664915,698.4593589619058,0.01003007015031063,0.0,0.045,1001.0,0.05597536730935065,0.13382249851357897,0.29569666902664915,0.5245105769932765,0.7329822876853622,10,2315143275
beta_2.0,1.0,2.0,1.0,2,16,sensitivity,1000,16,beta,2.0,30,1000,2000,False,completed,0,0,4.0,14.0,0.3117535,0.0,1,1000,1.0,0.00783936063936064,4.9289069069069065,9.0,0.11589994794212652,0.34697025157785505,0.29818609400929835,693.9405031557101,0.01003007015031063,0.0,0.049,1001.0,0.05779320742548859,0.13416976616916712,0.29818609400929835,0.5120257145342475,0.7230484314394516,11,2021253234
beta_2.0,1.0,2.0,1.0,2,16,sensitivity,1000,16,beta,2.0,30,1000,2000,False,completed,0,0,4.0,15.0,0.31433050000000007,0.0,1,1000,1.0,0.008768581418581417,4.918822822822823,9.0,0.08444951826081722,0.3595408833158934,0.3062279830821303,719.0817666317868,0.011033077165341694,0.0,0.049,1001.0,0.05891978351820508,0.13892332941909905,0.3062279830821303,0.5450011622816163,0.74031114132351,12,3658644327
beta_2.0,1.0,2.0,1.0,2,16,sensitivity,1000,16,beta,2.0,30,1000,2000,False,completed,0,0,4.0,14.0,0.3133285000000001,0.0,1,1000,1.0,0.009383560883560883,4.923583583583584,9.0,0.11983651764658068,0.3615201269516542,0.31573082769097505,723.0402539033084,0.01003007015031063,0.0,0.05,1001.0,0.05756656378516539,0.1451750963332768,0.31573082769097505,0.5438564708753175,0.7430090017974671,13,3041984625
beta_2.0,1.0,2.0,1.0,2,16,sensitivity,1000,16,beta,2.0,30,1000,2000,False,completed,0,0,4.0,15.0,0.3137285000000001,0.0,1,1000,1.0,0.008486113886113885,4.924746746746747,9.0,0.123018710032386,0.3434689364995913,0.297900234005391,686.9378729991827,0.011033077165341694,0.0,0.049,1001.0,0.055661575017769055,0.12816493106392574,0.297900234005391,0.5133115902383062,0.7014832547808053,14,217745411
beta_2.0,1.0,2.0,1.0,2,16,sensitivity,1000,16,beta,2.0,30,1000,2000,False,completed,0,0,4.0,14.0,0.3109360000000001,0.0,1,1000,1.0,0.00532935952935953,4.937997997997998,9.0,0.11339160239817889,0.36798864249485236,0.309686368533096,735.9772849897047,0.01003007015031063,0.0,0.047,1001.0,0.05370419914315627,0.14281500825793617,0.309686368533096,0.548293274372977,0.7754922306958766,15,2365044622
beta_2.0,1.0,2.0,1.0,2,16,sensitivity,1000,16,beta,2.0,30,1000,2000,False,completed,0,0,4.0,14.0,0.3140590000000001,0.0,1,1000,1.0,0.007935808635808636,4.9108348348348345,9.0,0.10377843275499286,0.35383313488267104,0.3019313096845556,707.6662697653421,0.01003007015031063,0.0,0.051,1001.0,0.0599226740427336,0.14957926588955833,0.3019313096845556,0.5242396176087081,0.7186006973655034,16,633608229
beta_2.0,1.0,2.0,1.0,2,16,sensitivity,1000,16,beta,2.0,30,1000,2000,False,completed,0,0,4.0,14.0,0.31552900000000017,0.0,1,1000,1.0,0.008461410811410811,4.904762762762763,8.0,0.09755957665413076,0.3501418752733442,0.3004415960472755,700.2837505466885,0.01003007015031063,0.0,0.05,1001.0,0.05309801428785861,0.1279688280725177,0.3004415960472755,0.5295843914964422,0.7383489632169721,17,2919750952
beta_2.0,1.0,2.0,1.0,2,16,sensitivity,1000,16,beta,2.0,30,1000,2000,False,completed,0,0,4.0,14.0,0.3167700000000002,0.0,1,1000,1.0,0.006587279387279387,4.883091091091091,8.0,0.11679885367788326,0.3553559081874276,0.3058920414611451,710.7118163748553,0.01003007015031063,0.0,0.055,1001.0,0.06236629967651625,0.14422704145868864,0.3058920414611451,0.53265341968044,0.7314617191257411,18,2912386417
beta_2.0,1.0,2.0,1.0,2,16,sensitivity,1000,16,beta,2.0,30,1000,2000,False,completed,0,0,4.0,14.0,0.3139145000000001,0.0,1,1000,1.0,0.006028843378843379,4.950806806806807,9.0,0.1035175445363882,0.3414067183684403,0.28607820061673644,682.8134367368806,0.01003007015031063,0.0,0.047,1001.0,0.05567590886152699,0.13288129720624728,0.28607820061673644,0.5041229815655491,0.7188342486588519,19,4149271252
beta_2.0,1.0,2.0,1.0,2,16,sensitivity,1000,16,beta,2.0,30,1000,2000,False,completed,0,0,4.0,14.0,0.3127840000000002,0.0,1,1000,1.0,0.0139497446997447,4.942548548548548,9.0,0.13210995415148277,0.3430956973620505,0.2946623874279544,686.191394724101,0.01003007015031063,0.0,0.049,1001.0,0.05410992563241919,0.1363611043938639,0.2946623874279544,0.511214464982039,0.7030172621335271,20,3383645160
beta_2.0,1.0,2.0,1.0,2,16,sensitivity,1000,16,beta,2.0,30,1000,2000,False,completed,0,0,4.0,15.0,0.3137805,0.0,1,1000,1.0,0.005258291708291707,4.896716716716717,8.0,0.11898122971652109,0.35280576553157106,0.2956884498931398,705.6115310631421,0.011033077165341694,0.0,0.052,1001.0,0.052757235620856616,0.13101941349710894,0.2956884498931398,0.5380834705684435,0.7283806863415043,21,3620397727
beta_2.0,1.0,2.0,1.0,2,16,sensitivity,1000,16,beta,2.0,30,1000,2000,False,completed,0,0,4.0,14.0,0.3128090000000001,0.0,1,1000,1.0,0.006129487179487179,4.914830830830831,8.0,0.11681543741737481,0.35217645250458585,0.2902162996941646,704.3529050091716,0.01003007015031063,0.0,0.051,1001.0,0.05024390012956978,0.13054840064326406,0.2902162996941646,0.5457109718490463,0.7406370044976378,22,2594758266
beta_2.0,1.0,2.0,1.0,2,16,sensitivity,1000,16,beta,2.0,30,1000,2000,False,completed,0,0,4.0,14.0,0.30907400000000007,0.0,1,1000,1.0,0.0034578532578532577,4.954922922922923,8.0,0.11110238710492365,0.3418555530863094,0.2858035720168102,683.7111061726188,0.01003007015031063,0.0,0.04,1001.0,0.04628750920377681,0.12736451038201924,0.2858035720168102,0.5104612826316459,0.7352949369515872,23,4268662800
beta_2.0,1.0,2.0,1.0,2,16,sensitivity,1000,16,beta,2.0,30,1000,2000,False,completed,0,0,4.0,14.0,0.3119615,0.0,1,1000,1.0,0.0129997557997558,4.920744744744745,9.0,0.11418356902870397,0.3562993541640793,0.30120973373374105,712.5987083281586,0.01003007015031063,0.0,0.045,1001.0,0.05586905110240381,0.13089530393038745,0.30120973373374105,0.5353260367561923,0.749390072826933,24,274778417
beta_2.0,1.0,2.0,1.0,2,16,sensitivity,1000,16,beta,2.0,30,1000,2000,False,completed,0,0,4.0,14.0,0.3171860000000002,0.0,1,1000,1.0,0.007744572094572095,4.885397397397397,8.0,0.10156436501590055,0.34269893160487536,0.2949452305872451,685.3978632097508,0.01003007015031063,0.0,0.048,1001.0,0.05323724155374339,0.13116318539755217,0.2949452305872451,0.5102113128248014,0.7286136317885153,25,91015272
beta_2.0,1.0,2.0,1.0,2,16,sensitivity,1000,16,beta,2.0,30,1000,2000,False,completed,0,0,4.0,14.0,0.31636450000000016,0.0,1,1000,1.0,0.010486807636807637,4.9047247247247245,8.0,0.12087356892765058,0.3527017152893435,0.3045751427535598,705.403430578687,0.01003007015031063,0.0,0.05,1001.0,0.05723725165714131,0.13832253817955162,0.3045751427535598,0.5192072915296337,0.7380471192061789,26,2023656064
beta_2.0,1.0,2.0,1.0,2,16,sensitivity,1000,16,beta,2.0,30,1000,2000,False,completed,0,0,4.0,14.0,0.31323750000000006,0.0,1,1000,1.0,0.00881891996891997,4.927585585585586,9.0,0.1094620291957188,0.34235418179488136,0.2910990789825454,684.7083635897627,0.01003007015031063,0.0,0.052,1001.0,0.05255548274017802,0.12741924119302014,0.2910990789825454,0.5150866789579255,0.7134612778886451,27,3790181698
beta_2.0,1.0,2.0,1.0,2,16,sensitivity,1000,16,beta,2.0,30,1000,2000,False,completed,0,0,4.0,14.0,0.3154370000000002,0.0,1,1000,1.0,0.007762104562104562,4.915843843843843,8.0,0.10425751271386914,0.34086401096630026,0.2854804777764585,681.7280219326005,0.01003007015031063,0.0,0.06,1001.0,0.05219182598927679,0.13528282579177087,0.2854804777764585,0.502673267569955,0.7077221854826612,28,3912472346
beta_2.0,1.0,2.0,1.0,2,16,sensitivity,1000,16,beta,2.0,30,1000,2000,False,completed,0,0,4.0,14.0,0.31156300000000003,0.0,1,1000,1.0,0.005072571872571872,4.917835835835836,9.0,0.10980884110488599,0.34553738276626234,0.29270670509766805,691.0747655325247,0.01003007015031063,0.0,0.053,1001.0,0.054117925273571794,0.13165088411840253,0.29270670509766805,0.5140961275547733,0.7242580726986039,29,3052521656
phi_0.0,1.0,1.0,0.0,2,16,sensitivity,1000,16,phi,0.0,30,1000,2000,False,completed,0,0,4.0,16.0,0.3338595000000002,0.005,1,1000,1.0,0.005485367410367411,4.75255055055055,8.0,0.09327141564718656,0.5271274129359622,0.5165179748761133,1054.2548258719244,0.012036084180372757,0.0,0.063,1001.0,0.19402139996830797,0.33202150535883396,0.5165179748761133,0.7123400097573849,0.8672980221635602,0,2307576875
phi_0.0,1.0,1.0,0.0,2,16,sensitivity,1000,16,phi,0.0,30,1000,2000,False,completed,0,0,4.0,16.0,0.3330445000000002,0.004,1,1000,1.0,0.008166236541236542,4.751439439439439,8.0,0.07909875282184275,0.5338298746951415,0.5273198756187972,1067.659749390283,0.012036084180372757,0.0,0.066,1001.0,0.20265394047417012,0.3354952122501938,0.5273198756187972,0.719458644523239,0.870347459763183,1,688296222
phi_0.0,1.0,1.0,0.0,2,16,sensitivity,1000,16,phi,0.0,30,1000,2000,False,completed,0,0,4.0,16.0,0.3347285000000002,0.007,1,1000,1.0,0.015607486957486956,4.770274274274274,8.0,0.07317297389826835,0.5045664557991196,0.501321289896935,1009.1329115982392,0.012036084180372757,0.0,0.061,1001.0,0.1813680622756869,0.3168888904898498,0.501321289896935,0.6781933968220554,0.8265368952122206,2,1893175944
phi_0.0,1.0,1.0,0.0,2,16,sensitivity,1000,16,phi,0.0,30,1000,2000,False,completed,0,0,4.0,16.0,0.3395640000000002,0.006,1,1000,1.0,0.0018461316461316462,4.719077077077077,8.0,0.07806864794885969,0.5316970942786272,0.5247567819469741,1063.3941885572544,0.012036084180372757,0.0,0.066,1001.0,0.1956808659012896,0.33509083856953004,0.5247567819469741,0.719314092521264,0.8822021334749235,3,2764391250
phi_0.0,1.0,1.0,0.0,2,16,sensitivity,1000,16,phi,0.0,30,1000,2000,False,completed,0,0,4.0,16.0,0.3333695000000001,0.004,1,1000,1.0,0.006652924852924853,4.764800800800801,8.0,0.08343393842915811,0.5332597716026973,0.5357885410810814,1066.5195432053947,0.012036084180372757,0.0,0.062,1001.0,0.20220462120151467,0.33736858242928414,0.5357885410810814,0.71937117690611,0.8521854031331539,4,2124704763
phi_0.0,1.0,1.0,0.0,2,16,sensitivity,1000,16,phi,0.0,30,1000,2000,False,completed,0,0,4.0,16.0,0.33850350000000007,0.002,1,1000,1.0,0.00816040626040626,4.75372972972973,8.0,0.05280725941059176,0.522919306856923,0.5209977316139742,1045.838613713846,0.012036084180372757,0.0,0.067,1001.0,0.18494747073618548,0.3309245032177555,0.5209977316139742,0.7091690646421066,0.855936522006915,5,1476347094
phi_0.0,1.0,1.0,0.0,2,16,sensitivity,1000,16,phi,0.0,30,1000,2000,False,completed,0,0,4.0,16.0,0.33869300000000013,0.004,1,1000,1.0,0.007649703074703074,4.763233233233233,8.0,0.015738920840297824,0.5396131272021053,0.5322667941840256,1079.2262544042105,0.012036084180372757,0.0,0.07,1001.0,0.20670748931947616,0.3506333054487839,0.5322667941840256,0.7257375171536982,0.8775621796144126,6,407069664
phi_0.0,1.0,1.0,0.0,2,16,sensitivity,1000,16,phi,0.0,30,1000,2000,False,completed,0,0,4.0,16.0,0.33182200000000006,0.004,1,1000,1.0,0.0066017454767454764,4.779157157157157,9.0,0.07727591200471576,0.5261563978989435,0.5287580550639688,1052.312795797887,0.012036084180372757,0.0,0.063,1001.0,0.19673568490951837,0.328461525715578,0.5287580550639688,0.7105565741100076,0.8586190184702119,7,3579514870
phi_0.0,1.0,1.0,0.0,2,16,sensitivity,1000,16,phi,0.0,30,1000,2000,False,completed,0,0,4.0,16.0,0.33655500000000016,0.005,1,1000,1.0,0.010018872793872794,4.768608608608608,8.0,0.06691536856242244,0.5239331633687305,0.5226231618499755,1047.8663267374611,0.012036084180372757,0.0,0.068,1001.0,0.19763909069723243,0.328618479626745,0.5226231618499755,0.7065559843254574,0.8576055684937726,8,813427633
phi_0.0,1.0,1.0,0.0,2,16,sensitivity,1000,16,phi,0.0,30,1000,2000,False,completed,0,0,4.0,16.0,0.3350115,0.002,1,1000,1.0,0.008334898434898435,4.780146146146146,8.0,0.07255550070504237,0.5405095982758837,0.5384564516545992,1081.0191965517674,0.012036084180372757,0.0,0.07,1001.0,0.21169410580822892,0.3542072998489594,0.5384564516545992,0.7240254894281942,0.8684212312568887,9,4258237251
phi_0.0,1.0,1.0,0.0,2,16,sensitivity,1000,16,phi,0.0,30,1000,2000,False,completed,0,0,4.0,16.0,0.3399260000000002,0.003,1,1000,1.0,0.005132137307137307,4.757527527527528,8.0,0.05045323453418878,0.523976192126501,0.5187017090116464,1047.952384253002,0.012036084180372757,0.0,0.076,1001.0,0.18965613458531674,0.33403375702181914,0.5187017090116464,0.7044607283999957,0.8601409567584897,10,3777975862
phi_0.0,1.0,1.0,0.0,2,16,sensitivity,1000,16,phi,0.0,30,1000,2000,False,completed,0,0,4.0,16.0,0.33911100000000016,0.004,1,1000,1.0,0.005964141414141414,4.7164204204204205,8.0,0.08127173193721444,0.5091173021936319,0.5023715176604002,1018.234604387264,0.012036084180372757,0.0,0.067,1001.0,0.19416848643568413,0.31666614051105274,0.5023715176604002,0.6870816906724886,0.8380995617409152,11,2317581681
phi_0.0,1.0,1.0,0.0,2,16,sensitivity,1000,16,phi,0.0,30,1000,2000,False,completed,0,0,4.0,16.0,0.3349635000000002,0.004,1,1000,1.0,0.002751229326229326,4.752418418418419,8.0,0.07332134167304562,0.514598176159112,0.5007410796828198,1029.196352318224,0.012036084180372757,0.0,0.063,1001.0,0.19684330397410313,0.32608313529670296,0.5007410796828198,0.6942043054084572,0.8369655644295558,12,933372921
phi_0.0,1.0,1.0,0.0,2,16,sensitivity,1000,16,phi,0.0,30,1000,2000,False,completed,0,0,4.0,16.0,0.33373850000000016,0.003,1,1000,1.0,0.00772564935064935,4.782640640640641,8.0,0.07331383805671507,0.5228201731434224,0.5229112493243363,1045.640346286845,0.012036084180372757,0.0,0.068,1001.0,0.18936244670962712,0.3283525038634293,0.5229112493243363,0.7047213617211288,0.8555687342267705,13,1161474058
phi_0.0,1.0,1.0,0.0,2,16,sensitivity,1000,16,phi,0.0,30,1000,2000,False,completed,0,0,4.0,16.0,0.3360320000000001,0.003,1,1000,1.0,0.005897841047841048,4.7633013013013015,8.0,0.08274903037741205,0.5092494170726278,0.5009709716529109,1018.4988341452556,0.012036084180372757,0.0,0.065,1001.0,0.18319051599237426,0.3190991746076496,0.5009709716529109,0.6791944573800569,0.8428985175064951,14,2748443677
phi_0.0,1.0,1.0,0.0,2,16,sensitivity,1000,16,phi,0.0,30,1000,2000,False,completed,0,0,4.0,16.0,0.3367585000000002,0.004,1,1000,1.0,0.010318093018093017,4.752092092092092,8.0,0.07740480618043016,0.5041162257826766,0.49313873668499086,1008.232451565353,0.012036084180372757,0.0,0.069,1001.0,0.19261031334025494,0.3176968444901278,0.49313873668499086,0.6737947235564115,0.8362598437792623,15,1666447846
phi_0.0,1.0,1.0,0.0,2,16,sensitivity,1000,16,phi,0.0,30,1000,2000,False,completed,0,0,4.0,16.0,0.33435150000000013,0.003,1,1000,1.0,0.006858089133089133,4.755357357357357,8.0,0.08522710266275008,0.5284433084952208,0.5152760886102278,1056.8866169904416,0.012036084180372757,0.0,0.067,1001.0,0.19434208740842018,0.3288367739168289,0.5152760886102278,0.7215130191774821,0.8712265165894043,16,954435446
phi_0.0,1.0,1.0,0.0,2,16,sensitivity,1000,16,phi,0.0,30,1000,2000,False,completed,0,0,4.0,16.0,0.33578450000000015,0.004,1,1000,1.0,0.005881163281163281,4.756318318318319,8.0,0.05139347360143189,0.5204314180218066,0.5045623336704116,1040.8628360436132,0.012036084180372757,0.0,0.063,1001.0,0.1937152577555885,0.3253120022834418,0.5045623336704116,0.7166154349035819,0.861142547015381,17,2757210242
phi_0.0,1.0,1.0,0.0,2,16,sensitivity,1000,16,phi,0.0,30,1000,2000,False,completed,0,0,4.0,16.0,0.33779800000000004,0.002,1,1000,1.0,0.010351731601731601,4.76411011011011,8.0,0.05296379012200375,0.5282616331298484,0.5137144907689182,1056.5232662596968,0.012036084180372757,0.0,0.061,1001.0,0.19756302209461335,0.33583162822442714,0.5137144907689182,0.710808357214413,0.873597042078372,18,3534481719
phi_0.0,1.0,1.0,0.0,2,16,sensitivity,1000,16,phi,0.0,30,1000,2000,False,completed,0,0,4.0,16.0,0.3326475000000002,0.005,1,1000,1.0,0.007381340881340881,4.785707707707708,8.0,0.07917169413642243,0.5069386128734209,0.4969443449764219,1013.8772257468419,0.012036084180372757,0.0,0.059,1001.0,0.19205763290026218,0.31977051350841146,0.4969443449764219,0.681550168934727,0.8470362915225527,19,2273582820
phi_0.0,1.0,1.0,0.0,2,16,sensitivity,1000,16,phi,0.0,30,1000,2000,False,completed,0,0,4.0,16.0,0.33689250000000004,0.005,1,1000,1.0,0.010246875346875347,4.762298298298298,8.0,0.05524204853083381,0.5350665608249305,0.5318804150896235,1070.133121649861,0.012036084180372757,0.0,0.066,1001.0,0.19771369075330664,0.34411129432481236,0.5318804150896235,0.7179065228171798,0.8690938781990809,20,1452405650
phi_0.0,1.0,1.0,0.0,2,16,sensitivity,1000,16,phi,0.0,30,1000,2000,False,completed,0,0,4.0,16.0,0.3352415000000002,0.004,1,1000,1.0,0.00574973914973915,4.762198198198198,8.0,0.07243634998329826,0.5169694549339849,0.5023475422053513,1033.9389098679699,0.012036084180372757,0.0,0.063,1001.0,0.1982434231460883,0.3336104969583733,0.5023475422053513,0.6960112680476722,0.8369502235588716,21,3478199679
phi_0.0,1.0,1.0,0.0,2,16,sensitivity,1000,16,phi,0.0,30,1000,2000,False,completed,0,0,4.0,16.0,0.3368095000000002,0.005,1,1000,1.0,0.009406815406815407,4.774510510510511,8.0,0.06385317786924398,0.5142873030461182,0.49889465602561645,1028.5746060922365,0.012036084180372757,0.0,0.066,1001.0,0.19312998147809246,0.32237931876285825,0.49889465602561645,0.7014820253493544,0.8535808046271445,22,1964911431
phi_0.0,1.0,1.0,0.0,2,16,sensitivity,1000,16,phi,0.0,30,1000,2000,False,completed,0,0,4.0,16.0,0.3386515000000001,0.007,1,1000,1.0,0.008810983460983461,4.739843843843844,8.0,0.06332715731179506,0.503918437565369,0.4921070430212341,1007.8368751307381,0.012036084180372757,0.0,0.066,1001.0,0.18375600943636866,0.3030265701624178,0.4921070430212341,0.6850417794216561,0.8449259141762497,23,1497498717
phi_0.0,1.0,1.0,0.0,2,16,sensitivity,1000,16,phi,0.0,30,1000,2000,False,completed,0,0,4.0,16.0,0.33759550000000016,0.002,1,1000,1.0,0.008523570873570873,4.754694694694694,8.0,0.06595618322132664,0.5167648510818221,0.5046472803970392,1033.5297021636443,0.012036084180372757,0.0,0.07,1001.0,0.20467763846562742,0.326128722509325,0.5046472803970392,0.6974510422308803,0.8443059838995258,24,2479845299
phi_0.0,1.0,1.0,0.0,2,16,sensitivity,1000,16,phi,0.0,30,1000,2000,False,completed,0,0,4.0,16.0,0.33852150000000014,0.004,1,1000,1.0,0.0038340159840159842,4.743009009009009,8.0,0.06325336527673102,0.5230255381247696,0.5108638688644713,1046.0510762495392,0.012036084180372757,0.0,0.062,1001.0,0.20070991026053137,0.33334476301965993,0.5108638688644713,0.6969211934634005,0.8684398655784696,25,2818966246
phi_0.0,1.0,1.0,0.0,2,16,sensitivity,1000,16,phi,0.0,30,1000,2000,False,completed,0,0,4.0,16.0,0.3370225,0.004,1,1000,1.0,0.00863994893994894,4.735369369369369,8.0,0.07819493084654411,0.5178926198894742,0.5182382968282351,1035.7852397789484,0.012036084180372757,0.0,0.062,1001.0,0.19139438581265522,0.3254584166888662,0.5182382968282351,0.7023879360234047,0.8416240017502447,26,3800733614
phi_0.0,1.0,1.0,0.0,2,16,sensitivity,1000,16,phi,0.0,30,1000,2000,False,completed,0,0,4.0,16.0,0.3333240000000002,0.005,1,1000,1.0,0.009715850815850816,4.76172972972973,8.0,0.07892588696321975,0.5134016961817324,0.5048280367385756,1026.8033923634648,0.012036084180372757,0.0,0.063,1001.0,0.19445935474836995,0.3302467791420382,0.5048280367385756,0.6912451319024389,0.8429012663080467,27,3966547971
phi_0.0,1.0,1.0,0.0,2,16,sensitivity,1000,16,phi,0.0,30,1000,2000,False,completed,0,0,4.0,16.0,0.33217700000000017,0.004,1,1000,1.0,0.008034018759018758,4.785915915915916,8.0,0.08439525358918817,0.5232289903233794,0.5104956421270969,1046.4579806467589,0.012036084180372757,0.0,0.054,1001.0,0.19737108130840145,0.32932652273299023,0.5104956421270969,0.7130024156960401,0.8713355532485295,28,4061735856
phi_0.0,1.0,1.0,0.0,2,16,sensitivity,1000,16,phi,0.0,30,1000,2000,False,completed,0,0,4.0,16.0,0.33301400000000014,0.004,1,1000,1.0,0.007054076479076479,4.765037037037037,8.0,0.09638407837858178,0.5175507450933085,0.5145398244723609,1035.101490186617,0.012036084180372757,0.0,0.063,1001.0,0.18824977643650187,0.3233244302819509,0.5145398244723609,0.6973723765196308,0.8608613395261571,29,1379437322
phi_0.5,1.0,1.0,0.5,2,16,sensitivity,1000,16,phi,0.5,30,1000,2000,False,completed,0,0,4.0,16.0,0.3315055,0.004,1,1000,1.0,0.003166303141303141,4.766964964964965,8.0,0.09592077355983059,0.45241412709974616,0.426808604701849,904.8282541994923,0.012036084180372757,0.0,0.063,1001.0,0.12287404791818338,0.23904916174446503,0.426808604701849,0.6433895970319533,0.8100789586381558,0,3036619730
phi_0.5,1.0,1.0,0.5,2,16,sensitivity,1000,16,phi,0.5,30,1000,2000,False,completed,0,0,4.0,16.0,0.339971,0.005,1,1000,1.0,0.005808261183261183,4.7277937937937935,8.0,0.07437846562526591,0.4469262409623519,0.4234839438827316,893.8524819247037,0.012036084180372757,0.0,0.067,1001.0,0.12704019087489551,0.24488125533199268,0.4234839438827316,0.6251904647907691,0.802140843010627,1,50386676
phi_0.5,1.0,1.0,0.5,2,16,sensitivity,1000,16,phi,0.5,30,1000,2000,False,completed,0,0,4.0,16.0,0.33645900000000006,0.005,1,1000,1.0,0.006760642135642135,4.754720720720721,8.0,0.05019774418084519,0.4483687158682016,0.42478260046023475,896.7374317364032,0.012036084180372757,0.0,0.063,1001.0,0.12230141267194675,0.2354805285637457,0.42478260046023475,0.6437331016110459,0.8163934230640375,2,3856604053
phi_0.5,1.0,1.0,0.5,2,16,sensitivity,1000,16,phi,0.5,30,1000,2000,False,completed,0,0,4.0,16.0,0.3389420000000001,0.002,1,1000,1.0,0.007436274836274836,4.753911911911912,8.0,0.03999430203295294,0.4442682072439973,0.41861855405923687,888.5364144879945,0.012036084180372757,0.0,0.067,1001.0,0.12201090722804309,0.2462548238802992,0.41861855405923687,0.6290227849403717,0.7989433244428746,3,2433642570
phi_0.5,1.0,1.0,0.5,2,16,sensitivity,1000,16,phi,0.5,30,1000,2000,False,completed,0,0,4.0,16.0,0.337828,0.009,1,1000,1.0,0.005528552003552003,4.7389089089089085,8.0,0.06688572138353775,0.45346010805532067,0.42431569177274153,906.9202161106414,0.012036084180372757,0.0,0.067,1001.0,0.1193740501032497,0.24333549171201466,0.42431569177274153,0.652594752765335,0.8227699905739253,4,1574952267
phi_0.5,1.0,1.0,0.5,2,16,sensitivity,1000,16,phi,0.5,30,1000,2000,False,completed,0,0,4.0,16.0,0.3383235,0.002,1,1000,1.0,0.006242624042624042,4.736574574574575,8.0,0.04643272935625269,0.4459255440361701,0.4172551524507963,891.8510880723402,0.012036084180372757,0.0,0.066,1001.0,0.1216269863758845,0.23772511167361465,0.4172551524507963,0.6266569975142338,0.8142613504743391,5,4267092680
phi_0.5,1.0,1.0,0.5,2,16,sensitivity,1000,16,phi,0.5,30,1000,2000,False,completed,0,0,4.0,16.0,0.3367985,0.004,1,1000,1.0,0.005583505383505384,4.744832832832833,8.0,0.0661215351198071,0.44640483822812005,0.4163155542247337,892.8096764562401,0.012036084180372757,0.0,0.068,1001.0,0.11685595164663956,0.23362041535290243,0.4163155542247337,0.6374142126970327,0.8152671312002492,6,1907316619
phi_0.5,1.0,1.0,0.5,2,16,sensitivity,1000,16,phi,0.5,30,1000,2000,False,completed,0,0,4.0,16.0,0.3309630000000001,0.005,1,1000,1.0,0.005191452991452992,4.775463463463463,8.0,0.07287793723759778,0.45449146424372966,0.42800195894157383,908.9829284874593,0.012036084180372757,0.0,0.062,1001.0,0.11983433706949632,0.2509616582044382,0.42800195894157383,0.6417615219328177,0.817205877385881,7,3054274731
phi_0.5,1.0,1.0,0.5,2,16,sensitivity,1000,16,phi,0.5,30,1000,2000,False,completed,0,0,4.0,16.0,0.33562650000000005,0.006,1,1000,1.0,0.007452808302808303,4.747771771771772,8.0,0.08733431090801741,0.4506111541605431,0.4347661581383751,901.2223083210862,0.012036084180372757,0.0,0.061,1001.0,0.12080758813414268,0.23848572126360545,0.4347661581383751,0.636036940325357,0.7992961825041371,8,1881279538
phi_0.5,1.0,1.0,0.5,2,16,sensitivity,1000,16,phi,0.5,30,1000,2000,False,completed,0,0,4.0,16.0,0.33462950000000014,0.005,1,1000,1.0,0.005697272172272173,4.758562562562562,8.0,0.09172463156199968,0.44631636203326774,0.42466072597442406,892.6327240665355,0.012036084180372757,0.0,0.062,1001.0,0.1272271519639492,0.2334041988351134,0.42466072597442406,0.6332289497050732,0.8020071781076993,9,1614588659
phi_0.5,1.0,1.0,0.5,2,16,sensitivity,1000,16,phi,0.5,30,1000,2000,False,completed,0,0,4.0,16.0,0.3323075000000002,0.002,1,1000,1.0,0.008387207237207237,4.794248248248248,8.0,0.07227407224318243,0.44347759749280774,0.42608755391122094,886.9551949856154,0.012036084180372757,0.0,0.058,1001.0,0.11617997181319754,0.24035351855886813,0.42608755391122094,0.6140107002053634,0.7939175108187683,10,2947102960
phi_0.5,1.0,1.0,0.5,2,16,sensitivity,1000,16,phi,0.5,30,1000,2000,False,completed,0,0,4.0,16.0,0.33342000000000005,0.006,1,1000,1.0,0.006883610833610834,4.78162962962963,8.0,0.08827764779686711,0.4504708295622767,0.41894480242726084,900.9416591245533,0.012036084180372757,0.0,0.059,1001.0,0.12694502612998518,0.24543302924075086,0.41894480242726084,0.6415697459473386,0.8178661456461692,11,2727526241
phi_0.5,1.0,1.0,0.5,2,16,sensitivity,1000,16,phi,0.5,30,1000,2000,False,completed,0,0,4.0,16.0,0.338206,0.008,1,1000,1.0,0.0074591797091797096,4.742368368368369,8.0,0.06113760596631711,0.43340598972762384,0.41740328156924766,866.8119794552476,0.012036084180372757,0.0,0.063,1001.0,0.1090352809719556,0.22000931134883975,0.41740328156924766,0.6158949371227316,0.8051438294561444,12,2729370695
phi_0.5,1.0,1.0,0.5,2,16,sensitivity,1000,16,phi,0.5,30,1000,2000,False,completed,0,0,4.0,16.0,0.33219900000000013,0.006,1,1000,1.0,0.00806062826062826,4.774436436436436,9.0,0.09216641497380133,0.45130979139582134,0.42217769518889425,902.6195827916426,0.012036084180372757,0.0,0.057,1001.0,0.12712758434062843,0.245700871480944,0.42217769518889425,0.6381073858912852,0.8209535025617308,13,1494470143
phi_0.5,1.0,1.0,0.5,2,16,sensitivity,1000,16,phi,0.5,30,1000,2000,False,completed,0,0,4.0,16.0,0.33842550000000005,0.003,1,1000,1.0,0.008023962148962149,4.767711711711712,8.0,0.0502489475430188,0.43833989518318733,0.4190012480824455,876.6797903663746,0.012036084180372757,0.0,0.065,1001.0,0.11414590511409729,0.23025505792804826,0.4190012480824455,0.619369322858542,0.8019362013301066,14,1980064594
phi_0.5,1.0,1.0,0.5,2,16,sensitivity,1000,16,phi,0.5,30,1000,2000,False,completed,0,0,4.0,16.0,0.3417195000000002,0.006,1,1000,1.0,0.004040259740259741,4.733225225225225,8.0,0.028680093922129224,0.45255993903618413,0.41714547761846893,905.1198780723682,0.012036084180372757,0.0,0.076,1001.0,0.13040140255671723,0.23107148340862171,0.41714547761846893,0.6563636079704347,0.8199801654800571,15,691229723
phi_0.5,1.0,1.0,0.5,2,16,sensitivity,1000,16,phi,0.5,30,1000,2000,False,completed,0,0,4.0,16.0,0.33679650000000017,0.006,1,1000,1.0,0.008588286713286713,4.7656056056056055,8.0,0.04995029777844794,0.4410961455008173,0.4117577967174112,882.1922910016347,0.012036084180372757,0.0,0.064,1001.0,0.11723452691918865,0.2302697969757844,0.4117577967174112,0.6159020803592758,0.8189373392378543,16,2434376974
phi_0.5,1.0,1.0,0.5,2,16,sensitivity,1000,16,phi,0.5,30,1000,2000,False,completed,0,0,4.0,16.0,0.34192200000000006,0.003,1,1000,1.0,0.00994589022089022,4.729271271271271,8.0,0.043071865267024514,0.44637878030157,0.4147984680662745,892.7575606031401,0.012036084180372757,0.0,0.075,1001.0,0.13142559332447423,0.24120915279418564,0.4147984680662745,0.6198950035878035,0.8098719175853049,17,2374427960
phi_0.5,1.0,1.0,0.5,2,16,sensitivity,1000,16,phi,0.5,30,1000,2000,False,completed,0,0,4.0,16.0,0.33396950000000003,0.004,1,1000,1.0,0.005909476634476635,4.761985985985986,8.0,0.065680971606445,0.4491995912200982,0.4322671669167717,898.3991824401965,0.012036084180372757,0.0,0.06,1001.0,0.12098713862309511,0.2379952328668988,0.4322671669167717,0.6362399102632698,0.815826494385983,18,1356931541
phi_0.5,1.0,1.0,0.5,2,16,sensitivity,1000,16,phi,0.5,30,1000,2000,False,completed,0,0,4.0,16.0,0.3396935000000001,0.004,1,1000,1.0,0.004946986346986347,4.764646646646646,8.0,0.0019682214688191623,0.4342833887433273,0.40448552240690294,868.5667774866546,0.012036084180372757,0.0,0.072,1001.0,0.11062034237834413,0.22815627441195835,0.40448552240690294,0.6228561586897811,0.7911137476219838,19,783098624
phi_0.5,1.0,1.0,0.5,2,16,sensitivity,1000,16,phi,0.5,30,1000,2000,False,completed,0,0,4.0,16.0,0.33591150000000014,0.003,1,1000,1.0,0.007552503052503053,4.755077077077077,8.0,0.04984578394398117,0.45369050662531896,0.438650237324121,907.3810132506379,0.012036084180372757,0.0,0.07,1001.0,0.1289450591002765,0.25629013630106817,0.438650237324121,0.631635669559267,0.8089010665275503,20,816624342
phi_0.5,1.0,1.0,0.5,2,16,sensitivity,1000,16,phi,0.5,30,1000,2000,False,completed,0,0,4.0,16.0,0.3272085,0.005,1,1000,1.0,0.005202980352980353,4.809125125125125,8.0,0.08314077736824484,0.44591534088874685,0.419620525885955,891.8306817774937,0.012036084180372757,0.0,0.06,1001.0,0.12641357149628035,0.2356039147673409,0.419620525885955,0.6301169694913495,0.8108149910869019,21,4009365576
phi_0.5,1.0,1.0,0.5,2,16,sensitivity,1000,16,phi,0.5,30,1000,2000,False,completed,0,0,4.0,16.0,0.3434395000000001,0.004,1,1000,1.0,0.011010797535797536,4.739745745745746,8.0,0.006426112105899063,0.44521246918786733,0.41199377026257356,890.4249383757347,0.012036084180372757,0.0,0.073,1001.0,0.11287459523599364,0.23239295880749017,0.41199377026257356,0.6409410159344355,0.8232515464187433,22,1212719538
phi_0.5,1.0,1.0,0.5,2,16,sensitivity,1000,16,phi,0.5,30,1000,2000,False,completed,0,0,4.0,16.0,0.3369580000000001,0.005,1,1000,1.0,0.006064935064935065,4.764452452452453,9.0,0.0732989512783983,0.44156715315413375,0.4165054555830971,883.1343063082675,0.012036084180372757,0.0,0.061,1001.0,0.1262649929614221,0.24005513981211046,0.4165054555830971,0.6160576039787272,0.8029937103415399,23,3899304920
phi_0.5,1.0,1.0,0.5,2,16,sensitivity,1000,16,phi,0.5,30,1000,2000,False,completed,0,0,4.0,16.0,0.33728,0.004,1,1000,1.0,0.004264055389055389,4.755931931931932,8.0,0.051982475883150844,0.44102969759940414,0.4182883841390429,882.0593951988083,0.012036084180372757,0.0,0.077,1001.0,0.1215711929081084,0.24104726903082566,0.4182883841390429,0.63099626503206,0.7881827747921851,24,1563358932
phi_0.5,1.0,1.0,0.5,2,16,sensitivity,1000,16,phi,0.5,30,1000,2000,False,completed,0,0,4.0,16.0,0.33371950000000017,0.003,1,1000,1.0,0.0047960039960039955,4.767813813813814,8.0,0.07138828096039887,0.4460086839136253,0.41807508213156813,892.0173678272506,0.012036084180372757,0.0,0.057,1001.0,0.11693547914733847,0.23406385654540066,0.41807508213156813,0.6346404351043063,0.8148015385185016,25,1847981139
phi_0.5,1.0,1.0,0.5,2,16,sensitivity,1000,16,phi,0.5,30,1000,2000,False,completed,0,0,4.0,16.0,0.3367205000000002,0.005,1,1000,1.0,0.008254656454656456,4.762858858858859,8.0,0.04965966770063649,0.44846289979810666,0.4272284020727447,896.9257995962133,0.012036084180372757,0.0,0.068,1001.0,0.11601319220312002,0.23343867385567585,0.4272284020727447,0.639076737751116,0.8159752211644986,26,2497039791
phi_0.5,1.0,1.0,0.5,2,16,sensitivity,1000,16,phi,0.5,30,1000,2000,False,completed,0,0,4.0,16.0,0.3358080000000001,0.006,1,1000,1.0,0.008503194028194027,4.747029029029029,8.0,0.10391520946872168,0.44589951025978675,0.4220244415849018,891.7990205195734,0.012036084180372757,0.0,0.062,1001.0,0.12146375365659981,0.2455080096283796,0.4220244415849018,0.6230748235608332,0.7988497232946365,27,3048679566
phi_0.5,1.0,1.0,0.5,2,16,sensitivity,1000,16,phi,0.5,30,1000,2000,False,completed,0,0,4.0,16.0,0.33242150000000015,0.003,1,1000,1.0,0.0062460983460983464,4.7728208208208205,8.0,0.06629696221743413,0.44845254165802567,0.4170233501857876,896.9050833160513,0.012036084180372757,0.0,0.063,1001.0,0.11770716869886935,0.23791819622479138,0.4170233501857876,0.6326628983975048,0.8188123065070333,28,3259166662
phi_0.5,1.0,1.0,0.5,2,16,sensitivity,1000,16,phi,0.5,30,1000,2000,False,completed,0,0,4.0,16.0,0.337002,0.005,1,1000,1.0,0.011757026307026306,4.739711711711712,8.0,0.057210803561874524,0.44645151792484616,0.4216822371362896,892.9030358496923,0.012036084180372757,0.0,0.059,1001.0,0.12531968299598265,0.2378812434496094,0.4216822371362896,0.6339388312569221,0.8054326750368711,29,1559980737
phi_1.0,1.0,1.0,1.0,2,16,sensitivity,1000,16,phi,1.0,30,1000,2000,False,completed,0,0,4.0,16.0,0.33660750000000017,0.005,1,1000,1.0,0.007505574980574981,4.765621621621622,8.0,0.07742270791444825,0.3417199154816069,0.29711143116545036,683.4398309632138,0.012036084180372757,0.0,0.061,1001.0,0.05449446278195905,0.13849532779039217,0.29711143116545036,0.49434973754104516,0.706687423469417,0,1670520861
phi_1.0,1.0,1.0,1.0,2,16,sensitivity,1000,16,phi,1.0,30,1000,2000,False,completed,0,0,4.0,16.0,0.3362235,0.003,1,1000,1.0,0.008950957375957375,4.752624624624625,8.0,0.0676482147464029,0.3447264667272427,0.2970350150155351,689.4529334544854,0.012036084180372757,0.0,0.063,1001.0,0.05207860646247655,0.1334020896690653,0.2970350150155351,0.5084405873949027,0.7186421627762702,1,4070555681
phi_1.0,1.0,1.0,1.0,2,16,sensitivity,1000,16,phi,1.0,30,1000,2000,False,completed,0,0,4.0,16.0,0.33040400000000014,0.006,1,1000,1.0,0.008769025419025418,4.816968968968969,8.0,0.07314253880296562,0.34764731681048305,0.297574064304697,695.2946336209661,0.012036084180372757,0.0,0.062,1001.0,0.062293303605192814,0.14539943660745747,0.297574064304697,0.5117377220372383,0.7249185280178481,2,868918377
phi_1.0,1.0,1.0,1.0,2,16,sensitivity,1000,16,phi,1.0,30,1000,2000,False,completed,0,0,4.0,16.0,0.3353005,0.005,1,1000,1.0,0.009879914529914529,4.766400400400401,8.0,0.07030934973610466,0.3490243984146782,0.30365561144516917,698.0487968293564,0.012036084180372757,0.0,0.064,1001.0,0.04626937570107965,0.13328445922606846,0.30365561144516917,0.5204954259056851,0.7363975416688705,3,132835700
phi_1.0,1.0,1.0,1.0,2,16,sensitivity,1000,16,phi,1.0,30,1000,2000,False,completed,0,0,4.0,16.0,0.3361775,0.003,1,1000,1.0,0.00863056943056943,4.75217017017017,8.0,0.05717622989040488,0.3533728758382007,0.30236882038852275,706.7457516764014,0.012036084180372757,0.0,0.068,1001.0,0.05534204280160574,0.1349497829375494,0.30236882038852275,0.5261251946953702,0.7350812273918302,4,2482761637
phi_1.0,1.0,1.0,1.0,2,16,sensitivity,1000,16,phi,1.0,30,1000,2000,False,completed,0,0,4.0,16.0,0.3342765000000001,0.006,1,1000,1.0,0.004274003774003774,4.7669289289289285,8.0,0.07884596370149252,0.35294711020678415,0.2984458153200793,705.8942204135683,0.012036084180372757,0.0,0.064,1001.0,0.05139247711307018,0.13513816887283112,0.2984458153200793,0.5370175417630936,0.734206773005044,5,1794273997
phi_1.0,1.0,1.0,1.0,2,16,sensitivity,1000,16,phi,1.0,30,1000,2000,False,completed,0,0,4.0,16.0,0.329658,0.003,1,1000,1.0,0.02009262681762682,4.807293293293293,9.0,0.1006648662523283,0.3499240022107736,0.3043038329344685,699.8480044215471,0.012036084180372757,0.0,0.062,1001.0,0.055139190382050535,0.13325784459739676,0.3043038329344685,0.5261822640352634,0.7199504638658203,6,3097924981
phi_1.0,1.0,1.0,1.0,2,16,sensitivity,1000,16,phi,1.0,30,1000,2000,False,completed,0,0,4.0,16.0,0.34017600000000003,0.003,1,1000,1.0,0.008453507603507602,4.763639639639639,8.0,0.02873896405073272,0.343235276589509,0.295760989369257,686.470553179018,0.012036084180372757,0.0,0.068,1001.0,0.05687867392809444,0.13391115532540704,0.295760989369257,0.4991157872233787,0.7079523325800999,7,2511976734
phi_1.0,1.0,1.0,1.0,2,16,sensitivity,1000,16,phi,1.0,30,1000,2000,False,completed,0,0,4.0,16.0,0.3295675,0.003,1,1000,1.0,0.008479073704073704,4.801591591591592,8.0,0.07600450403216896,0.3379196595568605,0.2931960588240521,675.839319113721,0.012036084180372757,0.0,0.064,1001.0,0.052992828710251336,0.1327699419689281,0.2931960588240521,0.4956836384590431,0.7013251280514837,8,1695987571
phi_1.0,1.0,1.0,1.0,2,16,sensitivity,1000,16,phi,1.0,30,1000,2000,False,completed,0,0,4.0,16.0,0.33475900000000003,0.003,1,1000,1.0,0.010732625707625707,4.75443043043043,8.0,0.0511678516246315,0.34587421439782334,0.3035988241018357,691.7484287956466,0.012036084180372757,0.0,0.068,1001.0,0.05528031454856546,0.1348898573479875,0.3035988241018357,0.5092433127001655,0.7113736999828869,9,2011392942
phi_1.0,1.0,1.0,1.0,2,16,sensitivity,1000,16,phi,1.0,30,1000,2000,False,completed,0,0,4.0,16.0,0.3360510000000001,0.003,1,1000,1.0,0.006697322122322122,4.777005005005005,8.0,0.055087636520987845,0.3505723710006988,0.30206374440807693,701.1447420013976,0.012036084180372757,0.0,0.066,1001.0,0.05093265546307686,0.1298039896511311,0.30206374440807693,0.5192140665483856,0.7288749206253692,10,76446318
phi_1.0,1.0,1.0,1.0,2,16,sensitivity,1000,16,phi,1.0,30,1000,2000,False,completed,0,0,4.0,16.0,0.33584250000000004,0.004,1,1000,1.0,0.011227086802086802,4.757401401401402,8.0,0.08199009507154592,0.35468154217209624,0.31128900419752964,709.3630843441924,0.012036084180372757,0.0,0.064,1001.0,0.06251580915224968,0.14429612118420138,0.31128900419752964,0.5228745356060214,0.7237454787349336,11,2838675284
phi_1.0,1.0,1.0,1.0,2,16,sensitivity,1000,16,phi,1.0,30,1000,2000,False,completed,0,0,4.0,16.0,0.3325075000000002,0.004,1,1000,1.0,0.007381793206793207,4.786744744744745,8.0,0.08326701689240916,0.3588370470905348,0.3138331158587321,717.6740941810697,0.012036084180372757,0.0,0.058,1001.0,0.05719174150819047,0.13911041988332437,0.3138331158587321,0.5401354151759542,0.7220135334164722,12,164060155
phi_1.0,1.0,1.0,1.0,2,16,sensitivity,1000,16,phi,1.0,30,1000,2000,False,completed,0,0,4.0,16.0,0.33895850000000016,0.005,1,1000,1.0,0.004610547785547785,4.712674674674675,8.0,0.058348735727820164,0.3426626814800209,0.2923595773080929,685.3253629600417,0.012036084180372757,0.0,0.064,1001.0,0.056233393898028936,0.13885115206151383,0.2923595773080929,0.5015392724360311,0.7034573535532779,13,2307933036
phi_1.0,1.0,1.0,1.0,2,16,sensitivity,1000,16,phi,1.0,30,1000,2000,False,completed,0,0,4.0,16.0,0.3323950000000002,0.003,1,1000,1.0,0.008556451881451882,4.791751751751752,8.0,0.06478317027843385,0.3429104265588687,0.2937957948363705,685.8208531177374,0.012036084180372757,0.0,0.072,1001.0,0.05388133028678178,0.13498802401390425,0.2937957948363705,0.5050359763553816,0.7180361109029499,14,2392030062
phi_1.0,1.0,1.0,1.0,2,16,sensitivity,1000,16,phi,1.0,30,1000,2000,False,completed,0,0,4.0,16.0,0.3350715000000002,0.003,1,1000,1.0,0.012207098457098458,4.788322322322323,8.0,0.06663028573813717,0.3515332676698689,0.30821253880105237,703.0665353397378,0.012036084180372757,0.0,0.063,1001.0,0.05155270275785145,0.13692369805643123,0.30821253880105237,0.5210041417513022,0.7322266575881075,15,3110091577
phi_1.0,1.0,1.0,1.0,2,16,sensitivity,1000,16,phi,1.0,30,1000,2000,False,completed,0,0,4.0,16.0,0.3413995000000001,0.007,1,1000,1.0,0.009920845820845821,4.755505505505505,8.0,0.018164364485821365,0.35587313743246896,0.30782654204481974,711.746274864938,0.012036084180372757,0.0,0.067,1001.0,0.060174636377797,0.14714903381826527,0.30782654204481974,0.5307199057589114,0.7295030535278066,16,1628962408
phi_1.0,1.0,1.0,1.0,2,16,sensitivity,1000,16,phi,1.0,30,1000,2000,False,completed,0,0,4.0,16.0,0.3381265000000002,0.003,1,1000,1.0,0.008933474858474857,4.744216216216216,8.0,0.05925882810078809,0.35262394620691345,0.3019246835407129,705.2478924138269,0.012036084180372757,0.0,0.061,1001.0,0.05612411068638369,0.1317417556363536,0.3019246835407129,0.5453678366776733,0.7358276800569915,17,3564915195
phi_1.0,1.0,1.0,1.0,2,16,sensitivity,1000,16,phi,1.0,30,1000,2000,False,completed,0,0,4.0,16.0,0.3325615000000002,0.003,1,1000,1.0,0.003976728826728827,4.762032032032032,8.0,0.09123534829588871,0.3480039713211823,0.30082435329733975,696.0079426423647,0.012036084180372757,0.0,0.066,1001.0,0.0600455432120349,0.1344274578284368,0.30082435329733975,0.5091351783781246,0.7149999497561002,18,1260608884
phi_1.0,1.0,1.0,1.0,2,16,sensitivity,1000,16,phi,1.0,30,1000,2000,False,completed,0,0,4.0,16.0,0.33643350000000005,0.004,1,1000,1.0,0.009169882894882894,4.7631631631631635,8.0,0.0705920889580599,0.34548859930346476,0.2903395215962551,690.9771986069295,0.012036084180372757,0.0,0.067,1001.0,0.05400856442511583,0.13069498865438522,0.2903395215962551,0.5174414768225748,0.7193516439136944,19,962891828
phi_1.0,1.0,1.0,1.0,2,16,sensitivity,1000,16,phi,1.0,30,1000,2000,False,completed,0,0,4.0,16.0,0.3367675000000001,0.006,1,1000,1.0,0.009579972804972805,4.747631631631632,9.0,0.0643768544308831,0.35817011014490197,0.3147137745488057,716.3402202898039,0.012036084180372757,0.0,0.071,1001.0,0.061210086628161735,0.1499276914410516,0.3147137745488057,0.5193229039503722,0.742879712637631,20,3321768459
phi_1.0,1.0,1.0,1.0,2,16,sensitivity,1000,16,phi,1.0,30,1000,2000,False,completed,0,0,4.0,16.0,0.34095050000000016,0.005,1,1000,1.0,0.01088435730935731,4.719765765765766,8.0,0.05466933436104118,0.349425763984617,0.30501371898884533,698.851527969234,0.012036084180372757,0.0,0.068,1001.0,0.05597513215736055,0.1352481681600893,0.30501371898884533,0.5113422710245188,0.7309070682660207,21,713750829
phi_1.0,1.0,1.0,1.0,2,16,sensitivity,1000,16,phi,1.0,30,1000,2000,False,completed,0,0,4.0,16.0,0.3457150000000002,0.009,1,1000,1.0,0.006974270174270174,4.70205005005005,8.0,0.04931035670768284,0.3499022284002177,0.30798545904347807,699.8044568004353,0.012036084180372757,0.0,0.069,1001.0,0.06215614089523985,0.1396018275696762,0.30798545904347807,0.5149940826757977,0.7179966426175027,22,2933310501
phi_1.0,1.0,1.0,1.0,2,16,sensitivity,1000,16,phi,1.0,30,1000,2000,False,completed,0,0,4.0,16.0,0.33584950000000013,0.003,1,1000,1.0,0.009807900432900432,4.776246246246246,8.0,0.06769834924097189,0.35281533438648505,0.3056447374408031,705.6306687729701,0.012036084180372757,0.0,0.065,1001.0,0.05417982433937906,0.14438019681189174,0.3056447374408031,0.5102335346390987,0.7300726995938703,23,656034983
phi_1.0,1.0,1.0,1.0,2,16,sensitivity,1000,16,phi,1.0,30,1000,2000,False,completed,0,0,4.0,16.0,0.3317005000000002,0.002,1,1000,1.0,0.00634901764901765,4.7948508508508505,8.0,0.06417803022570617,0.35058048905009037,0.3074744422422342,701.1609781001807,0.012036084180372757,0.0,0.061,1001.0,0.049745529570806565,0.13827389560166478,0.3074744422422342,0.5247977295139475,0.725907838414348,24,3177689764
phi_1.0,1.0,1.0,1.0,2,16,sensitivity,1000,16,phi,1.0,30,1000,2000,False,completed,0,0,4.0,16.0,0.3327565000000001,0.004,1,1000,1.0,0.007107523032523032,4.779187187187187,8.0,0.0730041279379964,0.3497980709893808,0.29634742261091107,699.5961419787616,0.012036084180372757,0.0,0.064,1001.0,0.05749818298776917,0.1433208322367739,0.29634742261091107,0.5107413945080119,0.7352428274847336,25,3792016494
phi_1.0,1.0,1.0,1.0,2,16,sensitivity,1000,16,phi,1.0,30,1000,2000,False,completed,0,0,4.0,16.0,0.3366945000000001,0.007,1,1000,1.0,0.006567235542235542,4.760556556556557,8.0,0.06275036606512316,0.35663389210903473,0.30287688726548995,713.2677842180694,0.012036084180372757,0.0,0.069,1001.0,0.061715908803089865,0.1426474137525917,0.30287688726548995,0.5304678166501717,0.733637197743643,26,3633305820
phi_1.0,1.0,1.0,1.0,2,16,sensitivity,1000,16,phi,1.0,30,1000,2000,False,completed,0,0,4.0,16.0,0.3370335000000002,0.003,1,1000,1.0,0.00979049284049284,4.753267267267267,8.0,0.06811620004541026,0.3561030937373977,0.3084299720564172,712.2061874747953,0.012036084180372757,0.0,0.07,1001.0,0.05469862523154667,0.13691377859606085,0.3084299720564172,0.5262431849516265,0.7407973862845759,27,1506878960
phi_1.0,1.0,1.0,1.0,2,16,sensitivity,1000,16,phi,1.0,30,1000,2000,False,completed,0,0,4.0,16.0,0.3347150000000001,0.005,1,1000,1.0,0.009863622488622487,4.758746746746747,8.0,0.06830843238192177,0.34544281366674046,0.3011877635811822,690.8856273334809,0.012036084180372757,0.0,0.065,1001.0,0.05648741689284959,0.13273663775340738,0.3011877635811822,0.5047348833661028,0.7159383844451511,28,1712376798
phi_1.0,1.0,1.0,1.0,2,16,sensitivity,1000,16,phi,1.0,30,1000,2000,False,completed,0,0,4.0,16.0,0.3394980000000001,0.002,1,1000,1.0,0.006766000666000666,4.765611611611612,8.0,0.03679127238845238,0.35321764512291315,0.30485532089071865,706.4352902458263,0.012036084180372757,0.0,0.068,1001.0,0.05319583256084225,0.13252777185148631,0.30485532089071865,0.5259103648520042,0.7472449328607678,29,460994707
phi_2.0,1.0,1.0,2.0,2,16,sensitivity,1000,16,phi,2.0,30,1000,2000,False,completed,0,0,4.0,16.0,0.32676000000000016,0.004,1,1000,1.0,0.06548699078699079,5.024876876876877,9.0,0.09061033195891287,0.1631156821423302,0.08566068901211434,326.2313642846604,0.012036084180372757,0.0,0.061,1001.0,0.01438587923786291,0.032887393247275805,0.08566068901211434,0.216770142629523,0.4383295096771909,0,3596230471
phi_2.0,1.0,1.0,2.0,2,16,sensitivity,1000,16,phi,2.0,30,1000,2000,False,completed,0,0,4.0,16.0,0.328149,0.005,1,1000,1.0,0.08062754190254191,5.003225225225226,9.0,0.09088142918856225,0.15265214620699544,0.07787021069009953,305.3042924139909,0.012036084180372757,0.0,0.063,1001.0,0.013648031162451427,0.03044739920574103,0.07787021069009953,0.19892768134099922,0.403183102185806,1,1343504761
phi_2.0,1.0,1.0,2.0,2,16,sensitivity,1000,16,phi,2.0,30,1000,2000,False,completed,0,0,4.0,16.0,0.3323410000000002,0.006,1,1000,1.0,0.06423404095904095,4.946226226226226,9.0,0.08690001677449233,0.15649450257638944,0.08222329905998452,312.9890051527789,0.012036084180372757,0.0,0.06,1001.0,0.01359377453557906,0.029688459932971763,0.08222329905998452,0.19811612132594703,0.42854901634583126,2,1125121755
phi_2.0,1.0,1.0,2.0,2,16,sensitivity,1000,16,phi,2.0,30,1000,2000,False,completed,0,0,4.0,16.0,0.33689000000000013,0.005,1,1000,1.0,0.07355311077811078,4.963521521521521,9.0,0.06715580137437817,0.15685540480296872,0.0803575574248324,313.71080960593747,0.012036084180372757,0.0,0.067,1001.0,0.013175042413248584,0.028146117926905197,0.0803575574248324,0.2147794204917243,0.4233216190175837,3,1309902519
phi_2.0,1.0,1.0,2.0,2,16,sensitivity,1000,16,phi,2.0,30,1000,2000,False,completed,0,0,4.0,16.0,0.3322280000000002,0.002,1,1000,1.0,0.06631983016983017,5.012376376376376,9.0,0.06309815581117559,0.15013553663119236,0.07837225758149051,300.27107326238473,0.012036084180372757,0.0,0.06,1001.0,0.01370301585374806,0.030223718791747328,0.07837225758149051,0.20729608400667432,0.3977032047545439,4,1297946458
phi_2.0,1.0,1.0,2.0,2,16,sensitivity,1000,16,phi,2.0,30,1000,2000,False,completed,0,0,4.0,16.0,0.3283440000000002,0.003,1,1000,1.0,0.08042348762348761,5.039219219219219,9.0,0.08760738516682716,0.15536654569157468,0.08037397223769245,310.7330913831494,0.012036084180372757,0.0,0.056,1001.0,0.013376707938339187,0.02994569999357026,0.08037397223769245,0.20155629784526716,0.40659564522009967,5,916837696
phi_2.0,1.0,1.0,2.0,2,16,sensitivity,1000,16,phi,2.0,30,1000,2000,False,completed,0,0,4.0,16.0,0.3299700000000001,0.002,1,1000,1.0,0.07140399322899323,5.004186186186186,9.0,0.07795316437603987,0.16176594417610551,0.08184571674176361,323.531888352211,0.012036084180372757,0.0,0.061,1001.0,0.014463556195671521,0.031326441052185974,0.08184571674176361,0.21572893813721014,0.45810533926222086,6,3110722437
phi_2.0,1.0,1.0,2.0,2,16,sensitivity,1000,16,phi,2.0,30,1000,2000,False,completed,0,0,4.0,16.0,0.3300025000000002,0.003,1,1000,1.0,0.06870788655788655,5.013157157157157,9.0,0.07430653941015497,0.15428028979726918,0.07807980293681038,308.56057959453835,0.012036084180372757,0.0,0.063,1001.0,0.013328174247282549,0.029650137847696434,0.07807980293681038,0.21367815763122025,0.4132867127990552,7,2766935839
phi_2.0,1.0,1.0,2.0,2,16,sensitivity,1000,16,phi,2.0,30,1000,2000,False,completed,0,0,4.0,16.0,0.3283275000000001,0.004,1,1000,1.0,0.07406569264069264,4.983533533533533,9.0,0.0890545328432726,0.15792338301528938,0.08284189751515955,315.84676603057875,0.012036084180372757,0.0,0.058,1001.0,0.013381279767454611,0.031092826615338645,0.08284189751515955,0.21535486815877342,0.4181250506741478,8,3564184768
phi_2.0,1.0,1.0,2.0,2,16,sensitivity,1000,16,phi,2.0,30,1000,2000,False,completed,0,0,4.0,16.0,0.33043900000000015,0.004,1,1000,1.0,0.07800771728271728,5.010552552552553,9.0,0.11102878274222136,0.15213026257637616,0.07848075232326718,304.26052515275234,0.012036084180372757,0.0,0.067,1001.0,0.013255912507791201,0.029147279013777075,0.07848075232326718,0.20056022389413755,0.4143649361519815,9,178084774
phi_2.0,1.0,1.0,2.0,2,16,sensitivity,1000,16,phi,2.0,30,1000,2000,False,completed,0,0,4.0,16.0,0.3320035000000001,0.004,1,1000,1.0,0.07881711066711067,5.017203203203203,9.0,0.07240643687970118,0.16165483521332483,0.08283300098967558,323.30967042664963,0.012036084180372757,0.0,0.064,1001.0,0.013733157826755205,0.030147470000927663,0.08283300098967558,0.21266894628833644,0.4325010045647237,10,3666520001
phi_2.0,1.0,1.0,2.0,2,16,sensitivity,1000,16,phi,2.0,30,1000,2000,False,completed,0,0,4.0,16.0,0.32710000000000017,0.005,1,1000,1.0,0.0637852009102009,5.022908908908909,9.0,0.09016046355647853,0.1574571212522422,0.08515307626092894,314.91424250448443,0.012036084180372757,0.0,0.054,1001.0,0.014341133729244959,0.031272559241421354,0.08515307626092894,0.21461516979399198,0.4050074572221802,11,2547994487
phi_2.0,1.0,1.0,2.0,2,16,sensitivity,1000,16,phi,2.0,30,1000,2000,False,completed,0,0,4.0,16.0,0.33293450000000013,0.003,1,1000,1.0,0.07215621045621046,4.990512512512512,9.0,0.07268275620846444,0.14936531867796662,0.07544374494485537,298.73063735593325,0.012036084180372757,0.0,0.059,1001.0,0.013614555333687483,0.03163224949987142,0.07544374494485537,0.19224352093824684,0.39731904264128687,12,2123718915
phi_2.0,1.0,1.0,2.0,2,16,sensitivity,1000,16,phi,2.0,30,1000,2000,False,completed,0,0,4.0,16.0,0.3315220000000001,0.006,1,1000,1.0,0.06499933677433677,5.003565565565566,9.0,0.07306424914492496,0.1541397823907688,0.08394402839830753,308.2795647815376,0.012036084180372757,0.0,0.062,1001.0,0.0141669092654428,0.03270952578286837,0.08394402839830753,0.2067125077877191,0.400061571609637,13,3561084181
phi_2.0,1.0,1.0,2.0,2,16,sensitivity,1000,16,phi,2.0,30,1000,2000,False,completed,0,0,4.0,16.0,0.32646050000000004,0.005,1,1000,1.0,0.06501800144300143,5.019195195195195,9.0,0.13586093439458344,0.15635232345295366,0.0828328679988547,312.70464690590734,0.012036084180372757,0.0,0.058,1001.0,0.012917049651101808,0.031439396410822606,0.0828328679988547,0.2102042253463044,0.42769256628877006,14,1562554832
phi_2.0,1.0,1.0,2.0,2,16,sensitivity,1000,16,phi,2.0,30,1000,2000,False,completed,0,0,4.0,16.0,0.330751,0.003,1,1000,1.0,0.0646272644022644,4.985825825825826,9.0,0.08614028611951755,0.15611063775745354,0.0857232601617282,312.22127551490706,0.012036084180372757,0.0,0.067,1001.0,0.013876671195728777,0.03134418503603883,0.0857232601617282,0.21010793152938026,0.4028620504709522,15,81189477
phi_2.0,1.0,1.0,2.0,2,16,sensitivity,1000,16,phi,2.0,30,1000,2000,False,completed,0,0,4.0,16.0,0.32936750000000004,0.005,1,1000,1.0,0.07547446997446997,5.043039039039039,10.0,0.08187052808515999,0.15237792898074878,0.07895165271176788,304.75585796149755,0.012036084180372757,0.0,0.06,1001.0,0.014160052148818566,0.029733417374781405,0.07895165271176788,0.20070571902765805,0.40111617618044293,16,3876411596
phi_2.0,1.0,1.0,2.0,2,16,sensitivity,1000,16,phi,2.0,30,1000,2000,False,completed,0,0,4.0,16.0,0.33452650000000017,0.002,1,1000,1.0,0.08003386335886335,4.999615615615616,10.0,0.0723582952371478,0.1544561234077072,0.08162900638446774,308.9122468154144,0.012036084180372757,0.0,0.065,1001.0,0.013107890121625469,0.03037214482133875,0.08162900638446774,0.20417798351611463,0.40987700476871125,17,2207593774
phi_2.0,1.0,1.0,2.0,2,16,sensitivity,1000,16,phi,2.0,30,1000,2000,False,completed,0,0,4.0,16.0,0.33295050000000015,0.003,1,1000,1.0,0.07700767288267288,4.988986986986987,9.0,0.08021170227425453,0.1508101449367354,0.07713425086830612,301.62028987347077,0.012036084180372757,0.0,0.066,1001.0,0.01313223253400161,0.029106195065876174,0.07713425086830612,0.20680452565511498,0.40470900011559335,18,1626943922
phi_2.0,1.0,1.0,2.0,2,16,sensitivity,1000,16,phi,2.0,30,1000,2000,False,completed,0,0,4.0,16.0,0.3326905,0.004,1,1000,1.0,0.07845798090798091,5.0086706706706705,9.0,0.07275222984893415,0.1459355709364367,0.07131925820011764,291.8711418728734,0.012036084180372757,0.0,0.063,1001.0,0.012554947600224613,0.028032184239831254,0.07131925820011764,0.20181993914864516,0.3787992129118846,19,1440216783
phi_2.0,1.0,1.0,2.0,2,16,sensitivity,1000,16,phi,2.0,30,1000,2000,False,completed,0,0,4.0,16.0,0.330492,0.002,1,1000,1.0,0.0702666860916861,5.016646646646647,9.0,0.08737916744236468,0.14944466306585458,0.07772846078225419,298.88932613170914,0.012036084180372757,0.0,0.06,1001.0,0.01334891516572488,0.030181689421470075,0.07772846078225419,0.20233680043417723,0.3907045532428526,20,1789458188
phi_2.0,1.0,1.0,2.0,2,16,sensitivity,1000,16,phi,2.0,30,1000,2000,False,completed,0,0,4.0,16.0,0.3284560000000001,0.006,1,1000,1.0,0.07694567377067377,4.995831831831832,9.0,0.09956786204332253,0.15707511545721925,0.08025796501084101,314.1502309144385,0.012036084180372757,0.0,0.053,1001.0,0.013700400792114665,0.030865951740062035,0.08025796501084101,0.20912477134527324,0.4179705471807414,21,2741022583
phi_2.0,1.0,1.0,2.0,2,16,sensitivity,1000,16,phi,2.0,30,1000,2000,False,completed,0,0,4.0,16.0,0.32562100000000016,0.003,1,1000,1.0,0.06700634365634366,5.025127127127127,9.0,0.12348086430695863,0.1543551798713134,0.08279326334272044,308.7103597426268,0.012036084180372757,0.0,0.053,1001.0,0.013192687230685701,0.03058676429073254,0.08279326334272044,0.2096200452336639,0.40752396915653194,22,1280888596
phi_2.0,1.0,1.0,2.0,2,16,sensitivity,1000,16,phi,2.0,30,1000,2000,False,completed,0,0,4.0,16.0,0.3345365,0.003,1,1000,1.0,0.07168033355533356,5.052966966966967,9.0,0.06352228462948553,0.14994918562931683,0.08003008669303031,299.8983712586337,0.012036084180372757,0.0,0.063,1001.0,0.013963270201288739,0.03157110209416109,0.08003008669303031,0.20078611544805203,0.38530720981517474,23,4081664760
phi_2.0,1.0,1.0,2.0,2,16,sensitivity,1000,16,phi,2.0,30,1000,2000,False,completed,0,0,4.0,16.0,0.3321605000000001,0.006,1,1000,1.0,0.057689468864468865,4.982832832832833,9.0,0.07642337813593354,0.15966300154668298,0.08901784505880217,319.32600309336596,0.012036084180372757,0.0,0.057,1001.0,0.015347897840864615,0.03406919212869499,0.08901784505880217,0.2177960456449216,0.4143378640185946,24,3061408936
phi_2.0,1.0,1.0,2.0,2,16,sensitivity,1000,16,phi,2.0,30,1000,2000,False,completed,0,0,4.0,16.0,0.3384085000000001,0.006,1,1000,1.0,0.08823963258963259,4.990288288288288,9.0,0.0694316656218194,0.15558621052113322,0.08293110779458168,311.1724210422664,0.012036084180372757,0.0,0.066,1001.0,0.013851978864330036,0.03104358674634378,0.08293110779458168,0.2052738360939754,0.42519324274152387,25,1872210663
phi_2.0,1.0,1.0,2.0,2,16,sensitivity,1000,16,phi,2.0,30,1000,2000,False,completed,0,0,4.0,16.0,0.3314480000000002,0.005,1,1000,1.0,0.0768431707181707,5.042774774774775,9.0,0.07285387434269393,0.14655077434039174,0.08008998821114073,293.1015486807835,0.012036084180372757,0.0,0.066,1001.0,0.014322636928267695,0.032293892226169324,0.08008998821114073,0.20474970447016025,0.3867545414311709,26,4260961870
phi_2.0,1.0,1.0,2.0,2,16,sensitivity,1000,16,phi,2.0,30,1000,2000,False,completed,0,0,4.0,16.0,0.33469000000000015,0.007,1,1000,1.0,0.06963244810744812,4.9878218218218215,9.0,0.03972445857590639,0.15614822227841546,0.08291516418138772,312.2964445568309,0.012036084180372757,0.0,0.062,1001.0,0.013134651722158396,0.030226459783454278,0.08291516418138772,0.20993230235975266,0.4026016002645438,27,3170978685
phi_2.0,1.0,1.0,2.0,2,16,sensitivity,1000,16,phi,2.0,30,1000,2000,False,completed,0,0,4.0,16.0,0.33524750000000014,0.004,1,1000,1.0,0.06999279054279055,4.966158158158158,9.0,0.07843733310769328,0.1512186943897019,0.07925576990217853,302.4373887794038,0.012036084180372757,0.0,0.063,1001.0,0.014075559764731925,0.030363595421772468,0.07925576990217853,0.20564523823397418,0.4052497157432517,28,782303088
phi_2.0,1.0,1.0,2.0,2,16,sensitivity,1000,16,phi,2.0,30,1000,2000,False,completed,0,0,4.0,16.0,0.33104200000000006,0.007,1,1000,1.0,0.08060263070263071,4.996146146146146,9.0,0.10061275543658067,0.15411095976675823,0.0794895593893422,308.2219195335165,0.012036084180372757,0.0,0.055,1001.0,0.01349551596263007,0.03019499251223767,0.0794895593893422,0.2039533530077109,0.41893718162103766,29,1209994575
kappa_1,1.0,1.0,1.0,1,16,sensitivity,1000,16,kappa,1,30,1000,1005,False,completed,0,0,2.01,16.0,0.3914208955223881,0.001,1,1000,1.0,0.0003928571428571429,8.386098098098097,20.0,-0.04690199931040479,0.3456895194379039,0.29396373320663555,347.4179670350934,0.014032068140284574,0.609,0.015,6.0,0.05385415136492673,0.1387245786285403,0.29396373320663555,0.5058097154731965,0.7157656144554653,0,1613051784
kappa_1,1.0,1.0,1.0,1,16,sensitivity,1000,16,kappa,1,30,1000,1005,False,completed,0,0,2.01,16.0,0.39332537313432847,0.001,1,1000,1.0,0.00029835164835164833,7.747603603603603,17.0,-0.03682611679729765,0.3382089470863461,0.28702720158115386,339.8999918217778,0.014032068140284574,0.617,0.016,6.0,0.05471286198103107,0.12411867448236326,0.28702720158115386,0.5011653150193216,0.7154295636622914,1,1681283168
kappa_1,1.0,1.0,1.0,1,16,sensitivity,1000,16,kappa,1,30,1000,1005,False,completed,0,0,2.01,16.0,0.39553830845771154,0.001,1,1000,1.0,0.0003159340659340659,8.693383383383383,23.0,-0.08365049194313738,0.34818243193479076,0.29203738111628674,349.9233440944647,0.014032068140284574,0.618,0.022,6.0,0.05557386314283487,0.14596696214139598,0.29203738111628674,0.5148832593076973,0.7248692129794625,2,950149476
kappa_1,1.0,1.0,1.0,1,16,sensitivity,1000,16,kappa,1,30,1000,1005,False,completed,0,0,2.01,14.0,0.39444776119403,0.0,1,1000,1.0,0.00041978021978021976,8.653947947947948,21.0,-0.0926342723231572,0.3406134845260369,0.29957543547689,342.3165519486671,0.012026054110222447,0.623,0.018,6.0,0.057272827074853254,0.12243378900778887,0.29957543547689,0.4941850534117974,0.7198411408090687,3,3822798947
kappa_1,1.0,1.0,1.0,1,16,sensitivity,1000,16,kappa,1,30,1000,1005,False,completed,0,0,2.01,16.0,0.39095920398009953,0.002,1,1000,1.0,0.00034090909090909094,8.629599599599599,20.0,-0.052034449403504345,0.3477721634345887,0.2936348030869049,349.5110242517617,0.014032068140284574,0.608,0.017,6.0,0.04465442642862199,0.1303420132407158,0.2936348030869049,0.5177857324177975,0.7397708860331491,4,2494204931
kappa_1,1.0,1.0,1.0,1,16,sensitivity,1000,16,kappa,1,30,1000,1005,False,completed,0,0,2.01,16.0,0.39354129353233835,0.001,1,1000,1.0,0.0005123876123876123,8.181013013013013,20.0,-0.09463590285950509,0.3636950634379319,0.32049139065464083,365.51353875512154,0.014032068140284574,0.615,0.016,6.0,0.06021074881084473,0.14218227963712407,0.32049139065464083,0.5588882107786681,0.7383252019059835,5,181074615
kappa_1,1.0,1.0,1.0,1,16,sensitivity,1000,16,kappa,1,30,1000,1005,False,completed,0,0,2.01,16.0,0.3925452736318409,0.001,1,1000,1.0,0.0003730769230769231,7.875075075075075,17.0,-0.02993369469958808,0.3511524736113067,0.3098360594371588,352.9082359793632,0.014032068140284574,0.619,0.014,6.0,0.052677682247307345,0.14291241362720353,0.3098360594371588,0.5155910672935203,0.7367746095937672,6,1530146814
kappa_1,1.0,1.0,1.0,1,16,sensitivity,1000,16,kappa,1,30,1000,1005,False,completed,0,0,2.01,16.0,0.3936935323383086,0.001,1,1000,1.0,0.0002785714285714286,8.48644044044044,20.0,-0.0328578745663272,0.36360332972755166,0.31552446036728155,365.42134637618943,0.014032068140284574,0.619,0.017,6.0,0.06594336458095666,0.1477802003329676,0.31552446036728155,0.536388986014598,0.7571510464895235,7,975125632
kappa_1,1.0,1.0,1.0,1,16,sensitivity,1000,16,kappa,1,30,1000,1005,False,completed,0,0,2.01,16.0,0.3926955223880597,0.001,1,1000,1.0,0.00035684315684315687,7.872280280280281,19.0,-0.023865727246573876,0.3511616917292671,0.30578122323627355,352.91750018791345,0.014032068140284574,0.624,0.011,6.0,0.05421783969616368,0.14007598082206937,0.30578122323627355,0.5118056608095579,0.724799987753029,8,1339031316
kappa_1,1.0,1.0,1.0,1,16,sensitivity,1000,16,kappa,1,30,1000,1005,False,completed,0,0,2.01,16.0,0.385171144278607,0.002,1,1000,1.0,0.000289010989010989,7.849903903903904,17.0,0.013344405362576828,0.35626723636434543,0.30675120531871897,358.0485725461672,0.014032068140284574,0.599,0.015,6.0,0.053711456257808085,0.1317910942193362,0.30675120531871897,0.5242435227714296,0.7652286123101005,9,2403087427
kappa_1,1.0,1.0,1.0,1,16,sensitivity,1000,16,kappa,1,30,1000,1005,False,completed,0,0,2.01,16.0,0.3995751243781096,0.002,1,1000,1.0,0.0003476190476190476,7.98236036036036,19.0,-0.05919448920366072,0.3538003769401296,0.3088589198304769,355.56937882483027,0.014032068140284574,0.637,0.017,6.0,0.05107287280083689,0.14544215828112922,0.3088589198304769,0.5321388289138997,0.7227145890161504,10,1262089014
kappa_1,1.0,1.0,1.0,1,16,sensitivity,1000,16,kappa,1,30,1000,1005,False,completed,0,0,2.01,15.0,0.3947094527363184,0.0,1,1000,1.0,0.0003230769230769231,7.907713713713714,17.0,-0.05040718821109673,0.36034478212298615,0.3004659197532246,362.1465060336011,0.01302906112525351,0.62,0.02,6.0,0.058268928639288876,0.1366779398371498,0.3004659197532246,0.5472783849068975,0.7620165086545961,11,2778711866
kappa_1,1.0,1.0,1.0,1,16,sensitivity,1000,16,kappa,1,30,1000,1005,False,completed,0,0,2.01,15.0,0.390044776119403,0.0,1,1000,1.0,0.00036623376623376626,8.641721721721721,19.0,-0.03570426783580357,0.35185676873187366,0.30528136345053575,353.61605257553305,0.01302906112525351,0.613,0.014,6.0,0.06208575709747035,0.14492488073080306,0.30528136345053575,0.5212017341200015,0.7073088851550063,12,2162232460
kappa_1,1.0,1.0,1.0,1,16,sensitivity,1000,16,kappa,1,30,1000,1005,False,completed,0,0,2.01,15.0,0.3924467661691544,0.0,1,1000,1.0,0.00036623376623376626,8.176636636636637,19.0,-0.06162767001838727,0.34183712857240395,0.28755652676381005,343.54631421526597,0.01302906112525351,0.61,0.02,6.0,0.05102543085135933,0.12999048104767016,0.28755652676381005,0.5096203234410946,0.7243960287844108,13,3257802612
kappa_1,1.0,1.0,1.0,1,16,sensitivity,1000,16,kappa,1,30,1000,1005,False,completed,0,0,2.01,16.0,0.39003184079601994,0.001,1,1000,1.0,0.00029615384615384616,7.855021021021021,21.0,0.0054226420012780715,0.3490653853410353,0.30716236824077814,350.8107122677405,0.014032068140284574,0.61,0.015,6.0,0.05298286109275391,0.15031898262410137,0.30716236824077814,0.509381084010877,0.7200444161748192,14,4053020601
kappa_1,1.0,1.0,1.0,1,16,sensitivity,1000,16,kappa,1,30,1000,1005,False,completed,0,0,2.01,15.0,0.39257114427860706,0.0,1,1000,1.0,0.00031428571428571427,8.183611611611612,19.0,-0.030804391384835775,0.3558539299383069,0.3133559871234908,357.63319958799843,0.01302906112525351,0.614,0.018,6.0,0.050471257130925824,0.13886071829822116,0.3133559871234908,0.531363036153718,0.7275210489696543,15,3466402906
kappa_1,1.0,1.0,1.0,1,16,sensitivity,1000,16,kappa,1,30,1000,1005,False,completed,0,0,2.01,16.0,0.3873850746268659,0.002,1,1000,1.0,0.0003,7.654582582582583,18.0,0.02123949423790006,0.34511817614369406,0.30123782713424163,346.8437670244125,0.014032068140284574,0.605,0.016,6.0,0.04576205018119524,0.14871843404341742,0.30123782713424163,0.5006876052410913,0.7221599102568447,16,2325399957
kappa_1,1.0,1.0,1.0,1,16,sensitivity,1000,16,kappa,1,30,1000,1005,False,completed,0,0,2.01,16.0,0.3887223880597015,0.001,1,1000,1.0,0.00033186813186813184,8.030082082082082,19.0,-0.03218028320168132,0.35129382128957626,0.2912696240652102,353.05029039602414,0.014032068140284574,0.599,0.017,6.0,0.050861149606574174,0.1386139000800462,0.2912696240652102,0.5310477614742048,0.73461372731959,17,1648435520
kappa_1,1.0,1.0,1.0,1,16,sensitivity,1000,16,kappa,1,30,1000,1005,False,completed,0,0,2.01,15.0,0.390818905472637,0.0,1,1000,1.0,0.00035684315684315687,8.294774774774774,19.0,-0.07223299230157225,0.34347661765906656,0.27950795822849733,345.1940007473619,0.01302906112525351,0.615,0.014,6.0,0.047984037949399566,0.130113361059707,0.27950795822849733,0.5184510144447735,0.728315791232771,18,255981598
kappa_1,1.0,1.0,1.0,1,16,sensitivity,1000,16,kappa,1,30,1000,1005,False,completed,0,0,2.01,16.0,0.39172636815920403,0.001,1,1000,1.0,0.0003568931068931069,7.655163163163163,17.0,-0.028661396104883934,0.3508940483324955,0.30849165414862095,352.64851857415795,0.014032068140284574,0.611,0.018,6.0,0.05128559550135464,0.1288767386149329,0.30849165414862095,0.5196293627945056,0.7305432381218163,19,4009365953
kappa_1,1.0,1.0,1.0,1,16,sensitivity,1000,16,kappa,1,30,1000,1005,False,completed,0,0,2.01,16.0,0.39136716417910455,0.002,1,1000,1.0,0.0003481018981018981,7.970768768768769,17.0,-0.024387806841408403,0.3585354468190437,0.32125654913232843,360.32812405313894,0.014032068140284574,0.606,0.017,6.0,0.05743349109218481,0.14710088736633167,0.32125654913232843,0.5317823025155155,0.7338553249310636,20,1719484611
kappa_1,1.0,1.0,1.0,1,16,sensitivity,1000,16,kappa,1,30,1000,1005,False,completed,0,0,2.01,16.0,0.3945502487562189,0.002,1,1000,1.0,0.0004484848484848485,7.744322322322322,19.0,-0.04935599283639759,0.3518562588996119,0.30269895268942615,353.61554019411,0.014032068140284574,0.62,0.018,6.0,0.057669788894251055,0.1412893149091346,0.30269895268942615,0.5225319108229275,0.7202136847103154,21,2244399740
kappa_1,1.0,1.0,1.0,1,16,sensitivity,1000,16,kappa,1,30,1000,1005,False,completed,0,0,2.01,16.0,0.4022079601990052,0.001,1,1000,1.0,0.00034090909090909094,7.670286286286286,16.0,-0.10434685021298937,0.3488516392905709,0.2962166807498905,350.59589748702376,0.014032068140284574,0.635,0.025,6.0,0.06266951171753513,0.15339190055230556,0.2962166807498905,0.5022738799906616,0.7153923914425894,22,4291220271
kappa_1,1.0,1.0,1.0,1,16,sensitivity,1000,16,kappa,1,30,1000,1005,False,completed,0,0,2.01,16.0,0.3925601990049752,0.001,1,1000,1.0,0.0003480519480519481,8.30253053053053,19.0,-0.08598416494678114,0.34787494660480833,0.2952703005363446,349.6143213378324,0.014032068140284574,0.611,0.02,6.0,0.04716207901075905,0.12781119883123165,0.2952703005363446,0.5238017837375032,0.7390611972575782,23,1500595248
kappa_1,1.0,1.0,1.0,1,16,sensitivity,1000,16,kappa,1,30,1000,1005,False,completed,0,0,2.01,15.0,0.39950945273631855,0.0,1,1000,1.0,0.00031428571428571427,7.247307307307307,16.0,-0.05984916927150013,0.3509218977308231,0.30914189893767763,352.67650721947723,0.01302906112525351,0.635,0.017,6.0,0.0491683989896125,0.13292115522393716,0.30914189893767763,0.5112567606083579,0.7250265673399646,24,4047982245
kappa_1,1.0,1.0,1.0,1,16,sensitivity,1000,16,kappa,1,30,1000,1005,False,completed,0,0,2.01,16.0,0.38997114427860713,0.002,1,1000,1.0,0.0003606893106893107,7.842254254254255,18.0,-0.028579371456988266,0.3450931793104553,0.3031929258262757,346.8186452070076,0.014032068140284574,0.611,0.015,6.0,0.05158415418075664,0.13496422906263209,0.3031929258262757,0.5106404976103727,0.7249090783144738,25,705194426
kappa_1,1.0,1.0,1.0,1,16,sensitivity,1000,16,kappa,1,30,1000,1005,False,completed,0,0,2.01,16.0,0.38733532338308474,0.001,1,1000,1.0,0.00033211788211788215,7.567627627627628,18.0,0.023945999198676453,0.33972939846504746,0.2807423513632592,341.4280454573727,0.014032068140284574,0.608,0.015,6.0,0.056419798359229986,0.1336029811570876,0.2807423513632592,0.5019702919980498,0.7142476228521164,26,3202783931
kappa_1,1.0,1.0,1.0,1,16,sensitivity,1000,16,kappa,1,30,1000,1005,False,completed,0,0,2.01,16.0,0.3896955223880598,0.001,1,1000,1.0,0.00034090909090909094,7.93574974974975,20.0,0.003237787732474855,0.3570038335657806,0.2957094499267232,358.7888527336095,0.014032068140284574,0.607,0.015,6.0,0.05444851972494621,0.13313462032750253,0.2957094499267232,0.5323870485828895,0.7529616016930472,27,1842000585
kappa_1,1.0,1.0,1.0,1,16,sensitivity,1000,16,kappa,1,30,1000,1005,False,completed,0,0,2.01,16.0,0.3945432835820897,0.001,1,1000,1.0,0.00034090909090909094,8.055117117117117,21.0,-0.058980045311481245,0.35204341518896043,0.30922892141653546,353.8036322649052,0.014032068140284574,0.624,0.018,6.0,0.05708701824229199,0.1479565341186488,0.30922892141653546,0.5181439689014924,0.7129565884552476,28,2379276007
kappa_1,1.0,1.0,1.0,1,16,sensitivity,1000,16,kappa,1,30,1000,1005,False,completed,0,0,2.01,16.0,0.3923154228855723,0.002,1,1000,1.0,0.0004805194805194805,8.07048048048048,18.0,-0.07116004590435066,0.3471478157206255,0.3139895653042231,348.8835547992286,0.014032068140284574,0.611,0.018,6.0,0.05714607450696346,0.14236896786453468,0.3139895653042231,0.5006041208623823,0.6991640375945697,29,473060988
kappa_2,1.0,1.0,1.0,2,16,sensitivity,1000,16,kappa,2,30,1000,2000,False,completed,0,0,4.0,16.0,0.34137400000000007,0.002,1,1000,1.0,0.006158422133422134,4.749309309309309,8.0,0.026763754241518303,0.35513486916367765,0.30691514307586976,710.2697383273553,0.012036084180372757,0.0,0.071,1001.0,0.05442942638209608,0.13415708050251338,0.30691514307586976,0.5379437074840974,0.7374323171025926,0,521559121
kappa_2,1.0,1.0,1.0,2,16,sensitivity,1000,16,kappa,2,30,1000,2000,False,completed,0,0,4.0,16.0,0.34026500000000004,0.005,1,1000,1.0,0.008943348318348318,4.729053053053053,8.0,0.04931192508756964,0.34058025371391276,0.2924276442917364,681.1605074278256,0.012036084180372757,0.0,0.07,1001.0,0.056388760917145474,0.13691445029425742,0.2924276442917364,0.5043435351852351,0.7005624907840872,1,80785448
kappa_2,1.0,1.0,1.0,2,16,sensitivity,1000,16,kappa,2,30,1000,2000,False,completed,0,0,4.0,16.0,0.3333265000000001,0.005,1,1000,1.0,0.011548024198024198,4.7726206206206205,8.0,0.09014548168832513,0.3497941683101656,0.28791406719420487,699.5883366203311,0.012036084180372757,0.0,0.066,1001.0,0.05815653776980986,0.13998216324966206,0.28791406719420487,0.5283085086913955,0.7353535807949791,2,3778071708
kappa_2,1.0,1.0,1.0,2,16,sensitivity,1000,16,kappa,2,30,1000,2000,False,completed,0,0,4.0,16.0,0.33278950000000007,0.002,1,1000,1.0,0.011640920190920192,4.7884004004004,8.0,0.08182010366018136,0.3426340888673191,0.2951833886137296,685.2681777346382,0.012036084180372757,0.0,0.058,1001.0,0.05663827573741936,0.13899942801597787,0.2951833886137296,0.5075040754395518,0.7047831163240241,3,3306176462
kappa_2,1.0,1.0,1.0,2,16,sensitivity,1000,16,kappa,2,30,1000,2000,False,completed,0,0,4.0,16.0,0.3346965000000002,0.002,1,1000,1.0,0.006648756798756799,4.78154954954955,8.0,0.07789736211806489,0.34520779464035073,0.28942520437169933,690.4155892807015,0.012036084180372757,0.0,0.066,1001.0,0.055389555678785646,0.13141005507289122,0.28942520437169933,0.5149185269459785,0.7090541865743184,4,3834176742
kappa_2,1.0,1.0,1.0,2,16,sensitivity,1000,16,kappa,2,30,1000,2000,False,completed,0,0,4.0,16.0,0.3296135,0.007,1,1000,1.0,0.011582442557442556,4.785623623623624,9.0,0.08981963515547713,0.3450171038477705,0.2970430155582684,690.034207695541,0.012036084180372757,0.0,0.06,1001.0,0.05609907854857261,0.13360849732769095,0.2970430155582684,0.5200814056608627,0.7088135951586791,5,3210970925
kappa_2,1.0,1.0,1.0,2,16,sensitivity,1000,16,kappa,2,30,1000,2000,False,completed,0,0,4.0,16.0,0.3391215000000001,0.003,1,1000,1.0,0.007382378732378732,4.753973973973974,8.0,0.03665496700846477,0.34324210748164885,0.2986595990625652,686.4842149632977,0.012036084180372757,0.0,0.065,1001.0,0.0569584288786053,0.13215514939525513,0.2986595990625652,0.5089067665051663,0.7038856891566846,6,4204298959
kappa_2,1.0,1.0,1.0,2,16,sensitivity,1000,16,kappa,2,30,1000,2000,False,completed,0,0,4.0,16.0,0.3321580000000002,0.005,1,1000,1.0,0.013048268398268397,4.787103103103103,8.0,0.07927039272944601,0.34256805569675974,0.2889114763518933,685.1361113935195,0.012036084180372757,0.0,0.065,1001.0,0.052641771381545924,0.13955846611850398,0.2889114763518933,0.5037499896556368,0.720861995567309,7,3475251185
kappa_2,1.0,1.0,1.0,2,16,sensitivity,1000,16,kappa,2,30,1000,2000,False,completed,0,0,4.0,16.0,0.33952950000000004,0.005,1,1000,1.0,0.010818265068265068,4.745873873873874,8.0,0.05573359183290148,0.35619468176203384,0.30566355753965935,712.3893635240677,0.012036084180372757,0.0,0.064,1001.0,0.06228186544566519,0.13993951376138317,0.30566355753965935,0.533724983712305,0.739899889212448,8,31991085
kappa_2,1.0,1.0,1.0,2,16,sensitivity,1000,16,kappa,2,30,1000,2000,False,completed,0,0,4.0,16.0,0.33189250000000015,0.007,1,1000,1.0,0.00772026307026307,4.795545545545545,8.0,0.08747085402843702,0.344717259666049,0.29774879568066737,689.434519332098,0.012036084180372757,0.0,0.059,1001.0,0.05517305562838763,0.1403486566100518,0.29774879568066737,0.5042805569026222,0.7083408539445608,9,2196759066
kappa_2,1.0,1.0,1.0,2,16,sensitivity,1000,16,kappa,2,30,1000,2000,False,completed,0,0,4.0,16.0,0.34203000000000006,0.005,1,1000,1.0,0.008181746031746031,4.735723723723724,8.0,0.0520103254783619,0.3482977388015107,0.29593659652581217,696.5954776030214,0.012036084180372757,0.0,0.07,1001.0,0.05464082920110334,0.12664985757291025,0.29593659652581217,0.5269182329288024,0.731226802059355,10,3395572837
kappa_2,1.0,1.0,1.0,2,16,sensitivity,1000,16,kappa,2,30,1000,2000,False,completed,0,0,4.0,16.0,0.33639600000000014,0.003,1,1000,1.0,0.007874888999889,4.783841841841842,8.0,0.030739601823460614,0.3510032853853655,0.30455013441672496,702.0065707707311,0.012036084180372757,0.0,0.06,1001.0,0.05182959205768125,0.13656679834792163,0.30455013441672496,0.5261016000872466,0.7210564201005464,11,93120535
kappa_2,1.0,1.0,1.0,2,16,sensitivity,1000,16,kappa,2,30,1000,2000,False,completed,0,0,4.0,16.0,0.3352035000000002,0.003,1,1000,1.0,0.009475069375069374,4.788194194194194,8.0,0.08058876294265127,0.3480137267529259,0.3016554588421717,696.0274535058518,0.012036084180372757,0.0,0.064,1001.0,0.05174779878730773,0.13789573570302938,0.3016554588421717,0.5174853312411465,0.7148040531223451,12,2001599240
kappa_2,1.0,1.0,1.0,2,16,sensitivity,1000,16,kappa,2,30,1000,2000,False,completed,0,0,4.0,16.0,0.33767950000000013,0.004,1,1000,1.0,0.008465767565767566,4.737555555555556,8.0,0.03915124314470197,0.3477044549384019,0.2939425828086405,695.4089098768038,0.012036084180372757,0.0,0.067,1001.0,0.0489548348334624,0.12800405506252702,0.2939425828086405,0.5274702628280876,0.7412140681681471,13,3091765379
kappa_2,1.0,1.0,1.0,2,16,sensitivity,1000,16,kappa,2,30,1000,2000,False,completed,0,0,4.0,16.0,0.33677350000000006,0.003,1,1000,1.0,0.00939018204018204,4.76252052052052,8.0,0.05466463308482163,0.35248349742531887,0.306132896391815,704.9669948506378,0.012036084180372757,0.0,0.068,1001.0,0.05531765734197986,0.1378384559779528,0.306132896391815,0.5310148883822384,0.7307579600723089,14,2052611220
kappa_2,1.0,1.0,1.0,2,16,sensitivity,1000,16,kappa,2,30,1000,2000,False,completed,0,0,4.0,16.0,0.3395730000000001,0.001,1,1000,1.0,0.009114690864690864,4.745063063063063,8.0,0.058563358826883634,0.3520363469584159,0.30686368500522376,704.0726939168318,0.012036084180372757,0.0,0.064,1001.0,0.05877552863333471,0.1417626047543512,0.30686368500522376,0.5235074400659242,0.7294975457390886,15,270186047
kappa_2,1.0,1.0,1.0,2,16,sensitivity,1000,16,kappa,2,30,1000,2000,False,completed,0,0,4.0,16.0,0.33367500000000017,0.006,1,1000,1.0,0.010982270507270506,4.765431431431431,8.0,0.0734725998284532,0.3557911945387577,0.30779083744083163,711.5823890775154,0.012036084180372757,0.0,0.063,1001.0,0.05670346049601978,0.13740511213224493,0.30779083744083163,0.531789505657202,0.7384139924237042,16,1573224430
kappa_2,1.0,1.0,1.0,2,16,sensitivity,1000,16,kappa,2,30,1000,2000,False,completed,0,0,4.0,16.0,0.338581,0.005,1,1000,1.0,0.00869610667110667,4.7434594594594595,8.0,0.06986314822274763,0.34260489868538524,0.2915825477976266,685.2097973707705,0.012036084180372757,0.0,0.065,1001.0,0.057716636868972465,0.13863163464065786,0.2915825477976266,0.5069705939896885,0.7038567973916543,17,172875982
kappa_2,1.0,1.0,1.0,2,16,sensitivity,1000,16,kappa,2,30,1000,2000,False,completed,0,0,4.0,16.0,0.3322210000000001,0.001,1,1000,1.0,0.007712332112332112,4.813363363363363,9.0,0.04897964809985447,0.34304605102142177,0.2915006104395973,686.0921020428435,0.012036084180372757,0.0,0.066,1001.0,0.057055308467169635,0.13151533766490217,0.2915006104395973,0.4973860417896287,0.7294370324824763,18,1045424013
kappa_2,1.0,1.0,1.0,2,16,sensitivity,1000,16,kappa,2,30,1000,2000,False,completed,0,0,4.0,16.0,0.331542,0.004,1,1000,1.0,0.008888034188034188,4.7904524524524525,8.0,0.062261943125113454,0.35491126758386715,0.3020987905436333,709.8225351677343,0.012036084180372757,0.0,0.064,1001.0,0.06015223994640131,0.1432513722512746,0.3020987905436333,0.5319814547153588,0.7332035824965648,19,3093240342
kappa_2,1.0,1.0,1.0,2,16,sensitivity,1000,16,kappa,2,30,1000,2000,False,completed,0,0,4.0,16.0,0.33261050000000014,0.004,1,1000,1.0,0.0031256493506493506,4.764308308308308,8.0,0.09190436549790333,0.34949912615248924,0.2971937801792439,698.9982523049785,0.012036084180372757,0.0,0.061,1001.0,0.05760830008476785,0.13524582456283338,0.2971937801792439,0.5271884925348926,0.7267574048143949,20,3441561004
kappa_2,1.0,1.0,1.0,2,16,sensitivity,1000,16,kappa,2,30,1000,2000,False,completed,0,0,4.0,16.0,0.3387990000000001,0.006,1,1000,1.0,0.009613983238983239,4.744924924924925,8.0,0.06239317357767869,0.35964575560779916,0.30957100062589354,719.2915112155983,0.012036084180372757,0.0,0.062,1001.0,0.054904942125915374,0.13492626522265774,0.30957100062589354,0.5420952961529633,0.7514196369771255,21,1156993020
kappa_2,1.0,1.0,1.0,2,16,sensitivity,1000,16,kappa,2,30,1000,2000,False,completed,0,0,4.0,16.0,0.3374520000000001,0.002,1,1000,1.0,0.005661047286047286,4.762204204204204,8.0,0.0684489182308191,0.3402839040547102,0.28231728402909745,680.5678081094204,0.012036084180372757,0.0,0.062,1001.0,0.05119328917949404,0.13009211743191237,0.28231728402909745,0.5071356176843157,0.7310947798587611,22,3535793209
kappa_2,1.0,1.0,1.0,2,16,sensitivity,1000,16,kappa,2,30,1000,2000,False,completed,0,0,4.0,16.0,0.3396555000000001,0.005,1,1000,1.0,0.010456934731934733,4.7385525525525525,8.0,0.06202616189217422,0.34515632367101706,0.29952060986904716,690.3126473420341,0.012036084180372757,0.0,0.074,1001.0,0.053931919708659785,0.14310932234847998,0.29952060986904716,0.5111351173947903,0.6993896984247182,23,520694885
kappa_2,1.0,1.0,1.0,2,16,sensitivity,1000,16,kappa,2,30,1000,2000,False,completed,0,0,4.0,16.0,0.3343205,0.005,1,1000,1.0,0.010097113997113997,4.788874874874875,8.0,0.08045068704891235,0.3486226729029396,0.2925821157745334,697.2453458058792,0.012036084180372757,0.0,0.063,1001.0,0.05457950342806034,0.1371090597385628,0.2925821157745334,0.5102525972356845,0.7365275990147944,24,2069185758
kappa_2,1.0,1.0,1.0,2,16,sensitivity,1000,16,kappa,2,30,1000,2000,False,completed,0,0,4.0,16.0,0.33772650000000004,0.004,1,1000,1.0,0.010133327783327782,4.7551411411411415,8.0,0.07237350395145208,0.352511186717182,0.30803785856840393,705.022373434364,0.012036084180372757,0.0,0.064,1001.0,0.061127215692513205,0.14360508468160188,0.30803785856840393,0.5087517044662149,0.7352519282944532,25,2640110553
kappa_2,1.0,1.0,1.0,2,16,sensitivity,1000,16,kappa,2,30,1000,2000,False,completed,0,0,4.0,16.0,0.3395695000000001,0.004,1,1000,1.0,0.012503671328671329,4.759887887887888,8.0,0.06346374507290725,0.35366260568135555,0.3074764636380216,707.3252113627111,0.012036084180372757,0.0,0.064,1001.0,0.05124376865389933,0.14282452347875205,0.3074764636380216,0.5314228567100558,0.7305761537213682,26,1660927782
kappa_2,1.0,1.0,1.0,2,16,sensitivity,1000,16,kappa,2,30,1000,2000,False,completed,0,0,4.0,16.0,0.3309645000000001,0.003,1,1000,1.0,0.011852702852702852,4.779063063063063,8.0,0.07584428671824826,0.3459582982789504,0.305014345351782,691.9165965579008,0.012036084180372757,0.0,0.062,1001.0,0.048622357647718474,0.13527809459399195,0.305014345351782,0.5111546734507177,0.7227511326594325,27,1447490529
kappa_2,1.0,1.0,1.0,2,16,sensitivity,1000,16,kappa,2,30,1000,2000,False,completed,0,0,4.0,16.0,0.33987500000000015,0.01,1,1000,1.0,0.007047724497724498,4.740842842842842,8.0,0.07356408035202466,0.3382810323409083,0.28660946192887715,676.5620646818165,0.012036084180372757,0.0,0.065,1001.0,0.05632029592833565,0.12939422960700714,0.28660946192887715,0.49736071233837986,0.7097901546343458,28,826776827
kappa_2,1.0,1.0,1.0,2,16,sensitivity,1000,16,kappa,2,30,1000,2000,False,completed,0,0,4.0,16.0,0.3363705000000001,0.003,1,1000,1.0,0.01166076146076146,4.745369369369369,8.0,0.07658326887583197,0.3441885332484692,0.2987998459440973,688.3770664969384,0.012036084180372757,0.0,0.07,1001.0,0.051936564390729925,0.12893462137107553,0.2987998459440973,0.5060733251183127,0.7136905955924154,29,3871795737
kappa_4,1.0,1.0,1.0,4,16,sensitivity,1000,16,kappa,4,30,1000,3990,False,completed,0,0,7.98,16.0,0.25899348370927333,0.04,1,1000,1.0,0.014067060717060716,3.5826546546546547,6.0,0.2643457401755808,0.35247696841134557,0.302487449223791,1406.3831039612687,0.008044116260549126,0.0,0.309,2991.0,0.05651372813942961,0.13759653157671387,0.302487449223791,0.529249336352602,0.7366893492736263,0,1073655310
kappa_4,1.0,1.0,1.0,4,16,sensitivity,1000,16,kappa,4,30,1000,3990,False,completed,0,0,7.98,16.0,0.2579731829573937,0.035,1,1000,1.0,0.016137218337218335,3.575075075075075,6.0,0.25467408799922425,0.3478408048593568,0.29193456845463894,1387.8848113888337,0.008044116260549126,0.0,0.315,2991.0,0.05737590080778621,0.1343643808183763,0.29193456845463894,0.5179015621726581,0.7313555302678726,1,408180111
kappa_4,1.0,1.0,1.0,4,16,sensitivity,1000,16,kappa,4,30,1000,3990,False,completed,0,0,7.98,16.0,0.26113609022556394,0.046,1,1000,1.0,0.013922086247086247,3.57629029029029,6.0,0.2603100338614916,0.353789591575408,0.30875464483111925,1411.620470385878,0.008044116260549126,0.0,0.307,2991.0,0.059737784578503074,0.14868447522918704,0.30875464483111925,0.5185227861582412,0.72406008455876,2,2093430949
kappa_4,1.0,1.0,1.0,4,16,sensitivity,1000,16,kappa,4,30,1000,3990,False,completed,0,0,7.98,16.0,0.2590949874686719,0.051,1,1000,1.0,0.015667057942057944,3.5787207207207206,6.0,0.249479035691619,0.3526476050959777,0.298115937365489,1407.063944332951,0.008044116260549126,0.0,0.299,2991.0,0.057274228473861384,0.13884722851230036,0.298115937365489,0.5228037706030009,0.7376777982991034,3,2570996876
kappa_4,1.0,1.0,1.0,4,16,sensitivity,1000,16,kappa,4,30,1000,3990,False,completed,0,0,7.98,16.0,0.2620320802005014,0.058,1,1000,1.0,0.017213875013875016,3.572962962962963,6.0,0.2591651787186867,0.34931452846055944,0.29986862993949787,1393.764968557632,0.008044116260549126,0.0,0.307,2991.0,0.056330893325597056,0.13560758708214032,0.29986862993949787,0.5143041526138938,0.7390395423516679,4,99409670
kappa_4,1.0,1.0,1.0,4,16,sensitivity,1000,16,kappa,4,30,1000,3990,False,completed,0,0,7.98,16.0,0.25867192982456144,0.047,1,1000,1.0,0.014740320790320791,3.5816376376376375,6.0,0.265804250262584,0.34482915101231293,0.2940291285616431,1375.8683125391285,0.008044116260549126,0.0,0.305,2991.0,0.051877428206575364,0.13312215807348343,0.2940291285616431,0.5151646064123525,0.7206915319119641,5,2549656993
kappa_4,1.0,1.0,1.0,4,16,sensitivity,1000,16,kappa,4,30,1000,3990,False,completed,0,0,7.98,16.0,0.2588967418546366,0.046,1,1000,1.0,0.016709271284271285,3.5790850850850853,6.0,0.25417654334490897,0.3522034589734424,0.3027076193728007,1405.2918013040353,0.008044116260549126,0.0,0.308,2991.0,0.0563803364346115,0.14218474866494651,0.3027076193728007,0.5192137580165138,0.7311593086447957,6,2712546497
kappa_4,1.0,1.0,1.0,4,16,sensitivity,1000,16,kappa,4,30,1000,3990,False,completed,0,0,7.98,16.0,0.25770927318295755,0.04,1,1000,1.0,0.014961735486735487,3.5822762762762763,6.0,0.270706991531834,0.34950533137125445,0.29983650621407004,1394.5262721713052,0.008044116260549126,0.0,0.309,2991.0,0.05925311842820804,0.14261269974194224,0.29983650621407004,0.5180074978265481,0.7251219752295768,7,1110645176
kappa_4,1.0,1.0,1.0,4,16,sensitivity,1000,16,kappa,4,30,1000,3990,False,completed,0,0,7.98,16.0,0.2608378446115289,0.045,1,1000,1.0,0.015758666333666335,3.5773113113113113,6.0,0.23106212016891914,0.3552567533799821,0.30500093558147656,1417.4744459861286,0.008044116260549126,0.0,0.317,2991.0,0.057723032293426416,0.14137346995726685,0.30500093558147656,0.5228921097769439,0.736122241910275,8,401162289
kappa_4,1.0,1.0,1.0,4,16,sensitivity,1000,16,kappa,4,30,1000,3990,False,completed,0,0,7.98,16.0,0.2611032581453636,0.052,1,1000,1.0,0.015044799644799644,3.573101101101101,6.0,0.2589842342341555,0.35000096127104,0.3034247153465545,1396.5038354714497,0.008044116260549126,0.0,0.308,2991.0,0.05625816163451278,0.13883623328332378,0.3034247153465545,0.5220086292567433,0.7190322914637892,9,173933775
kappa_4,1.0,1.0,1.0,4,16,sensitivity,1000,16,kappa,4,30,1000,3990,False,completed,0,0,7.98,16.0,0.26021428571428573,0.045,1,1000,1.0,0.013537659562659564,3.580828828828829,6.0,0.25610988978991006,0.3583614490901692,0.3063827352486713,1429.8621818697752,0.008044116260549126,0.0,0.307,2991.0,0.05315863708036073,0.1387632658461372,0.3063827352486713,0.5365248830428764,0.7397689809729047,10,523117619
kappa_4,1.0,1.0,1.0,4,16,sensitivity,1000,16,kappa,4,30,1000,3990,False,completed,0,0,7.98,16.0,0.2614609022556391,0.055,1,1000,1.0,0.013897949272949272,3.5757397397397397,6.0,0.25479930468384593,0.3472465517179194,0.2941941445303172,1385.5137413544985,0.008044116260549126,0.0,0.302,2991.0,0.0530473186491272,0.14135389949180405,0.2941941445303172,0.5164988979123137,0.7241935164768171,11,3458569949
kappa_4,1.0,1.0,1.0,4,16,sensitivity,1000,16,kappa,4,30,1000,3990,False,completed,0,0,7.98,16.0,0.25844486215538853,0.053,1,1000,1.0,0.013820596070596072,3.5807027027027027,6.0,0.26638635262516813,0.35017830703519687,0.3002273001390209,1397.2114450704355,0.008044116260549126,0.0,0.296,2991.0,0.057468459892310864,0.13901989116087915,0.3002273001390209,0.5141589865298866,0.7217272496003914,12,3291797272
kappa_4,1.0,1.0,1.0,4,16,sensitivity,1000,16,kappa,4,30,1000,3990,False,completed,0,0,7.98,16.0,0.2586859649122808,0.047,1,1000,1.0,0.01649415306915307,3.576122122122122,6.0,0.23850461704686396,0.35910339441800443,0.3098247145203832,1432.8225437278377,0.008044116260549126,0.0,0.312,2991.0,0.05999197338628807,0.1463410815532675,0.3098247145203832,0.5291071165518174,0.7517633199634457,13,2454290691
kappa_4,1.0,1.0,1.0,4,16,sensitivity,1000,16,kappa,4,30,1000,3990,False,completed,0,0,7.98,16.0,0.2604741854636592,0.042,1,1000,1.0,0.013663766788766787,3.5761841841841844,6.0,0.25864606596938594,0.35104082346363824,0.30918134698975525,1400.6528856199166,0.008044116260549126,0.0,0.31,2991.0,0.055605765065543024,0.13885370358211335,0.30918134698975525,0.5217593050336432,0.7168886379020195,14,1871577793
kappa_4,1.0,1.0,1.0,4,16,sensitivity,1000,16,kappa,4,30,1000,3990,False,completed,0,0,7.98,16.0,0.25639498746867173,0.045,1,1000,1.0,0.01824161394161394,3.5831451451451453,6.0,0.2753293420259061,0.35750806368522886,0.31004664407868365,1426.4571741040631,0.008044116260549126,0.0,0.319,2991.0,0.05581076562674566,0.14366252031300042,0.31004664407868365,0.5352206200252838,0.7414402818375195,15,2934190947
kappa_4,1.0,1.0,1.0,4,16,sensitivity,1000,16,kappa,4,30,1000,3990,False,completed,0,0,7.98,16.0,0.25826065162907286,0.05,1,1000,1.0,0.012989357864357863,3.580126126126126,6.0,0.28326098315533804,0.35372696750875493,0.29926876945461656,1411.3706003599323,0.008044116260549126,0.0,0.31,2991.0,0.05315022644436385,0.13686977811818593,0.29926876945461656,0.5278842609913104,0.7400040779258859,16,4186707717
kappa_4,1.0,1.0,1.0,4,16,sensitivity,1000,16,kappa,4,30,1000,3990,False,completed,0,0,7.98,16.0,0.25610751879699256,0.045,1,1000,1.0,0.01710509768009768,3.5857897897897897,6.0,0.29154783698989933,0.361972427128967,0.31845610555670323,1444.2699842445784,0.008044116260549126,0.0,0.307,2991.0,0.060191293503600966,0.14605546186197013,0.31845610555670323,0.5346978022002904,0.7377464202966759,17,1679803778
kappa_4,1.0,1.0,1.0,4,16,sensitivity,1000,16,kappa,4,30,1000,3990,False,completed,0,0,7.98,16.0,0.25655664160401015,0.046,1,1000,1.0,0.01464537407037407,3.5802002002002,6.0,0.2722492029468881,0.36026323174085445,0.31031064890821214,1437.4502946460093,0.008044116260549126,0.0,0.31,2991.0,0.05710180063408737,0.14592089315069373,0.31031064890821214,0.5319551495903563,0.7560639154627057,18,49938444
kappa_4,1.0,1.0,1.0,4,16,sensitivity,1000,16,kappa,4,30,1000,3990,False,completed,0,0,7.98,16.0,0.26123233082706787,0.047,1,1000,1.0,0.015446400821400821,3.5742882882882885,6.0,0.24991813127714177,0.3444183064918508,0.30388480709338583,1374.2290429024847,0.008044116260549126,0.0,0.326,2991.0,0.05415467001886436,0.1386940960897864,0.30388480709338583,0.5070138006994356,0.7114366813813037,19,4230710362
kappa_4,1.0,1.0,1.0,4,16,sensitivity,1000,16,kappa,4,30,1000,3990,False,completed,0,0,7.98,16.0,0.25718020050125334,0.049,1,1000,1.0,0.014947175047175047,3.578242242242242,6.0,0.269392416709349,0.3460450885256243,0.29626603156822306,1380.7199032172412,0.008044116260549126,0.0,0.316,2991.0,0.05701157166076964,0.13927130857638642,0.29626603156822306,0.510646397865271,0.7125690089501487,20,968845233
kappa_4,1.0,1.0,1.0,4,16,sensitivity,1000,16,kappa,4,30,1000,3990,False,completed,0,0,7.98,16.0,0.2605020050125315,0.049,1,1000,1.0,0.01434633422133422,3.5776536536536536,6.0,0.250906144375395,0.3598470806239382,0.315762274615463,1435.7898516895134,0.008044116260549126,0.0,0.306,2991.0,0.057941947117006565,0.13998558856709423,0.315762274615463,0.5333410316799133,0.745461162833047,21,684460099
kappa_4,1.0,1.0,1.0,4,16,sensitivity,1000,16,kappa,4,30,1000,3990,False,completed,0,0,7.98,16.0,0.25704611528822063,0.045,1,1000,1.0,0.014715734265734266,3.5807467467467466,6.0,0.26350976641393276,0.3542030295127594,0.3050656915466795,1413.27008775591,0.008044116260549126,0.0,0.317,2991.0,0.055995572561095414,0.14203080065048665,0.3050656915466795,0.5271511645062142,0.7274747973062845,22,4014009639
kappa_4,1.0,1.0,1.0,4,16,sensitivity,1000,16,kappa,4,30,1000,3990,False,completed,0,0,7.98,16.0,0.25680350877193003,0.05,1,1000,1.0,0.015471608946608945,3.5836876876876875,6.0,0.27556518721622447,0.3600318685091359,0.3179974009613434,1436.5271553514522,0.008044116260549126,0.0,0.308,2991.0,0.06035908901221098,0.14855493404209755,0.3179974009613434,0.5331664369645872,0.7350378896408333,23,1822182184
kappa_4,1.0,1.0,1.0,4,16,sensitivity,1000,16,kappa,4,30,1000,3990,False,completed,0,0,7.98,16.0,0.25894862155388476,0.051,1,1000,1.0,0.014821356421356421,3.5811131131131133,6.0,0.2764947577433896,0.35464180090615116,0.3074889497830942,1415.0207856155432,0.008044116260549126,0.0,0.319,2991.0,0.05923846791268899,0.1405489428954955,0.3074889497830942,0.5251094605106168,0.7275296571575066,24,1658630718
kappa_4,1.0,1.0,1.0,4,16,sensitivity,1000,16,kappa,4,30,1000,3990,False,completed,0,0,7.98,16.0,0.25832631578947374,0.043,1,1000,1.0,0.015702222777222778,3.583113113113113,6.0,0.28057119432886285,0.34817828942637974,0.3024649697403999,1389.2313748112551,0.008044116260549126,0.0,0.311,2991.0,0.058108513869362624,0.14038845598867522,0.3024649697403999,0.5161967431765198,0.7111656899661712,25,213919175
kappa_4,1.0,1.0,1.0,4,16,sensitivity,1000,16,kappa,4,30,1000,3990,False,completed,0,0,7.98,16.0,0.26083959899749387,0.05,1,1000,1.0,0.015617196692196692,3.5744324324324324,6.0,0.2634252420350382,0.34820377335571506,0.29901030904137005,1389.3330556893031,0.008044116260549126,0.0,0.294,2991.0,0.059638352073628574,0.1377543670255072,0.29901030904137005,0.5193052542299186,0.7162027065633436,26,3315521998
kappa_4,1.0,1.0,1.0,4,16,sensitivity,1000,16,kappa,4,30,1000,3990,False,completed,0,0,7.98,16.0,0.2572749373433585,0.052,1,1000,1.0,0.01755869130869131,3.5837597597597597,6.0,0.2660712705657993,0.3546247681462157,0.3017779468691671,1414.9528249034006,0.008044116260549126,0.0,0.306,2991.0,0.055877030063551845,0.13764530922107782,0.3017779468691671,0.5246940866242802,0.735011721624222,27,300915079
kappa_4,1.0,1.0,1.0,4,16,sensitivity,1000,16,kappa,4,30,1000,3990,False,completed,0,0,7.98,16.0,0.2559974937343359,0.05,1,1000,1.0,0.015119527694527693,3.584084084084084,6.0,0.27892745273028646,0.34766503715829805,0.2981829328617146,1387.1834982616092,0.008044116260549126,0.0,0.307,2991.0,0.057649031430834455,0.14067827958759652,0.2981829328617146,0.5192423219413693,0.7178172093940288,28,2959809339
kappa_4,1.0,1.0,1.0,4,16,sensitivity,1000,16,kappa,4,30,1000,3990,False,completed,0,0,7.98,16.0,0.2608192982456141,0.041,1,1000,1.0,0.015767016317016318,3.577183183183183,6.0,0.23796218369725433,0.3461258013517142,0.29879241639983845,1381.0419473933398,0.008044116260549126,0.0,0.315,2991.0,0.05771994594668011,0.13839537739791286,0.29879241639983845,0.5152507705652538,0.7057393778729445,29,3647547465
K_8,1.0,1.0,1.0,2,8,sensitivity,1000,8,K,8,30,1000,2000,False,completed,0,0,4.0,8.0,0.2739830000000001,0.081,1,1000,1.0,0.007142857142857143,5.156820820820821,9.0,0.15543277675462025,0.34486300807013526,0.2914459443165392,689.7260161402705,0.004012028060124253,0.0,0.0,1001.0,0.05437976255076366,0.12844985701461112,0.2914459443165392,0.51392620547395,0.7312543888721255,0,906552283
K_8,1.0,1.0,1.0,2,8,sensitivity,1000,8,K,8,30,1000,2000,False,completed,0,0,4.0,8.0,0.2773975000000002,0.09,1,1000,1.0,0.006314285714285714,5.15642042042042,9.0,0.12307962628187265,0.34534640109686404,0.29498423107441335,690.6928021937281,0.004012028060124253,0.0,0.0,1001.0,0.05385136298205938,0.13511568273991048,0.29498423107441335,0.5134931292819223,0.7236981256776092,1,2663598495
K_8,1.0,1.0,1.0,2,8,sensitivity,1000,8,K,8,30,1000,2000,False,completed,0,0,4.0,8.0,0.28029550000000003,0.088,1,1000,1.0,0.0087,5.13364964964965,9.0,0.1063354723082302,0.3545423043538709,0.30707916256692447,709.0846087077418,0.004012028060124253,0.0,0.0,1001.0,0.05610464344780333,0.13952549021081934,0.30707916256692447,0.5251620288535946,0.722991741306706,2,164622592
K_8,1.0,1.0,1.0,2,8,sensitivity,1000,8,K,8,30,1000,2000,False,completed,0,0,4.0,8.0,0.27775550000000004,0.086,1,1000,1.0,0.005733333333333333,5.140554554554554,9.0,0.12402352135977418,0.3519892032311409,0.3078436238050424,703.9784064622818,0.004012028060124253,0.0,0.0,1001.0,0.06113411638215479,0.13730832119765846,0.3078436238050424,0.5210759001136454,0.7372312962315407,3,1970653847
K_8,1.0,1.0,1.0,2,8,sensitivity,1000,8,K,8,30,1000,2000,False,completed,0,0,4.0,8.0,0.27471650000000003,0.082,1,1000,1.0,0.004628571428571428,5.164506506506506,9.0,0.1297311406045113,0.3489627461916677,0.29629196594768814,697.9254923833355,0.004012028060124253,0.0,0.0,1001.0,0.06175784667248876,0.1402727115311183,0.29629196594768814,0.5156886082323702,0.7247011380810277,4,161369314
K_8,1.0,1.0,1.0,2,8,sensitivity,1000,8,K,8,30,1000,2000,False,completed,0,0,4.0,8.0,0.2769165,0.097,1,1000,1.0,0.01076190476190476,5.145433433433434,9.0,0.14030181523578517,0.3543602609655352,0.29927718175723306,708.7205219310704,0.004012028060124253,0.0,0.0,1001.0,0.055791308450571266,0.13660675093915137,0.29927718175723306,0.5299187462744988,0.7344993890733111,5,1456634287
K_8,1.0,1.0,1.0,2,8,sensitivity,1000,8,K,8,30,1000,2000,False,completed,0,0,4.0,8.0,0.27729800000000004,0.092,1,1000,1.0,0.008566666666666667,5.142714714714715,9.0,0.11952181628048374,0.3494233696847855,0.2934688399792077,698.846739369571,0.004012028060124253,0.0,0.0,1001.0,0.05693814417322595,0.14214056814849862,0.2934688399792077,0.5197679717102961,0.7210970076936647,6,4134207296
K_8,1.0,1.0,1.0,2,8,sensitivity,1000,8,K,8,30,1000,2000,False,completed,0,0,4.0,8.0,0.27726150000000005,0.092,1,1000,1.0,0.003735714285714286,5.133551551551552,9.0,0.14455752559711563,0.35694147377286617,0.30234132630761235,713.8829475457323,0.004012028060124253,0.0,0.0,1001.0,0.057237843445470414,0.1392998426812281,0.30234132630761235,0.5319431757851315,0.7425694780489818,7,2748542574
K_8,1.0,1.0,1.0,2,8,sensitivity,1000,8,K,8,30,1000,2000,False,completed,0,0,4.0,8.0,0.2767145000000002,0.092,1,1000,1.0,0.01045,5.151717717717718,9.0,0.1302968443862192,0.3549812237745069,0.3063143911094308,709.9624475490139,0.004012028060124253,0.0,0.0,1001.0,0.05604288640708343,0.14062702201743565,0.3063143911094308,0.5324799423191339,0.7321666442556599,8,3763575104
K_8,1.0,1.0,1.0,2,8,sensitivity,1000,8,K,8,30,1000,2000,False,completed,0,0,4.0,8.0,0.27657450000000017,0.091,1,1000,1.0,0.011476190476190477,5.148598598598599,9.0,0.12615978762155358,0.3528389007862079,0.2992091658057983,705.6778015724158,0.004012028060124253,0.0,0.0,1001.0,0.0524787291962111,0.13589822054952266,0.2992091658057983,0.5227360821377083,0.7355035497461063,9,495490252
K_8,1.0,1.0,1.0,2,8,sensitivity,1000,8,K,8,30,1000,2000,False,completed,0,0,4.0,8.0,0.27498,0.089,1,1000,1.0,0.006133333333333333,5.163441441441441,9.0,0.13842697394175665,0.3502514101663178,0.2962555655217626,700.5028203326356,0.004012028060124253,0.0,0.0,1001.0,0.04992044105032556,0.134807985956951,0.2962555655217626,0.5280210654054805,0.7384831641417372,10,2818131024
K_8,1.0,1.0,1.0,2,8,sensitivity,1000,8,K,8,30,1000,2000,False,completed,0,0,4.0,8.0,0.27491050000000006,0.096,1,1000,1.0,0.008857142857142857,5.149539539539539,9.0,0.13609832903925162,0.3455788538706364,0.2904010908514951,691.1577077412728,0.004012028060124253,0.0,0.0,1001.0,0.05451105861707095,0.13244565084776133,0.2904010908514951,0.511552460910635,0.7260935085512086,11,1213388026
K_8,1.0,1.0,1.0,2,8,sensitivity,1000,8,K,8,30,1000,2000,False,completed,0,0,4.0,8.0,0.27450850000000004,0.092,1,1000,1.0,0.007011904761904762,5.146896896896897,9.0,0.139296629808366,0.35528053904828594,0.30696530283732293,710.5610780965719,0.004012028060124253,0.0,0.0,1001.0,0.05464545724327028,0.1388435686552415,0.30696530283732293,0.5348868925426267,0.7352176443682955,12,2819086461
K_8,1.0,1.0,1.0,2,8,sensitivity,1000,8,K,8,30,1000,2000,False,completed,0,0,4.0,8.0,0.2777510000000001,0.089,1,1000,1.0,0.009895238095238096,5.150198198198198,9.0,0.12614049074320155,0.3505848220070879,0.2966829333166626,701.1696440141758,0.004012028060124253,0.0,0.0,1001.0,0.057060426434695805,0.14034131433145708,0.2966829333166626,0.515331753563417,0.7460048318781441,13,3484621344
K_8,1.0,1.0,1.0,2,8,sensitivity,1000,8,K,8,30,1000,2000,False,completed,0,0,4.0,8.0,0.2793770000000002,0.092,1,1000,1.0,0.0035023809523809526,5.119071071071071,9.0,0.09869865289602892,0.33967023225217363,0.29258785550614785,679.3404645043472,0.004012028060124253,0.0,0.0,1001.0,0.05299706373241775,0.13233934466025837,0.29258785550614785,0.5054224154405933,0.7127834368872932,14,1856142591
K_8,1.0,1.0,1.0,2,8,sensitivity,1000,8,K,8,30,1000,2000,False,completed,0,0,4.0,8.0,0.2759600000000002,0.09,1,1000,1.0,0.008088095238095238,5.151571571571572,9.0,0.12358356391808063,0.35008829849471396,0.29778972458001707,700.1765969894279,0.004012028060124253,0.0,0.0,1001.0,0.05431052509847232,0.14214128200501475,0.29778972458001707,0.5159559629058905,0.7349608126968713,15,583890107
K_8,1.0,1.0,1.0,2,8,sensitivity,1000,8,K,8,30,1000,2000,False,completed,0,0,4.0,8.0,0.27461100000000016,0.085,1,1000,1.0,0.005695238095238095,5.150624624624625,9.0,0.13109860521178565,0.34642944155902017,0.29807107156162393,692.8588831180404,0.004012028060124253,0.0,0.0,1001.0,0.05294288964153776,0.1309321914008561,0.29807107156162393,0.5176743691602713,0.7218106772922093,16,952609749
K_8,1.0,1.0,1.0,2,8,sensitivity,1000,8,K,8,30,1000,2000,False,completed,0,0,4.0,8.0,0.2787565000000001,0.092,1,1000,1.0,0.0045880952380952375,5.148242242242242,9.0,0.12179125592031825,0.35666738982732876,0.30651738125670064,713.3347796546575,0.004012028060124253,0.0,0.0,1001.0,0.05539014935963387,0.14243765994819613,0.30651738125670064,0.530457703383382,0.7441915062597416,17,2044369624
K_8,1.0,1.0,1.0,2,8,sensitivity,1000,8,K,8,30,1000,2000,False,completed,0,0,4.0,8.0,0.28004550000000017,0.101,1,1000,1.0,0.007773809523809524,5.135603603603603,9.0,0.11875209345603371,0.35026820570960077,0.29291755367140976,700.5364114192015,0.004012028060124253,0.0,0.0,1001.0,0.057145078452770816,0.1440817746220393,0.29291755367140976,0.5155089906844673,0.7418134884987919,18,3528093948
K_8,1.0,1.0,1.0,2,8,sensitivity,1000,8,K,8,30,1000,2000,False,completed,0,0,4.0,8.0,0.2788335000000002,0.095,1,1000,1.0,0.009123809523809524,5.133045045045045,9.0,0.12478319840962013,0.3492617861655342,0.3022199883217781,698.5235723310684,0.004012028060124253,0.0,0.0,1001.0,0.06100267826651727,0.14225439344171711,0.3022199883217781,0.5159835569845611,0.7207628144750801,19,1863596175
K_8,1.0,1.0,1.0,2,8,sensitivity,1000,8,K,8,30,1000,2000,False,completed,0,0,4.0,8.0,0.2750600000000001,0.092,1,1000,1.0,0.0059690476190476195,5.140098098098098,9.0,0.15366888109181656,0.34756228057476757,0.2981686902120605,695.1245611495351,0.004012028060124253,0.0,0.0,1001.0,0.055895451148161544,0.13459759848841232,0.2981686902120605,0.5152149439451694,0.7165203415153418,20,3867123108
K_8,1.0,1.0,1.0,2,8,sensitivity,1000,8,K,8,30,1000,2000,False,completed,0,0,4.0,8.0,0.2763890000000002,0.089,1,1000,1.0,0.004126190476190476,5.1453833833833835,9.0,0.12372819349225714,0.3446529719263801,0.29879079961887545,689.3059438527603,0.004012028060124253,0.0,0.0,1001.0,0.059382628906173685,0.14187546777414303,0.29879079961887545,0.4979401467555274,0.7133816570668907,21,4006427170
K_8,1.0,1.0,1.0,2,8,sensitivity,1000,8,K,8,30,1000,2000,False,completed,0,0,4.0,8.0,0.2776235,0.083,1,1000,1.0,0.007245238095238095,5.140402402402402,9.0,0.11604136773000598,0.3453971781852431,0.3040756985423818,690.7943563704863,0.004012028060124253,0.0,0.0,1001.0,0.055836140818948,0.13954687150528994,0.3040756985423818,0.507820803735566,0.7062309346358365,22,1423615002
K_8,1.0,1.0,1.0,2,8,sensitivity,1000,8,K,8,30,1000,2000,False,completed,0,0,4.0,8.0,0.27641000000000004,0.081,1,1000,1.0,0.01229047619047619,5.157549549549549,9.0,0.11418564526947049,0.34238736646843904,0.28621741821282315,684.7747329368781,0.004012028060124253,0.0,0.0,1001.0,0.04901363195135972,0.12466467290017863,0.28621741821282315,0.5091490516383598,0.7389960029078908,23,1192795218
K_8,1.0,1.0,1.0,2,8,sensitivity,1000,8,K,8,30,1000,2000,False,completed,0,0,4.0,8.0,0.27787000000000006,0.097,1,1000,1.0,0.00666904761904762,5.141499499499499,9.0,0.12431440198159927,0.34576624434538694,0.2977822329788846,691.5324886907739,0.004012028060124253,0.0,0.0,1001.0,0.048868095059472864,0.13736360574909387,0.2977822329788846,0.5220278531579583,0.7139167959908616,24,2393373381
K_8,1.0,1.0,1.0,2,8,sensitivity,1000,8,K,8,30,1000,2000,False,completed,0,0,4.0,8.0,0.2792690000000002,0.106,1,1000,1.0,0.01165952380952381,5.13376976976977,9.0,0.12512751684137546,0.35130285838160863,0.30619037706860763,702.6057167632173,0.004012028060124253,0.0,0.0,1001.0,0.05528747074506739,0.13623586136217652,0.30619037706860763,0.5282536944955725,0.727450769453086,25,1222525305
K_8,1.0,1.0,1.0,2,8,sensitivity,1000,8,K,8,30,1000,2000,False,completed,0,0,4.0,8.0,0.2805500000000001,0.093,1,1000,1.0,0.0075880952380952375,5.134822822822823,9.0,0.0899907626985885,0.3498800701157045,0.29630021210657714,699.760140231409,0.004012028060124253,0.0,0.0,1001.0,0.057051453333923245,0.14072223984605392,0.29630021210657714,0.5248588688814763,0.7343808085962297,26,2666859028
K_8,1.0,1.0,1.0,2,8,sensitivity,1000,8,K,8,30,1000,2000,False,completed,0,0,4.0,8.0,0.276872,0.09,1,1000,1.0,0.007073809523809524,5.129031031031031,9.0,0.14290801282280163,0.35910952507038607,0.30924499838071445,718.2190501407722,0.004012028060124253,0.0,0.0,1001.0,0.05533761450260542,0.13759318329723452,0.30924499838071445,0.5387345606869336,0.7492075041106776,27,4177388609
K_8,1.0,1.0,1.0,2,8,sensitivity,1000,8,K,8,30,1000,2000,False,completed,0,0,4.0,8.0,0.2753635000000001,0.084,1,1000,1.0,0.007995238095238095,5.171343343343343,9.0,0.13783196441472048,0.35434317300002527,0.30259289519284716,708.6863460000505,0.004012028060124253,0.0,0.0,1001.0,0.052860542023305035,0.14265435148857414,0.30259289519284716,0.5351285585272505,0.7216660425070461,28,2106042269
K_8,1.0,1.0,1.0,2,8,sensitivity,1000,8,K,8,30,1000,2000,False,completed,0,0,4.0,8.0,0.2800935000000002,0.096,1,1000,1.0,0.005059523809523809,5.131459459459459,9.0,0.0912611194089258,0.3502770097816001,0.2995224916346141,700.5540195632002,0.004012028060124253,0.0,0.0,1001.0,0.05466455394106167,0.1448227166253483,0.2995224916346141,0.5142509116564586,0.7296732639292035,29,2429290177
K_16,1.0,1.0,1.0,2,16,sensitivity,1000,16,K,16,30,1000,2000,False,completed,0,0,4.0,16.0,0.3332010000000001,0.005,1,1000,1.0,0.008287817737817739,4.760008008008008,8.0,0.10589895879919989,0.35977417053894417,0.31718214453789867,719.5483410778884,0.012036084180372757,0.0,0.064,1001.0,0.05837449723747586,0.14164889609897857,0.31718214453789867,0.5260569209094723,0.7316055303631778,0,2069189209
K_16,1.0,1.0,1.0,2,16,sensitivity,1000,16,K,16,30,1000,2000,False,completed,0,0,4.0,16.0,0.3321820000000002,0.005,1,1000,1.0,0.009347857697857698,4.770888888888889,8.0,0.09708249710087134,0.35187393899206587,0.30803420412977883,703.7478779841317,0.012036084180372757,0.0,0.061,1001.0,0.05617249714314363,0.14080087982487507,0.30803420412977883,0.5253487129464596,0.7244916438157625,1,2227151816
K_16,1.0,1.0,1.0,2,16,sensitivity,1000,16,K,16,30,1000,2000,False,completed,0,0,4.0,16.0,0.33504350000000005,0.005,1,1000,1.0,0.011356254856254855,4.76156956956957,8.0,0.06567404564917764,0.35862824535434634,0.3061284850139242,717.2564907086927,0.012036084180372757,0.0,0.071,1001.0,0.05351610647271358,0.1361951491594454,0.3061284850139242,0.5459895721522983,0.7367274070297338,2,745979545
K_16,1.0,1.0,1.0,2,16,sensitivity,1000,16,K,16,30,1000,2000,False,completed,0,0,4.0,16.0,0.33912200000000015,0.005,1,1000,1.0,0.011310298035298033,4.736498498498499,8.0,0.052112868518887606,0.3442145206782667,0.2864340181624753,688.4290413565334,0.012036084180372757,0.0,0.065,1001.0,0.05367505104086633,0.13079368814322614,0.2864340181624753,0.5109335403418012,0.7235556911263824,3,3491213709
K_16,1.0,1.0,1.0,2,16,sensitivity,1000,16,K,16,30,1000,2000,False,completed,0,0,4.0,16.0,0.3413045000000001,0.003,1,1000,1.0,0.007967948717948719,4.728890890890891,8.0,0.03273037770165261,0.34846285713605407,0.2963797258056392,696.9257142721082,0.012036084180372757,0.0,0.069,1001.0,0.055970506224136476,0.13501060280628052,0.2963797258056392,0.5160124237367483,0.7331254955318981,4,4076943289
K_16,1.0,1.0,1.0,2,16,sensitivity,1000,16,K,16,30,1000,2000,False,completed,0,0,4.0,16.0,0.3397855000000001,0.005,1,1000,1.0,0.012387884337884337,4.747009009009009,8.0,0.05525694247988462,0.35200733638500037,0.29181029227784727,704.0146727700007,0.012036084180372757,0.0,0.068,1001.0,0.05307719247688607,0.13356390568056992,0.29181029227784727,0.5373954666087476,0.7493854958956485,5,2196271265
K_16,1.0,1.0,1.0,2,16,sensitivity,1000,16,K,16,30,1000,2000,False,completed,0,0,4.0,16.0,0.33261050000000014,0.001,1,1000,1.0,0.011264241314241315,4.785791791791792,8.0,0.08090385657635585,0.3406474368169256,0.2784703920261532,681.2948736338512,0.012036084180372757,0.0,0.064,1001.0,0.05325320930731556,0.12511114450057825,0.2784703920261532,0.5151150069116675,0.7224393897693338,6,4177019471
K_16,1.0,1.0,1.0,2,16,sensitivity,1000,16,K,16,30,1000,2000,False,completed,0,0,4.0,16.0,0.33403150000000004,0.005,1,1000,1.0,0.009652081252081253,4.7771311311311315,8.0,0.05750898757585728,0.34569135096172543,0.29588628345855245,691.3827019234509,0.012036084180372757,0.0,0.059,1001.0,0.05169746874732396,0.14138154089570576,0.29588628345855245,0.509507009785197,0.7149701643079102,7,4292967392
K_16,1.0,1.0,1.0,2,16,sensitivity,1000,16,K,16,30,1000,2000,False,completed,0,0,4.0,16.0,0.33820400000000017,0.003,1,1000,1.0,0.00953986013986014,4.765493493493493,8.0,0.04996805021125626,0.34668324787104904,0.29460736643276864,693.3664957420981,0.012036084180372757,0.0,0.07,1001.0,0.0565359218271635,0.1376668902228767,0.29460736643276864,0.5239414501127249,0.711895302759334,8,1115125099
K_16,1.0,1.0,1.0,2,16,sensitivity,1000,16,K,16,30,1000,2000,False,completed,0,0,4.0,16.0,0.3322925000000001,0.003,1,1000,1.0,0.009677924852924853,4.798908908908909,8.0,0.06833341038163307,0.3495377420978811,0.2942149639440241,699.0754841957621,0.012036084180372757,0.0,0.066,1001.0,0.051458281158263806,0.13718924820038375,0.2942149639440241,0.5226584033214721,0.7392733640498886,9,4118833854
K_16,1.0,1.0,1.0,2,16,sensitivity,1000,16,K,16,30,1000,2000,False,completed,0,0,4.0,16.0,0.33466450000000014,0.002,1,1000,1.0,0.009949969474969475,4.785789789789789,8.0,0.04799375716468584,0.35402738677976936,0.2957877245042003,708.0547735595387,0.012036084180372757,0.0,0.069,1001.0,0.05597820181553801,0.12705799217039665,0.2957877245042003,0.5392314524235553,0.7520423015109111,10,1539964874
K_16,1.0,1.0,1.0,2,16,sensitivity,1000,16,K,16,30,1000,2000,False,completed,0,0,4.0,16.0,0.33647550000000015,0.004,1,1000,1.0,0.007611874236874237,4.770102102102102,8.0,0.0628353118870404,0.3586032538630262,0.302129141170139,717.2065077260525,0.012036084180372757,0.0,0.061,1001.0,0.06007414995472435,0.14181322522520162,0.302129141170139,0.540034459789905,0.7534166834194415,11,2459051714
K_16,1.0,1.0,1.0,2,16,sensitivity,1000,16,K,16,30,1000,2000,False,completed,0,0,4.0,16.0,0.34380500000000014,0.009,1,1000,1.0,0.009044461094461095,4.721085085085085,8.0,0.04104430958908493,0.3491339900119441,0.2985331445882793,698.2679800238882,0.012036084180372757,0.0,0.066,1001.0,0.05584265630130719,0.14464776156220724,0.2985331445882793,0.5166250728686776,0.7124801273474781,12,399098320
K_16,1.0,1.0,1.0,2,16,sensitivity,1000,16,K,16,30,1000,2000,False,completed,0,0,4.0,16.0,0.34016900000000017,0.005,1,1000,1.0,0.007365015540015539,4.757227227227228,8.0,0.0369931141461195,0.355923412338727,0.30876539129548497,711.8468246774539,0.012036084180372757,0.0,0.066,1001.0,0.05792026483816695,0.14826781077822435,0.30876539129548497,0.5301840111967808,0.7282138763729799,13,657352203
K_16,1.0,1.0,1.0,2,16,sensitivity,1000,16,K,16,30,1000,2000,False,completed,0,0,4.0,16.0,0.3341820000000002,0.001,1,1000,1.0,0.010357029082029082,4.774528528528529,8.0,0.06852393787838677,0.3534242792691489,0.3079179799428271,706.8485585382978,0.012036084180372757,0.0,0.069,1001.0,0.05220704862934426,0.13473521501285313,0.3079179799428271,0.5292200589118208,0.735808610662346,14,1501129526
K_16,1.0,1.0,1.0,2,16,sensitivity,1000,16,K,16,30,1000,2000,False,completed,0,0,4.0,16.0,0.3284695000000002,0.003,1,1000,1.0,0.012022483072483074,4.822958958958959,9.0,0.08170448175410462,0.35263450404948676,0.30958055915294846,705.2690080989735,0.012036084180372757,0.0,0.069,1001.0,0.05988047239583267,0.14253463317883994,0.30958055915294846,0.5187094703632401,0.7156012701274719,15,3416629974
K_16,1.0,1.0,1.0,2,16,sensitivity,1000,16,K,16,30,1000,2000,False,completed,0,0,4.0,16.0,0.3382415000000001,0.002,1,1000,1.0,0.01502898767898768,4.758106106106106,8.0,0.05004657759542425,0.3497433371179445,0.29374274490311314,699.4866742358889,0.012036084180372757,0.0,0.073,1001.0,0.05857328617233402,0.1355987896631284,0.29374274490311314,0.5184704810006253,0.7290334673160564,16,509796378
K_16,1.0,1.0,1.0,2,16,sensitivity,1000,16,K,16,30,1000,2000,False,completed,0,0,4.0,16.0,0.3311075000000001,0.007,1,1000,1.0,0.007856238206238207,4.775533533533533,8.0,0.0813263628909276,0.35201354169226934,0.29862443832102953,704.0270833845386,0.012036084180372757,0.0,0.069,1001.0,0.05506404770915335,0.14321915221965337,0.29862443832102953,0.5169683155280355,0.7323340005520232,17,432335969
K_16,1.0,1.0,1.0,2,16,sensitivity,1000,16,K,16,30,1000,2000,False,completed,0,0,4.0,16.0,0.3332435,0.005,1,1000,1.0,0.005536127761127762,4.7675795795795795,9.0,0.07492879808008317,0.3475909077400154,0.2876017405497979,695.1818154800308,0.012036084180372757,0.0,0.068,1001.0,0.05167999814331568,0.13441028954162626,0.2876017405497979,0.5308463565442157,0.7372371804542103,18,2284259024
K_16,1.0,1.0,1.0,2,16,sensitivity,1000,16,K,16,30,1000,2000,False,completed,0,0,4.0,16.0,0.3381875000000001,0.002,1,1000,1.0,0.01074200244200244,4.757647647647648,8.0,0.03985186972382107,0.347602104449517,0.29351897610694855,695.204208899034,0.012036084180372757,0.0,0.067,1001.0,0.05556132605016983,0.1343810379378622,0.29351897610694855,0.5259615440636058,0.7374445062266183,19,7960110
K_16,1.0,1.0,1.0,2,16,sensitivity,1000,16,K,16,30,1000,2000,False,completed,0,0,4.0,16.0,0.3344980000000002,0.005,1,1000,1.0,0.006679695304695304,4.780106106106106,8.0,0.04534307874836007,0.3483556611696572,0.3061628759465562,696.7113223393144,0.012036084180372757,0.0,0.065,1001.0,0.059546132997678365,0.14122455910440423,0.3061628759465562,0.5068899388128296,0.7077549829614754,20,3307365823
K_16,1.0,1.0,1.0,2,16,sensitivity,1000,16,K,16,30,1000,2000,False,completed,0,0,4.0,16.0,0.34279400000000004,0.005,1,1000,1.0,0.00815575813075813,4.721905905905906,8.0,0.018212945725407936,0.3463545321323976,0.298316254776954,692.7090642647952,0.012036084180372757,0.0,0.073,1001.0,0.0607443540811301,0.14286168334708774,0.298316254776954,0.5046688214860718,0.7151222789703096,21,2087844019
K_16,1.0,1.0,1.0,2,16,sensitivity,1000,16,K,16,30,1000,2000,False,completed,0,0,4.0,16.0,0.3365985,0.006,1,1000,1.0,0.008627095127095126,4.744750750750751,8.0,0.07374824221571384,0.3486774110049779,0.2981125280471032,697.3548220099558,0.012036084180372757,0.0,0.07,1001.0,0.05533027441582701,0.13353092668168537,0.2981125280471032,0.524782217913484,0.7180445230553729,22,3384845475
K_16,1.0,1.0,1.0,2,16,sensitivity,1000,16,K,16,30,1000,2000,False,completed,0,0,4.0,16.0,0.33113800000000015,0.002,1,1000,1.0,0.010288475413475414,4.79614014014014,8.0,0.0836482320176086,0.33570471332008306,0.27271197672992237,671.4094266401661,0.012036084180372757,0.0,0.062,1001.0,0.05058948698986319,0.12336608119186898,0.27271197672992237,0.4958275281882275,0.7240013721712169,23,3036041821
K_16,1.0,1.0,1.0,2,16,sensitivity,1000,16,K,16,30,1000,2000,False,completed,0,0,4.0,16.0,0.3402185000000002,0.005,1,1000,1.0,0.003321281496281496,4.751123123123123,8.0,0.047741026468979805,0.35190251660255306,0.3121937058459219,703.8050332051062,0.012036084180372757,0.0,0.071,1001.0,0.05686999186751128,0.13658537738661472,0.3121937058459219,0.5225537891843626,0.7097397660534744,24,3189190854
K_16,1.0,1.0,1.0,2,16,sensitivity,1000,16,K,16,30,1000,2000,False,completed,0,0,4.0,16.0,0.3379915,0.003,1,1000,1.0,0.011250380175380176,4.767503503503503,8.0,0.0486135550029324,0.354839533574464,0.30924612287612635,709.6790671489281,0.012036084180372757,0.0,0.061,1001.0,0.057029404701054394,0.1404612360205426,0.30924612287612635,0.5342579627658817,0.7250853919548764,25,429655037
K_16,1.0,1.0,1.0,2,16,sensitivity,1000,16,K,16,30,1000,2000,False,completed,0,0,4.0,16.0,0.33723150000000013,0.002,1,1000,1.0,0.0058815157065157065,4.7541561561561565,8.0,0.06217625567464082,0.34709632183115385,0.300394675276473,694.1926436623077,0.012036084180372757,0.0,0.065,1001.0,0.054824073536984506,0.12860617880972927,0.300394675276473,0.5166559043898677,0.7182914899259367,26,68085458
K_16,1.0,1.0,1.0,2,16,sensitivity,1000,16,K,16,30,1000,2000,False,completed,0,0,4.0,16.0,0.3413010000000001,0.003,1,1000,1.0,0.009583066933066932,4.733367367367367,8.0,0.05113017817856476,0.3521216001921828,0.297518824723647,704.2432003843657,0.012036084180372757,0.0,0.068,1001.0,0.05444123659519745,0.13197516141029678,0.297518824723647,0.527090458032495,0.7540807982425273,27,1988621755
K_16,1.0,1.0,1.0,2,16,sensitivity,1000,16,K,16,30,1000,2000,False,completed,0,0,4.0,16.0,0.3352795000000002,0.006,1,1000,1.0,0.008305960705960706,4.75962962962963,8.0,0.06570168169865434,0.35031199732308826,0.3034336392973418,700.6239946461766,0.012036084180372757,0.0,0.062,1001.0,0.05890980079227731,0.1455989508125488,0.3034336392973418,0.5188027636345243,0.7244544024879709,28,2382465196
K_16,1.0,1.0,1.0,2,16,sensitivity,1000,16,K,16,30,1000,2000,False,completed,0,0,4.0,16.0,0.3373805000000001,0.005,1,1000,1.0,0.01021163836163836,4.759177177177177,8.0,0.05535637766898534,0.34896927327231136,0.29465166376841534,697.9385465446227,0.012036084180372757,0.0,0.073,1001.0,0.0558155010345605,0.13807432756671614,0.29465166376841534,0.5178461728856928,0.7256603637472993,29,501371893
K_32,1.0,1.0,1.0,2,32,sensitivity,1000,32,K,32,30,1000,2000,False,completed,0,0,4.0,27.0,0.36108700000000016,0.0,1,1000,1.0,0.013890153484784661,4.514716716716717,8.0,0.03862195619544946,0.34917552033239024,0.30262906738406725,698.3510406647805,0.02306916134571445,0.0,0.068,1001.0,0.05921925049754,0.13927882243373024,0.30262906738406725,0.5169409588284299,0.7258030622549221,0,3728214121
K_32,1.0,1.0,1.0,2,32,sensitivity,1000,32,K,32,30,1000,2000,False,completed,0,0,4.0,32.0,0.35845150000000015,0.001,1,1000,1.0,0.010351820929611835,4.514916916916917,8.0,0.012349998825657313,0.34277632406499925,0.29305548772108436,685.5526481299985,0.02808419642086977,0.0,0.064,1001.0,0.054165619277073064,0.13384618588316347,0.29305548772108436,0.49894661720916267,0.7090209428395111,1,3052690089
K_32,1.0,1.0,1.0,2,32,sensitivity,1000,32,K,32,30,1000,2000,False,completed,0,0,4.0,27.0,0.36282400000000004,0.0,1,1000,1.0,0.01508619532090928,4.505507507507508,8.0,0.00281370542634072,0.3445821423842563,0.2932439029903693,689.1642847685125,0.02306916134571445,0.0,0.069,1001.0,0.05748902507054584,0.13358977459652216,0.2932439029903693,0.5121552706821215,0.7192164434435153,2,4066947176
K_32,1.0,1.0,1.0,2,32,sensitivity,1000,32,K,32,30,1000,2000,False,completed,0,0,4.0,31.0,0.36008550000000006,0.0,1,1000,1.0,0.010214074984137666,4.511735735735736,8.0,0.03918497755629956,0.3508907386371149,0.31186666074580416,701.7814772742298,0.027081189405838705,0.0,0.065,1001.0,0.04897621051190742,0.13442216028576426,0.31186666074580416,0.5324770960551417,0.7184664461440163,3,1710225866
K_32,1.0,1.0,1.0,2,32,sensitivity,1000,32,K,32,30,1000,2000,False,completed,0,0,4.0,30.0,0.35893600000000014,0.0,1,1000,1.0,0.016983727434991193,4.524696696696696,8.0,0.022807750490190185,0.34692840512708856,0.29090427219744847,693.8568102541772,0.02607818239080764,0.0,0.066,1001.0,0.04699247992955608,0.12961570941339817,0.29090427219744847,0.5326863335049246,0.7241221423425537,4,312435229
K_32,1.0,1.0,1.0,2,32,sensitivity,1000,32,K,32,30,1000,2000,False,completed,0,0,4.0,27.0,0.36405050000000005,0.0,1,1000,1.0,0.011411544624666849,4.480188188188188,8.0,-0.013326713685114025,0.35214454735735984,0.30076506337945974,704.2890947147197,0.02306916134571445,0.0,0.062,1001.0,0.05560248596180388,0.13666195813823395,0.30076506337945974,0.5306827791942659,0.7248248187685494,5,2891642074
K_32,1.0,1.0,1.0,2,32,sensitivity,1000,32,K,32,30,1000,2000,False,completed,0,0,4.0,32.0,0.3543430000000001,0.001,1,1000,1.0,0.007031734612751216,4.520418418418418,8.0,0.04974311661044455,0.35674374437538353,0.3058765732562555,713.487488750767,0.02808419642086977,0.0,0.062,1001.0,0.060388499874679945,0.13825922472959476,0.3058765732562555,0.539262037045291,0.7405707451295981,6,1833387623
K_32,1.0,1.0,1.0,2,32,sensitivity,1000,32,K,32,30,1000,2000,False,completed,0,0,4.0,28.0,0.3622210000000001,0.0,1,1000,1.0,0.013483005979502815,4.501231231231231,8.0,0.0032686347343481572,0.34692529462591026,0.2973278271864296,693.8505892518206,0.024072168360745515,0.0,0.07,1001.0,0.05311386195527998,0.14051114960380895,0.2973278271864296,0.5127620174090282,0.7180261126100773,7,3042502159
K_32,1.0,1.0,1.0,2,32,sensitivity,1000,32,K,32,30,1000,2000,False,completed,0,0,4.0,32.0,0.35431800000000013,0.001,1,1000,1.0,0.013397367286647052,4.550280280280281,8.0,0.04483220859631414,0.35131127923535443,0.2913420868771388,702.6225584707089,0.02808419642086977,0.0,0.059,1001.0,0.05899674113907167,0.13960641607588073,0.2913420868771388,0.5293001323000458,0.7453947497211783,8,1203059965
K_32,1.0,1.0,1.0,2,32,sensitivity,1000,32,K,32,30,1000,2000,False,completed,0,0,4.0,29.0,0.3616625000000002,0.0,1,1000,1.0,0.02486512709217401,4.53788988988989,8.0,0.033042478838763135,0.3424893048283036,0.2917480460159816,684.9786096566072,0.025075175375776578,0.0,0.072,1001.0,0.05361304155588817,0.13649971285535223,0.2917480460159816,0.5040471226040403,0.714327034863877,9,3416539981
K_32,1.0,1.0,1.0,2,32,sensitivity,1000,32,K,32,30,1000,2000,False,completed,0,0,4.0,29.0,0.3631495,0.0,1,1000,1.0,0.02119529386557689,4.474316316316316,8.0,0.01420396648187363,0.3472475668527961,0.3078338028835763,694.4951337055923,0.025075175375776578,0.0,0.065,1001.0,0.054450966700661844,0.13260840244929095,0.3078338028835763,0.5185773973932497,0.726811677895769,10,3091205714
K_32,1.0,1.0,1.0,2,32,sensitivity,1000,32,K,32,30,1000,2000,False,completed,0,0,4.0,30.0,0.36108450000000003,0.0,1,1000,1.0,0.015383084971239733,4.519051051051051,8.0,0.04572688679429224,0.3464013258271748,0.2983039417085998,692.8026516543496,0.02607818239080764,0.0,0.068,1001.0,0.05182306154703759,0.1422309943620118,0.2983039417085998,0.5161755733254647,0.7162476564303245,11,228248377
K_32,1.0,1.0,1.0,2,32,sensitivity,1000,32,K,32,30,1000,2000,False,completed,0,0,4.0,28.0,0.36187000000000014,0.0,1,1000,1.0,0.010570721678151346,4.494650650650651,8.0,0.007619422495468971,0.348786384188827,0.30884591393445787,697.572768377654,0.024072168360745515,0.0,0.065,1001.0,0.05757600937549248,0.14264451418588864,0.30884591393445787,0.5151904157876788,0.7195028104308465,12,3525409762
K_32,1.0,1.0,1.0,2,32,sensitivity,1000,32,K,32,30,1000,2000,False,completed,0,0,4.0,29.0,0.3633645000000001,0.0,1,1000,1.0,0.019306101291011287,4.4946226226226225,8.0,0.012235592019306416,0.3476165177815869,0.2952170988420998,695.2330355631739,0.025075175375776578,0.0,0.066,1001.0,0.058270332893353774,0.14665750870665473,0.2952170988420998,0.5087169343476283,0.7072993613458868,13,346691100
K_32,1.0,1.0,1.0,2,32,sensitivity,1000,32,K,32,30,1000,2000,False,completed,0,0,4.0,29.0,0.35819250000000014,0.0,1,1000,1.0,0.006486572897504893,4.511497497497498,8.0,0.03619812470826556,0.336515473107678,0.29473690844211586,673.0309462153559,0.025075175375776578,0.0,0.071,1001.0,0.05592291407254955,0.13825639274692053,0.29473690844211586,0.4993901786871051,0.6792177108838133,14,3012286598
K_32,1.0,1.0,1.0,2,32,sensitivity,1000,32,K,32,30,1000,2000,False,completed,0,0,4.0,31.0,0.36168750000000016,0.0,1,1000,1.0,0.011229232854913274,4.5375955955955956,8.0,0.03258120304259162,0.35087837458237037,0.3039906534543818,701.7567491647408,0.027081189405838705,0.0,0.066,1001.0,0.05466979768616446,0.1445821186561202,0.3039906534543818,0.5217361454771042,0.7292180196948984,15,2675500980
K_32,1.0,1.0,1.0,2,32,sensitivity,1000,32,K,32,30,1000,2000,False,completed,0,0,4.0,27.0,0.3569960000000001,0.0,1,1000,1.0,0.011595455145603215,4.557649649649649,8.0,0.03051196809316628,0.34755838500534675,0.29144551413370956,695.1167700106935,0.02306916134571445,0.0,0.061,1001.0,0.05455213801989385,0.13203093552638742,0.29144551413370956,0.5267710581327996,0.72224071040224,16,923083171
K_32,1.0,1.0,1.0,2,32,sensitivity,1000,32,K,32,30,1000,2000,False,completed,0,0,4.0,30.0,0.3646285,0.0,1,1000,1.0,0.013941415424126514,4.490554554554555,8.0,0.022626786072103493,0.34588574576944925,0.30333411382500497,691.7714915388985,0.02607818239080764,0.0,0.07,1001.0,0.06057954909072038,0.1393361007168892,0.30333411382500497,0.5103609063032872,0.7124986371745637,17,668218793
K_32,1.0,1.0,1.0,2,32,sensitivity,1000,32,K,32,30,1000,2000,False,completed,0,0,4.0,30.0,0.3574385000000002,0.0,1,1000,1.0,0.019862666670947823,4.53869069069069,8.0,0.024919087250346528,0.33841716712192227,0.2914677790276063,676.8343342438445,0.02607818239080764,0.0,0.063,1001.0,0.05253850154990676,0.13706925625561941,0.2914677790276063,0.48910349814169013,0.7033428061554579,18,847566568
K_32,1.0,1.0,1.0,2,32,sensitivity,1000,32,K,32,30,1000,2000,False,completed,0,0,4.0,28.0,0.3634870000000001,0.0,1,1000,1.0,0.009313519883794483,4.497895895895896,8.0,0.0032412942295349475,0.3496343574380306,0.2937432829733883,699.2687148760613,0.024072168360745515,0.0,0.067,1001.0,0.054506179940245085,0.13583644894250335,0.2937432829733883,0.524615656548362,0.7378488454724169,19,4190668116
K_32,1.0,1.0,1.0,2,32,sensitivity,1000,32,K,32,30,1000,2000,False,completed,0,0,4.0,29.0,0.3578675,0.0,1,1000,1.0,0.01333974772963849,4.511953953953954,8.0,0.04174931954464104,0.35932642157836175,0.3158730353158772,718.6528431567235,0.025075175375776578,0.0,0.067,1001.0,0.059475765117625784,0.14273698226933276,0.3158730353158772,0.5354008928983028,0.7332256096003376,20,1598890199
K_32,1.0,1.0,1.0,2,32,sensitivity,1000,32,K,32,30,1000,2000,False,completed,0,0,4.0,28.0,0.35805750000000014,0.0,1,1000,1.0,0.018135535348948323,4.529265265265265,8.0,0.03612999311948634,0.36103470301192275,0.3080740184621077,722.0694060238455,0.024072168360745515,0.0,0.064,1001.0,0.06001844838246874,0.1412484846710671,0.3080740184621077,0.538480909636313,0.7445833600247286,21,2645741167
K_32,1.0,1.0,1.0,2,32,sensitivity,1000,32,K,32,30,1000,2000,False,completed,0,0,4.0,29.0,0.35568050000000007,0.0,1,1000,1.0,0.014298840567183361,4.488900900900901,8.0,0.023347197964638376,0.3471379126336278,0.2919111410172842,694.2758252672556,0.025075175375776578,0.0,0.065,1001.0,0.05561090671922655,0.14842398338585794,0.2919111410172842,0.5137859284163327,0.718195111358174,22,2131340465
K_32,1.0,1.0,1.0,2,32,sensitivity,1000,32,K,32,30,1000,2000,False,completed,0,0,4.0,29.0,0.35881300000000005,0.0,1,1000,1.0,0.014564024165905725,4.484310310310311,8.0,0.042970728348906265,0.3591528106925109,0.3169104911391818,718.3056213850218,0.025075175375776578,0.0,0.064,1001.0,0.060357801995376846,0.14405442224056716,0.3169104911391818,0.5249616859195622,0.7490877896559509,23,2750824959
K_32,1.0,1.0,1.0,2,32,sensitivity,1000,32,K,32,30,1000,2000,False,completed,0,0,4.0,28.0,0.3631820000000001,0.0,1,1000,1.0,0.012497906148133635,4.489357357357357,8.0,0.022081094022063163,0.3551005987156759,0.302512396072274,710.2011974313518,0.024072168360745515,0.0,0.062,1001.0,0.04969767017251315,0.13359731351740595,0.302512396072274,0.528983530968197,0.7344135300568198,24,3698733634
K_32,1.0,1.0,1.0,2,32,sensitivity,1000,32,K,32,30,1000,2000,False,completed,0,0,4.0,28.0,0.358001,0.0,1,1000,1.0,0.011540073448410371,4.4978938938938935,8.0,0.01024867995138098,0.35408919421256974,0.2875053151857483,708.1783884251395,0.024072168360745515,0.0,0.065,1001.0,0.05157137441494756,0.1318454592791099,0.2875053151857483,0.5402126659472557,0.757163394571655,25,3525016557
K_32,1.0,1.0,1.0,2,32,sensitivity,1000,32,K,32,30,1000,2000,False,completed,0,0,4.0,29.0,0.36608050000000003,0.0,1,1000,1.0,0.015648823212451004,4.45970970970971,8.0,0.005948225130077406,0.3382793154376642,0.28933604878627306,676.5586308753284,0.025075175375776578,0.0,0.063,1001.0,0.05891902943993771,0.13322316229902767,0.28933604878627306,0.49623646619053496,0.7023572574740001,26,2906184390
K_32,1.0,1.0,1.0,2,32,sensitivity,1000,32,K,32,30,1000,2000,False,completed,0,0,4.0,30.0,0.358943,0.0,1,1000,1.0,0.007296491896566581,4.522376376376377,8.0,0.008737494265210151,0.3522938681079646,0.2969294500738975,704.5877362159292,0.02607818239080764,0.0,0.067,1001.0,0.05920516576714681,0.14119319911959818,0.2969294500738975,0.5204800536764156,0.7404755138608696,27,1650130016
K_32,1.0,1.0,1.0,2,32,sensitivity,1000,32,K,32,30,1000,2000,False,completed,0,0,4.0,30.0,0.36088350000000013,0.0,1,1000,1.0,0.0140985008888796,4.503325325325325,8.0,0.018997384610445193,0.3437329332096428,0.2794893618208785,687.4658664192856,0.02607818239080764,0.0,0.064,1001.0,0.053592833544093325,0.1333075802094775,0.2794893618208785,0.5191774357888053,0.7167246842886493,28,3787183931
K_32,1.0,1.0,1.0,2,32,sensitivity,1000,32,K,32,30,1000,2000,False,completed,0,0,4.0,29.0,0.3630105000000001,0.0,1,1000,1.0,0.011886447732316462,4.463199199199199,8.0,0.0016900513950592463,0.35551891327272783,0.31291366378893437,711.0378265454557,0.025075175375776578,0.0,0.065,1001.0,0.05429937518721908,0.14255419110464715,0.31291366378893437,0.5293395358008928,0.7146673791687593,29,2513502571
K_very_large,1.0,1.0,1.0,2,very_large,sensitivity,1000,very_large,K,very_large,30,1000,2000,False,completed,0,0,4.0,86.0,0.3858935000000001,0.0,1,1000,1.0,0.026901949633510534,4.167403403403403,8.0,-0.07986319959975521,0.3603853636895312,0.30879529738334205,720.7707273790625,0.08224657523254718,0.0,0.056,1001.0,0.06235165303425085,0.14357141429431322,0.30879529738334205,0.5413866789102937,0.7461526309533253,0,1393113329
K_very_large,1.0,1.0,1.0,2,very_large,sensitivity,1000,very_large,K,very_large,30,1000,2000,False,completed,0,0,4.0,100.0,0.3937895,0.0,1,1000,1.0,0.052224858540577526,3.8591511511511514,7.0,-0.10814990309355994,0.34663626879525383,0.3071684230674353,693.2725375905077,0.09628867344298206,0.0,0.042,1001.0,0.061265310871830785,0.14685304444959288,0.3071684230674353,0.5158492806776698,0.6924070490570797,1,2148548776
K_very_large,1.0,1.0,1.0,2,very_large,sensitivity,1000,very_large,K,very_large,30,1000,2000,False,completed,0,0,4.0,78.0,0.38876100000000013,0.0,1,1000,1.0,0.03784477923732629,4.06663063063063,8.0,-0.07316416494499173,0.3377936153627295,0.28558302351085185,675.587230725459,0.07422251911229867,0.0,0.06,1001.0,0.05031479435122045,0.13061335450308262,0.28558302351085185,0.5100472470300454,0.7097825505824621,2,1609523860
K_very_large,1.0,1.0,1.0,2,very_large,sensitivity,1000,very_large,K,very_large,30,1000,2000,False,completed,0,0,4.0,68.0,0.3853495,0.0,1,1000,1.0,0.025783744856427575,4.0867047047047045,7.0,-0.07064783881896088,0.35883515834718627,0.3095958531540136,717.6703166943726,0.06419244896198804,0.0,0.056,1001.0,0.059797015640366026,0.14291480396911016,0.3095958531540136,0.5372909279754889,0.7397578534138841,3,2246246497
K_very_large,1.0,1.0,1.0,2,very_large,sensitivity,1000,very_large,K,very_large,30,1000,2000,False,completed,0,0,4.0,85.0,0.3907670000000001,0.0,1,1000,1.0,0.0343918861663986,4.080396396396396,7.0,-0.09310026925254486,0.34321797173159535,0.29502183729526177,686.4359434631907,0.08124356821751612,0.0,0.055,1001.0,0.062238540895213544,0.14231826668899084,0.29502183729526177,0.49882909900532074,0.6993729216672453,4,924014426
K_very_large,1.0,1.0,1.0,2,very_large,sensitivity,1000,very_large,K,very_large,30,1000,2000,False,completed,0,0,4.0,65.0,0.38905500000000015,0.0,1,1000,1.0,0.0222766076627593,4.1503123123123125,7.0,-0.08997523894506894,0.36221772922770534,0.3186062437415037,724.4354584554106,0.06118342791689485,0.0,0.057,1001.0,0.061343445338651374,0.14779632653519242,0.3186062437415037,0.530263837285352,0.7433790287241905,5,625510996
K_very_large,1.0,1.0,1.0,2,very_large,sensitivity,1000,very_large,K,very_large,30,1000,2000,False,completed,0,0,4.0,88.0,0.3922515000000002,0.0,1,1000,1.0,0.02774577468469601,4.073009009009009,7.0,-0.08924497207324948,0.34544949595602725,0.30044047557858805,690.8989919120545,0.0842525892626093,0.0,0.054,1001.0,0.05866372239868222,0.1416680401946333,0.30044047557858805,0.5121335911543295,0.7086362177239017,6,3161073999
K_very_large,1.0,1.0,1.0,2,very_large,sensitivity,1000,very_large,K,very_large,30,1000,2000,False,completed,0,0,4.0,61.0,0.39172450000000003,0.0,1,1000,1.0,0.031748709691221864,4.09825025025025,7.0,-0.08785798228563373,0.3580612597284269,0.3092599395323521,716.1225194568538,0.0571713998567706,0.0,0.055,1001.0,0.052565186640026844,0.13720635414673354,0.3092599395323521,0.5418216459146925,0.7446677397093129,7,3231646568
K_very_large,1.0,1.0,1.0,2,very_large,sensitivity,1000,very_large,K,very_large,30,1000,2000,False,completed,0,0,4.0,57.0,0.38092950000000014,0.0,1,1000,1.0,0.016018532882543755,4.223321321321321,8.0,-0.04229154831228624,0.3467116766934362,0.2979179468135088,693.4233533868725,0.05315937179664634,0.0,0.061,1001.0,0.053667616685557105,0.13434819812036727,0.2979179468135088,0.518352512310438,0.7216583449920527,8,1633459660
K_very_large,1.0,1.0,1.0,2,very_large,sensitivity,1000,very_large,K,very_large,30,1000,2000,False,completed,0,0,4.0,51.0,0.38882000000000017,0.0,1,1000,1.0,0.024824909811158903,4.148056056056056,8.0,-0.08579593746597708,0.349150170821631,0.30635100449279284,698.3003416432621,0.04714132970645997,0.0,0.058,1001.0,0.05936196137301258,0.14629522293253386,0.30635100449279284,0.5145338081574543,0.7037947247368413,9,4252426323
K_very_large,1.0,1.0,1.0,2,very_large,sensitivity,1000,very_large,K,very_large,30,1000,2000,False,completed,0,0,4.0,82.0,0.39414250000000006,0.0,1,1000,1.0,0.03790737878295288,4.033871871871872,7.0,-0.11101935101309851,0.3511458955113933,0.2979071176794579,702.2917910227866,0.07823454717242292,0.0,0.056,1001.0,0.05841210520719231,0.1445057879509111,0.2979071176794579,0.5244304510293104,0.709328056935511,10,3939503947
K_very_large,1.0,1.0,1.0,2,very_large,sensitivity,1000,very_large,K,very_large,30,1000,2000,False,completed,0,0,4.0,79.0,0.3900210000000002,0.0,1,1000,1.0,0.03038053654008785,4.091415415415415,7.0,-0.07120038091268385,0.34447929507043146,0.2922233360877744,688.958590140863,0.07522552612732973,0.0,0.055,1001.0,0.05278943900407098,0.1345811709472018,0.2922233360877744,0.5117491268916554,0.7256400923029692,11,1977322613
K_very_large,1.0,1.0,1.0,2,very_large,sensitivity,1000,very_large,K,very_large,30,1000,2000,False,completed,0,0,4.0,92.0,0.3900650000000001,0.0,1,1000,1.0,0.035855274674507914,4.051605605605606,8.0,-0.07986619515115381,0.35133360710576506,0.30638942080138953,702.6672142115301,0.08826461732273355,0.0,0.052,1001.0,0.05869546715329217,0.15011716689387775,0.30638942080138953,0.5113006334878049,0.7119286240940836,12,3647982135
K_very_large,1.0,1.0,1.0,2,very_large,sensitivity,1000,very_large,K,very_large,30,1000,2000,False,completed,0,0,4.0,71.0,0.38914000000000004,0.0,1,1000,1.0,0.029407911949708414,4.100306306306306,8.0,-0.0984236154047597,0.3491936264818372,0.302770248484569,698.3872529636744,0.06720147000708122,0.0,0.057,1001.0,0.05730047910212893,0.1398131975629725,0.302770248484569,0.5197876421322485,0.7174828118645951,13,2463340848
K_very_large,1.0,1.0,1.0,2,very_large,sensitivity,1000,very_large,K,very_large,30,1000,2000,False,completed,0,0,4.0,67.0,0.38850050000000014,0.0,1,1000,1.0,0.028371272180171794,4.116780780780781,7.0,-0.08676621603186892,0.3473372213844101,0.2984210286717939,694.6744427688202,0.06318944194695697,0.0,0.056,1001.0,0.05972403462436674,0.13425025461539122,0.2984210286717939,0.51519467346127,0.7284490461167538,14,61922812
K_very_large,1.0,1.0,1.0,2,very_large,sensitivity,1000,very_large,K,very_large,30,1000,2000,False,completed,0,0,4.0,120.0,0.39015750000000016,0.0,1,1000,1.0,0.02687637910033985,4.001009009009009,7.0,-0.0781151069405367,0.3522196095486211,0.2991236405870843,704.4392190972421,0.11634881374360333,0.0,0.054,1001.0,0.06432661639132682,0.13748198767725942,0.2991236405870843,0.5171693596688827,0.723733009154815,15,3284771069
K_very_large,1.0,1.0,1.0,2,very_large,sensitivity,1000,very_large,K,very_large,30,1000,2000,False,completed,0,0,4.0,85.0,0.38961,0.0,1,1000,1.0,0.032526372563627136,4.05183983983984,8.0,-0.06870603370977557,0.35716363208110136,0.31027872051727234,714.3272641622027,0.08124356821751612,0.0,0.057,1001.0,0.05822731524021188,0.14601763645187932,0.31027872051727234,0.5353783139585868,0.7246367290369823,16,4128407971
K_very_large,1.0,1.0,1.0,2,very_large,sensitivity,1000,very_large,K,very_large,30,1000,2000,False,completed,0,0,4.0,94.0,0.384606,0.0,1,1000,1.0,0.03544256446349589,4.049211211211211,8.0,-0.06463207301349559,0.3461106418781065,0.295609950257593,692.221283756213,0.09027063135279569,0.0,0.047,1001.0,0.060607959421164946,0.13780731994771497,0.295609950257593,0.5079502765410934,0.7083931550796627,17,13281787
K_very_large,1.0,1.0,1.0,2,very_large,sensitivity,1000,very_large,K,very_large,30,1000,2000,False,completed,0,0,4.0,47.0,0.3852635000000002,0.0,1,1000,1.0,0.026306556239305078,4.200988988988989,8.0,-0.09668188106898218,0.3471270099440924,0.2894539738458836,694.2540198881848,0.043129301646335716,0.0,0.056,1001.0,0.049389698054369345,0.13413191544368785,0.2894539738458836,0.5159337583624272,0.7427263908033244,18,2595882372
K_very_large,1.0,1.0,1.0,2,very_large,sensitivity,1000,very_large,K,very_large,30,1000,2000,False,completed,0,0,4.0,59.0,0.38227200000000017,0.0,1,1000,1.0,0.02380732491998787,4.17473073073073,7.0,-0.0700838937049475,0.34220872755285053,0.2906686845466152,684.417455105701,0.05516538582670847,0.0,0.062,1001.0,0.05208830515047955,0.13285882027481613,0.2906686845466152,0.5105625889176671,0.7009780145933084,19,3091636441
K_very_large,1.0,1.0,1.0,2,very_large,sensitivity,1000,very_large,K,very_large,30,1000,2000,False,completed,0,0,4.0,69.0,0.39117350000000006,0.0,1,1000,1.0,0.031970624390757194,4.062806806806806,7.0,-0.09525512585917983,0.3583978959247779,0.30872737954603746,716.7957918495558,0.0651954559770191,0.0,0.052,1001.0,0.06217128570013243,0.1518854717474365,0.30872737954603746,0.5299476352954389,0.721534481432448,20,884698831
K_very_large,1.0,1.0,1.0,2,very_large,sensitivity,1000,very_large,K,very_large,30,1000,2000,False,completed,0,0,4.0,73.0,0.3849870000000002,0.0,1,1000,1.0,0.03283905481572111,4.058584584584585,7.0,-0.07423803261464332,0.3404908042380606,0.28831134952750626,680.9816084761212,0.06920748403714336,0.0,0.052,1001.0,0.052271223142187025,0.13563734440269118,0.28831134952750626,0.5042979414418212,0.7058293769768881,21,703079222
K_very_large,1.0,1.0,1.0,2,very_large,sensitivity,1000,very_large,K,very_large,30,1000,2000,False,completed,0,0,4.0,58.0,0.3932595000000001,0.0,1,1000,1.0,0.028551752746991982,4.092206206206206,7.0,-0.0958365654584488,0.3419351898949266,0.2956911584813289,683.8703797898532,0.05416237881167741,0.0,0.061,1001.0,0.057365822479915105,0.13430448024822428,0.2956911584813289,0.5021715066025615,0.7045813480367235,22,438138996
K_very_large,1.0,1.0,1.0,2,very_large,sensitivity,1000,very_large,K,very_large,30,1000,2000,False,completed,0,0,4.0,107.0,0.3950815000000001,0.0,1,1000,1.0,0.04015408583586191,3.944074074074074,7.0,-0.09538295647214229,0.35728007755469393,0.3093356632719505,714.5601551093879,0.1033097225481995,0.0,0.059,1001.0,0.060778702965262825,0.1447307895430266,0.3093356632719505,0.5320531574472975,0.7341716810702063,23,3354422918
K_very_large,1.0,1.0,1.0,2,very_large,sensitivity,1000,very_large,K,very_large,30,1000,2000,False,completed,0,0,4.0,62.0,0.38215050000000006,0.0,1,1000,1.0,0.03660440418111779,4.180308308308308,8.0,-0.07410394007263205,0.36000676780467683,0.3038452783286996,720.0135356093537,0.058174406871801664,0.0,0.051,1001.0,0.05504103263416062,0.14187082872428744,0.3038452783286996,0.5409590732396553,0.7455087110426966,24,606199384
K_very_large,1.0,1.0,1.0,2,very_large,sensitivity,1000,very_large,K,very_large,30,1000,2000,False,completed,0,0,4.0,94.0,0.38180650000000016,0.0,1,1000,1.0,0.03466910489897609,4.09055055055055,7.0,-0.061769277084981075,0.3561712664767888,0.3075253194222966,712.3425329535777,0.09027063135279569,0.0,0.058,1001.0,0.06180865355536996,0.14488029697572194,0.3075253194222966,0.5255885418634061,0.730517419208629,25,1324772431
K_very_large,1.0,1.0,1.0,2,very_large,sensitivity,1000,very_large,K,very_large,30,1000,2000,False,completed,0,0,4.0,87.0,0.38847600000000004,0.0,1,1000,1.0,0.0263747756992162,4.138490490490491,8.0,-0.06000710274606651,0.3464095113908546,0.28970638832940876,692.8190227817091,0.08324958224757824,0.0,0.063,1001.0,0.05602354364538797,0.1309910868016106,0.28970638832940876,0.5242472810672517,0.7200920263614262,26,2352140829
K_very_large,1.0,1.0,1.0,2,very_large,sensitivity,1000,very_large,K,very_large,30,1000,2000,False,completed,0,0,4.0,62.0,0.3887005000000001,0.0,1,1000,1.0,0.02657494234470838,4.177251251251251,7.0,-0.08991522589561887,0.3366637267738829,0.2845364639502579,673.3274535477658,0.058174406871801664,0.0,0.057,1001.0,0.0533590507737471,0.12622805880409518,0.2845364639502579,0.5103778976006559,0.7052934799365694,27,399838780
K_very_large,1.0,1.0,1.0,2,very_large,sensitivity,1000,very_large,K,very_large,30,1000,2000,False,completed,0,0,4.0,95.0,0.3952215000000001,0.0,1,1000,1.0,0.03337142979864363,4.005321321321321,7.0,-0.09605483277425124,0.3536073327677325,0.3065673207826105,707.214665535465,0.09127363836782675,0.0,0.057,1001.0,0.05427088942790725,0.14423806271549133,0.3065673207826105,0.5219216791965898,0.734677120084009,28,2045526921
K_very_large,1.0,1.0,1.0,2,very_large,sensitivity,1000,very_large,K,very_large,30,1000,2000,False,completed,0,0,4.0,64.0,0.3877425000000001,0.0,1,1000,1.0,0.02379707137858997,4.078924924924925,7.0,-0.10371642797096398,0.3443522791253264,0.28771043418289444,688.7045582506528,0.06018042090186379,0.0,0.052,1001.0,0.057133996817682574,0.13559380548003377,0.28771043418289444,0.5082100105360726,0.7260314078947353,29,35131258
beta_0.0_K_8,1.0,0.0,1.0,2,8,beta_k_heatmap,1000,8,grid,beta=0.0|K=8,30,1000,2000,False,completed,0,0,4.0,8.0,0.2997660000000002,0.177,1,1000,1.0,0.007328571428571428,5.04625025025025,9.0,0.00557935542132176,0.350053533249167,0.30554612015651533,700.107066498334,0.004012028060124253,0.0,0.0,1001.0,0.05278912819782836,0.13624958978117396,0.30554612015651533,0.5179041451553761,0.7358188933637706,0,100636739
beta_0.0_K_8,1.0,0.0,1.0,2,8,beta_k_heatmap,1000,8,grid,beta=0.0|K=8,30,1000,2000,False,completed,0,0,4.0,8.0,0.2998550000000002,0.175,1,1000,1.0,0.00800952380952381,5.025297297297297,8.0,0.025166066584041854,0.33886632835049224,0.28899853836787504,677.7326567009845,0.004012028060124253,0.0,0.0,1001.0,0.04930328102416628,0.13764054386285673,0.28899853836787504,0.49983212565965723,0.7095340476173624,1,745262575
beta_0.0_K_8,1.0,0.0,1.0,2,8,beta_k_heatmap,1000,8,grid,beta=0.0|K=8,30,1000,2000,False,completed,0,0,4.0,8.0,0.30193550000000013,0.176,1,1000,1.0,0.01131904761904762,5.037913913913914,9.0,-0.007535311700495641,0.34588692563936024,0.30975049622305306,691.7738512787205,0.004012028060124253,0.0,0.0,1001.0,0.05582852961954368,0.13945316552018097,0.30975049622305306,0.5146485443365902,0.6947274943661776,2,3863814346
beta_0.0_K_8,1.0,0.0,1.0,2,8,beta_k_heatmap,1000,8,grid,beta=0.0|K=8,30,1000,2000,False,completed,0,0,4.0,8.0,0.2987930000000001,0.169,1,1000,1.0,0.00853095238095238,5.0446906906906905,8.0,0.025823607435473017,0.3441183078664604,0.2936885494047018,688.2366157329209,0.004012028060124253,0.0,0.0,1001.0,0.057236254737038146,0.1372879184677582,0.2936885494047018,0.5164964816881263,0.7095065967250599,3,2422311781
beta_0.0_K_8,1.0,0.0,1.0,2,8,beta_k_heatmap,1000,8,grid,beta=0.0|K=8,30,1000,2000,False,completed,0,0,4.0,8.0,0.2985135000000001,0.163,1,1000,1.0,0.00675952380952381,5.063831831831832,8.0,0.02807809609026261,0.3582011518498848,0.309457763416091,716.4023036997696,0.004012028060124253,0.0,0.0,1001.0,0.05043243241678337,0.13615343703991192,0.309457763416091,0.5365066664141764,0.7455562648807653,4,157563232
beta_0.0_K_8,1.0,0.0,1.0,2,8,beta_k_heatmap,1000,8,grid,beta=0.0|K=8,30,1000,2000,False,completed,0,0,4.0,8.0,0.29936000000000007,0.169,1,1000,1.0,0.009904761904761906,5.044998998998999,9.0,0.025256708030604896,0.357563950465596,0.3137781726477192,715.127900931192,0.004012028060124253,0.0,0.0,1001.0,0.057250740695695,0.14318918462385385,0.3137781726477192,0.5282562569025588,0.7411352690547985,5,1653694424
beta_0.0_K_8,1.0,0.0,1.0,2,8,beta_k_heatmap,1000,8,grid,beta=0.0|K=8,30,1000,2000,False,completed,0,0,4.0,8.0,0.2997740000000002,0.171,1,1000,1.0,0.006730952380952381,5.041625625625626,9.0,0.025564619370737233,0.3522231871195593,0.3033250216422426,704.4463742391187,0.004012028060124253,0.0,0.0,1001.0,0.058013418325421395,0.13943765978134973,0.3033250216422426,0.5142995424979087,0.742189352548822,6,729961114
beta_0.0_K_8,1.0,0.0,1.0,2,8,beta_k_heatmap,1000,8,grid,beta=0.0|K=8,30,1000,2000,False,completed,0,0,4.0,8.0,0.301833,0.184,1,1000,1.0,0.01459047619047619,5.0323003003003,9.0,0.005179469445077743,0.3556893590248062,0.3072199044103154,711.3787180496124,0.004012028060124253,0.0,0.0,1001.0,0.061285313854559986,0.14539948264926533,0.3072199044103154,0.5250564668287759,0.7321128496195001,7,3237198769
beta_0.0_K_8,1.0,0.0,1.0,2,8,beta_k_heatmap,1000,8,grid,beta=0.0|K=8,30,1000,2000,False,completed,0,0,4.0,8.0,0.2981355000000001,0.172,1,1000,1.0,0.006395238095238095,5.055251251251251,9.0,0.02441810129869726,0.35601040596962347,0.299751323786893,712.020811939247,0.004012028060124253,0.0,0.0,1001.0,0.060614035408902214,0.13694168641855706,0.299751323786893,0.5434328791497094,0.7298143380828358,8,2817779993
beta_0.0_K_8,1.0,0.0,1.0,2,8,beta_k_heatmap,1000,8,grid,beta=0.0|K=8,30,1000,2000,False,completed,0,0,4.0,8.0,0.29988000000000015,0.178,1,1000,1.0,0.0046,5.035037037037037,9.0,0.019307105768785037,0.36324453011471,0.32126557687689095,726.4890602294199,0.004012028060124253,0.0,0.0,1001.0,0.05405658099060754,0.1405994758578431,0.32126557687689095,0.5363963188958871,0.7521313955419883,9,620500361
beta_0.0_K_8,1.0,0.0,1.0,2,8,beta_k_heatmap,1000,8,grid,beta=0.0|K=8,30,1000,2000,False,completed,0,0,4.0,8.0,0.2979295000000002,0.182,1,1000,1.0,0.007035714285714286,5.043833833833834,9.0,0.024226849762810306,0.35706838445978234,0.3092958250398441,714.1367689195647,0.004012028060124253,0.0,0.0,1001.0,0.05835498652415177,0.1382828548131507,0.3092958250398441,0.5307152781755975,0.7339293110477306,10,1623657236
beta_0.0_K_8,1.0,0.0,1.0,2,8,beta_k_heatmap,1000,8,grid,beta=0.0|K=8,30,1000,2000,False,completed,0,0,4.0,8.0,0.29877850000000006,0.175,1,1000,1.0,0.010273809523809524,5.043539539539539,8.0,0.024810087943826106,0.34506771312982243,0.2950582093851396,690.1354262596449,0.004012028060124253,0.0,0.0,1001.0,0.0542506925672146,0.13756992674970348,0.2950582093851396,0.5053716000359871,0.71524376550366,11,3639027582
beta_0.0_K_8,1.0,0.0,1.0,2,8,beta_k_heatmap,1000,8,grid,beta=0.0|K=8,30,1000,2000,False,completed,0,0,4.0,8.0,0.3018335000000001,0.182,1,1000,1.0,0.006942857142857143,5.043337337337337,8.0,-0.0026980946574299836,0.35214378023852594,0.2986457628080814,704.2875604770519,0.004012028060124253,0.0,0.0,1001.0,0.06002290180327237,0.13973358670448852,0.2986457628080814,0.5261371470423895,0.7340108646849344,12,4218671671
beta_0.0_K_8,1.0,0.0,1.0,2,8,beta_k_heatmap,1000,8,grid,beta=0.0|K=8,30,1000,2000,False,completed,0,0,4.0,8.0,0.2996000000000001,0.177,1,1000,1.0,0.008585714285714285,5.052106106106106,9.0,0.020622491513533407,0.3449899399251594,0.28800688058581503,689.9798798503189,0.004012028060124253,0.0,0.0,1001.0,0.05088600414794797,0.12656326876186413,0.28800688058581503,0.5176819821085278,0.7324640628668246,13,3422786
beta_0.0_K_8,1.0,0.0,1.0,2,8,beta_k_heatmap,1000,8,grid,beta=0.0|K=8,30,1000,2000,False,completed,0,0,4.0,8.0,0.30085850000000014,0.171,1,1000,1.0,0.009723809523809523,5.0512512512512515,8.0,0.005934416644960105,0.3393249862292306,0.29355160901334953,678.6499724584611,0.004012028060124253,0.0,0.0,1001.0,0.0541869819630499,0.1358481836786868,0.29355160901334953,0.49422247218948384,0.7064186067620001,14,4220044093
beta_0.0_K_8,1.0,0.0,1.0,2,8,beta_k_heatmap,1000,8,grid,beta=0.0|K=8,30,1000,2000,False,completed,0,0,4.0,8.0,0.30093950000000014,0.179,1,1000,1.0,0.008876190476190477,5.049739739739739,9.0,0.013727084378684374,0.35347105917994215,0.3051834966258698,706.9421183598843,0.004012028060124253,0.0,0.0,1001.0,0.0550298255048176,0.14033294539678517,0.3051834966258698,0.5274174982203113,0.729607068364781,15,2862268227
beta_0.0_K_8,1.0,0.0,1.0,2,8,beta_k_heatmap,1000,8,grid,beta=0.0|K=8,30,1000,2000,False,completed,0,0,4.0,8.0,0.3016685000000001,0.183,1,1000,1.0,0.009802380952380953,5.037079079079079,9.0,0.0031128278171396843,0.3565390760935252,0.3057704723328951,713.0781521870504,0.004012028060124253,0.0,0.0,1001.0,0.06083534093487107,0.13936172996754928,0.3057704723328951,0.5345649891023055,0.7459865902536436,16,1167776256
beta_0.0_K_8,1.0,0.0,1.0,2,8,beta_k_heatmap,1000,8,grid,beta=0.0|K=8,30,1000,2000,False,completed,0,0,4.0,8.0,0.30019850000000003,0.166,1,1000,1.0,0.008766666666666666,5.047359359359359,9.0,0.019774646621992017,0.3525788661456086,0.3080284887286167,705.1577322912173,0.004012028060124253,0.0,0.0,1001.0,0.051940914473496934,0.13485252244158222,0.3080284887286167,0.5316762674770414,0.7432325827511734,17,460307300
beta_0.0_K_8,1.0,0.0,1.0,2,8,beta_k_heatmap,1000,8,grid,beta=0.0|K=8,30,1000,2000,False,completed,0,0,4.0,8.0,0.29953700000000016,0.171,1,1000,1.0,0.008371428571428571,5.0444944944944945,9.0,0.0199998175322601,0.3538163245588998,0.30255319995544294,707.6326491177996,0.004012028060124253,0.0,0.0,1001.0,0.05142388383623857,0.1398143668711835,0.30255319995544294,0.5316088804393507,0.7343081026320151,18,3640671068
beta_0.0_K_8,1.0,0.0,1.0,2,8,beta_k_heatmap,1000,8,grid,beta=0.0|K=8,30,1000,2000,False,completed,0,0,4.0,8.0,0.3003140000000002,0.178,1,1000,1.0,0.0069023809523809515,5.051473473473473,9.0,0.011195395176453014,0.3535955292503443,0.31653727539414395,707.1910585006887,0.004012028060124253,0.0,0.0,1001.0,0.05448189126765767,0.13542927299086224,0.31653727539414395,0.5205133545518588,0.7342871950765703,19,705252430
beta_0.0_K_8,1.0,0.0,1.0,2,8,beta_k_heatmap,1000,8,grid,beta=0.0|K=8,30,1000,2000,False,completed,0,0,4.0,8.0,0.2980820000000002,0.168,1,1000,1.0,0.008647619047619046,5.058192192192192,9.0,0.018740102058772173,0.34701209528320937,0.2906177477828781,694.0241905664187,0.004012028060124253,0.0,0.0,1001.0,0.04960529631618199,0.12657666879845977,0.2906177477828781,0.5326247987169804,0.7304969134759743,20,2849480315
beta_0.0_K_8,1.0,0.0,1.0,2,8,beta_k_heatmap,1000,8,grid,beta=0.0|K=8,30,1000,2000,False,completed,0,0,4.0,8.0,0.3016690000000002,0.176,1,1000,1.0,0.01178095238095238,5.041675675675676,9.0,-0.006360472492241989,0.3558623706887818,0.3056845633563343,711.7247413775635,0.004012028060124253,0.0,0.0,1001.0,0.05805620023793765,0.14268958929815778,0.3056845633563343,0.5333179220389261,0.728591971703562,21,428252932
beta_0.0_K_8,1.0,0.0,1.0,2,8,beta_k_heatmap,1000,8,grid,beta=0.0|K=8,30,1000,2000,False,completed,0,0,4.0,8.0,0.3030250000000001,0.177,1,1000,1.0,0.009385714285714285,5.0365345345345345,9.0,-0.009050127226102484,0.3514434610451792,0.29290635770676,702.8869220903584,0.004012028060124253,0.0,0.0,1001.0,0.056184709332390774,0.14377614158871535,0.29290635770676,0.5239389350347943,0.7236769338008425,22,977973620
beta_0.0_K_8,1.0,0.0,1.0,2,8,beta_k_heatmap,1000,8,grid,beta=0.0|K=8,30,1000,2000,False,completed,0,0,4.0,8.0,0.3011575000000002,0.171,1,1000,1.0,0.00939047619047619,5.043403403403404,9.0,0.015280399861840679,0.3572072755046944,0.30210810593281046,714.4145510093888,0.004012028060124253,0.0,0.0,1001.0,0.057673183420303024,0.142791094656115,0.30210810593281046,0.5321121569300459,0.7337508663287609,23,3569802460
beta_0.0_K_8,1.0,0.0,1.0,2,8,beta_k_heatmap,1000,8,grid,beta=0.0|K=8,30,1000,2000,False,completed,0,0,4.0,8.0,0.29915500000000006,0.179,1,1000,1.0,0.010826190476190475,5.048292292292293,8.0,0.03536800124664361,0.3520769018011695,0.2958071600606996,704.153803602339,0.004012028060124253,0.0,0.0,1001.0,0.05306666011149539,0.129406251811389,0.2958071600606996,0.5301850861950947,0.7412272725521286,24,3732303878
beta_0.0_K_8,1.0,0.0,1.0,2,8,beta_k_heatmap,1000,8,grid,beta=0.0|K=8,30,1000,2000,False,completed,0,0,4.0,8.0,0.3021015,0.176,1,1000,1.0,0.008121428571428571,5.027335335335335,9.0,0.010316656133503964,0.3518752365281935,0.30888584634023064,703.750473056387,0.004012028060124253,0.0,0.0,1001.0,0.055410300176083095,0.1455341130794665,0.30888584634023064,0.5255939744576159,0.718793559097337,25,3227111212
beta_0.0_K_8,1.0,0.0,1.0,2,8,beta_k_heatmap,1000,8,grid,beta=0.0|K=8,30,1000,2000,False,completed,0,0,4.0,8.0,0.3026025000000001,0.18,1,1000,1.0,0.010011904761904762,5.050944944944945,9.0,-0.006716157010219794,0.3570564671721687,0.307064646055904,714.1129343443374,0.004012028060124253,0.0,0.0,1001.0,0.05640657552573284,0.1358806213209749,0.307064646055904,0.5316216189348149,0.7374745483866146,26,1103911519
beta_0.0_K_8,1.0,0.0,1.0,2,8,beta_k_heatmap,1000,8,grid,beta=0.0|K=8,30,1000,2000,False,completed,0,0,4.0,8.0,0.2990005,0.181,1,1000,1.0,0.006630952380952381,5.047595595595595,9.0,0.00955112614140329,0.3490764600530465,0.30000388377866477,698.152920106093,0.004012028060124253,0.0,0.0,1001.0,0.05932570057619369,0.14392083300843203,0.30000388377866477,0.5150578956180669,0.7138386522785992,27,2220773780
beta_0.0_K_8,1.0,0.0,1.0,2,8,beta_k_heatmap,1000,8,grid,beta=0.0|K=8,30,1000,2000,False,completed,0,0,4.0,8.0,0.2964660000000001,0.167,1,1000,1.0,0.008342857142857143,5.079865865865866,9.0,0.012471483452743137,0.34685337182317244,0.2975046797798808,693.7067436463449,0.004012028060124253,0.0,0.0,1001.0,0.055527032200507566,0.13561649058514663,0.2975046797798808,0.5269117135964553,0.7182134063276918,28,2021982438
beta_0.0_K_8,1.0,0.0,1.0,2,8,beta_k_heatmap,1000,8,grid,beta=0.0|K=8,30,1000,2000,False,completed,0,0,4.0,8.0,0.2994715000000001,0.174,1,1000,1.0,0.008285714285714285,5.04468068068068,9.0,0.024155626053241182,0.35760755828974267,0.306751385859379,715.2151165794853,0.004012028060124253,0.0,0.0,1001.0,0.05647966694857976,0.14294901874599864,0.306751385859379,0.5311396665673117,0.7366720368115507,29,1488963413
beta_0.0_K_16,1.0,0.0,1.0,2,16,beta_k_heatmap,1000,16,grid,beta=0.0|K=16,30,1000,2000,False,completed,0,0,4.0,16.0,0.357572,0.034,1,1000,1.0,0.011208066933066932,4.602884884884885,8.0,-0.008276045527446714,0.3442325985172208,0.2976615035420663,688.4651970344416,0.012036084180372757,0.0,0.071,1001.0,0.054846484515948556,0.13636150104130407,0.2976615035420663,0.5074289920335913,0.7196645642043464,0,2016840521
beta_0.0_K_16,1.0,0.0,1.0,2,16,beta_k_heatmap,1000,16,grid,beta=0.0|K=16,30,1000,2000,False,completed,0,0,4.0,16.0,0.3612985000000002,0.032,1,1000,1.0,0.009286585636585637,4.605575575575576,8.0,-0.047835412911778064,0.36056021165234653,0.31629085668713686,721.1204233046931,0.012036084180372757,0.0,0.075,1001.0,0.05844045796349444,0.13920798044345498,0.31629085668713686,0.5406257611528261,0.7456442693674432,1,2036940987
beta_0.0_K_16,1.0,0.0,1.0,2,16,beta_k_heatmap,1000,16,grid,beta=0.0|K=16,30,1000,2000,False,completed,0,0,4.0,16.0,0.36564550000000007,0.038,1,1000,1.0,0.006595582195582195,4.555567567567568,8.0,-0.06462524173472647,0.343926466250923,0.286554831622708,687.852932501846,0.012036084180372757,0.0,0.081,1001.0,0.056418962625437795,0.13782340198511733,0.286554831622708,0.5084188267149061,0.7223001690289184,2,844422800
beta_0.0_K_16,1.0,0.0,1.0,2,16,beta_k_heatmap,1000,16,grid,beta=0.0|K=16,30,1000,2000,False,completed,0,0,4.0,16.0,0.3619625000000002,0.033,1,1000,1.0,0.012290639915639915,4.583713713713713,8.0,-0.03345932303833192,0.34381329577055886,0.2985868598070103,687.6265915411177,0.012036084180372757,0.0,0.077,1001.0,0.054037707385721015,0.13647702442713883,0.2985868598070103,0.5103595351904482,0.7112495558086643,3,3526696655
beta_0.0_K_16,1.0,0.0,1.0,2,16,beta_k_heatmap,1000,16,grid,beta=0.0|K=16,30,1000,2000,False,completed,0,0,4.0,16.0,0.3630605,0.034,1,1000,1.0,0.011847091797091796,4.555443443443443,8.0,-0.059290519847310624,0.3509516563954278,0.29997047530056875,701.9033127908556,0.012036084180372757,0.0,0.082,1001.0,0.054747321058253334,0.1372064719441555,0.29997047530056875,0.5212321264187281,0.7339305938702432,4,653346735
beta_0.0_K_16,1.0,0.0,1.0,2,16,beta_k_heatmap,1000,16,grid,beta=0.0|K=16,30,1000,2000,False,completed,0,0,4.0,16.0,0.3617635000000001,0.03,1,1000,1.0,0.008657531357531358,4.610692692692693,8.0,-0.05256575104835823,0.34877456009257674,0.2987547002031463,697.5491201851535,0.012036084180372757,0.0,0.079,1001.0,0.057866546339800345,0.13926556640190435,0.2987547002031463,0.5117341627625266,0.7157147597010522,5,3533848928
beta_0.0_K_16,1.0,0.0,1.0,2,16,beta_k_heatmap,1000,16,grid,beta=0.0|K=16,30,1000,2000,False,completed,0,0,4.0,16.0,0.35981050000000003,0.035,1,1000,1.0,0.01663571706071706,4.609419419419419,8.0,-0.044293122752397364,0.34935346377552395,0.29386516589608214,698.7069275510479,0.012036084180372757,0.0,0.078,1001.0,0.0552473165383156,0.1335702735134242,0.29386516589608214,0.5284943481484754,0.7302964783673732,6,1058888524
beta_0.0_K_16,1.0,0.0,1.0,2,16,beta_k_heatmap,1000,16,grid,beta=0.0|K=16,30,1000,2000,False,completed,0,0,4.0,16.0,0.3584005000000001,0.04,1,1000,1.0,0.01116338938838939,4.598596596596597,8.0,-0.024465634582665676,0.3544352778977783,0.31038351451020363,708.8705557955566,0.012036084180372757,0.0,0.073,1001.0,0.053335771047999136,0.1344368140738204,0.31038351451020363,0.5289723828110485,0.7351615923193782,7,40396433
beta_0.0_K_16,1.0,0.0,1.0,2,16,beta_k_heatmap,1000,16,grid,beta=0.0|K=16,30,1000,2000,False,completed,0,0,4.0,16.0,0.3615765000000002,0.032,1,1000,1.0,0.01043502886002886,4.605537537537537,8.0,-0.04106323741360801,0.3471206958477363,0.2996379156946869,694.2413916954727,0.012036084180372757,0.0,0.074,1001.0,0.054614434539257,0.1400354713769391,0.2996379156946869,0.5151597370863672,0.7063521999644367,8,119374201
beta_0.0_K_16,1.0,0.0,1.0,2,16,beta_k_heatmap,1000,16,grid,beta=0.0|K=16,30,1000,2000,False,completed,0,0,4.0,16.0,0.3649055000000001,0.042,1,1000,1.0,0.008301443001443,4.561075075075075,8.0,-0.08726172945884507,0.3496859701069769,0.304259844998806,699.3719402139537,0.012036084180372757,0.0,0.075,1001.0,0.057322514606293395,0.13948878887580723,0.304259844998806,0.5231642907773334,0.7156900866677222,9,892414374
beta_0.0_K_16,1.0,0.0,1.0,2,16,beta_k_heatmap,1000,16,grid,beta=0.0|K=16,30,1000,2000,False,completed,0,0,4.0,16.0,0.36199950000000003,0.041,1,1000,1.0,0.011675918525918526,4.571161161161161,8.0,-0.043456253621245125,0.36195683043023297,0.31280040306888873,723.9136608604659,0.012036084180372757,0.0,0.073,1001.0,0.058732939843252244,0.14329628037522912,0.31280040306888873,0.5304636185207202,0.7526102063362088,10,2107287362
beta_0.0_K_16,1.0,0.0,1.0,2,16,beta_k_heatmap,1000,16,grid,beta=0.0|K=16,30,1000,2000,False,completed,0,0,4.0,16.0,0.3596005000000002,0.033,1,1000,1.0,0.013903934953934953,4.599093093093093,8.0,-0.04061858368712552,0.354726374184817,0.3107053907087541,709.452748369634,0.012036084180372757,0.0,0.072,1001.0,0.06179180238137012,0.14504170234521613,0.3107053907087541,0.5253513889571293,0.7281454565169347,11,1430185156
beta_0.0_K_16,1.0,0.0,1.0,2,16,beta_k_heatmap,1000,16,grid,beta=0.0|K=16,30,1000,2000,False,completed,0,0,4.0,16.0,0.35693050000000004,0.03,1,1000,1.0,0.012823462648462649,4.6294814814814815,8.0,-0.006675709460358045,0.3482118394112651,0.304496888404811,696.4236788225302,0.012036084180372757,0.0,0.073,1001.0,0.05364957749137285,0.1315891302427995,0.304496888404811,0.5112487647858118,0.7217092273753855,12,3337987655
beta_0.0_K_16,1.0,0.0,1.0,2,16,beta_k_heatmap,1000,16,grid,beta=0.0|K=16,30,1000,2000,False,completed,0,0,4.0,16.0,0.36165650000000005,0.035,1,1000,1.0,0.01205942945942946,4.581701701701702,8.0,-0.04248876701601519,0.3450258902703076,0.30058527278827696,690.0517805406153,0.012036084180372757,0.0,0.078,1001.0,0.057336264497625467,0.13740401900567462,0.30058527278827696,0.4998549705586894,0.7089066504477101,13,467796546
beta_0.0_K_16,1.0,0.0,1.0,2,16,beta_k_heatmap,1000,16,grid,beta=0.0|K=16,30,1000,2000,False,completed,0,0,4.0,16.0,0.35850950000000004,0.033,1,1000,1.0,0.011459798534798536,4.617135135135135,8.0,-0.015995842751770295,0.3541617265934041,0.300097146704436,708.3234531868083,0.012036084180372757,0.0,0.069,1001.0,0.05272584324532328,0.13491748410783,0.300097146704436,0.5350213806673865,0.7443493195107369,14,1340195229
beta_0.0_K_16,1.0,0.0,1.0,2,16,beta_k_heatmap,1000,16,grid,beta=0.0|K=16,30,1000,2000,False,completed,0,0,4.0,16.0,0.3616410000000001,0.037,1,1000,1.0,0.012052858252858251,4.585851851851852,8.0,-0.051253668524646065,0.34859030080171693,0.3074115125763872,697.1806016034338,0.012036084180372757,0.0,0.076,1001.0,0.052544693025727035,0.13512663143084558,0.3074115125763872,0.51547920882084,0.7215241076772633,15,3290919571
beta_0.0_K_16,1.0,0.0,1.0,2,16,beta_k_heatmap,1000,16,grid,beta=0.0|K=16,30,1000,2000,False,completed,0,0,4.0,16.0,0.35774150000000016,0.033,1,1000,1.0,0.015136435786435786,4.608768768768769,8.0,-0.03140819930601334,0.34585598449046007,0.28812973265510233,691.7119689809201,0.012036084180372757,0.0,0.073,1001.0,0.051946407229991796,0.13554411038337622,0.28812973265510233,0.5189908466909732,0.722928518656689,16,88162442
beta_0.0_K_16,1.0,0.0,1.0,2,16,beta_k_heatmap,1000,16,grid,beta=0.0|K=16,30,1000,2000,False,completed,0,0,4.0,16.0,0.3607895000000001,0.033,1,1000,1.0,0.010128063603063604,4.621897897897898,8.0,-0.04861455617718277,0.3511840678796873,0.2965483592901923,702.3681357593746,0.012036084180372757,0.0,0.079,1001.0,0.05625100148314054,0.1373424743336752,0.2965483592901923,0.5119909406473736,0.7388929172029539,17,3856357517
beta_0.0_K_16,1.0,0.0,1.0,2,16,beta_k_heatmap,1000,16,grid,beta=0.0|K=16,30,1000,2000,False,completed,0,0,4.0,16.0,0.36156900000000003,0.036,1,1000,1.0,0.010451423576423575,4.601019019019019,8.0,-0.04126425013364676,0.3412724499146069,0.2874244540423062,682.5448998292138,0.012036084180372757,0.0,0.075,1001.0,0.05254012606876772,0.1323525851919917,0.2874244540423062,0.5007947689365483,0.7212387736513722,18,3224643968
beta_0.0_K_16,1.0,0.0,1.0,2,16,beta_k_heatmap,1000,16,grid,beta=0.0|K=16,30,1000,2000,False,completed,0,0,4.0,16.0,0.3614520000000001,0.037,1,1000,1.0,0.012847691197691198,4.603673673673674,8.0,-0.04120945372576197,0.34394792838347327,0.29210035168799625,687.8958567669465,0.012036084180372757,0.0,0.073,1001.0,0.053450612992388596,0.13207777656965886,0.29210035168799625,0.5086523179488838,0.7206825238464158,19,1359188930
beta_0.0_K_16,1.0,0.0,1.0,2,16,beta_k_heatmap,1000,16,grid,beta=0.0|K=16,30,1000,2000,False,completed,0,0,4.0,16.0,0.3642595000000002,0.035,1,1000,1.0,0.010561602286602285,4.5762402402402405,8.0,-0.06937034352460322,0.35094800582980484,0.29976776236511576,701.8960116596097,0.012036084180372757,0.0,0.08,1001.0,0.058568826967459346,0.13674491959412635,0.29976776236511576,0.5234880350173003,0.7289175768480393,20,1098003719
beta_0.0_K_16,1.0,0.0,1.0,2,16,beta_k_heatmap,1000,16,grid,beta=0.0|K=16,30,1000,2000,False,completed,0,0,4.0,16.0,0.3640420000000002,0.03,1,1000,1.0,0.01716961371961372,4.609811811811812,8.0,-0.04889045792627991,0.34715171506980197,0.2920138764339783,694.303430139604,0.012036084180372757,0.0,0.078,1001.0,0.05178866170653601,0.12890939593326767,0.2920138764339783,0.5164997704325837,0.7462262729417343,21,3770061121
beta_0.0_K_16,1.0,0.0,1.0,2,16,beta_k_heatmap,1000,16,grid,beta=0.0|K=16,30,1000,2000,False,completed,0,0,4.0,16.0,0.36223850000000013,0.043,1,1000,1.0,0.012328599178599178,4.565033033033033,8.0,-0.03947004959384498,0.3523521628162318,0.2956069140325033,704.7043256324636,0.012036084180372757,0.0,0.07,1001.0,0.05496599428071703,0.13399002006060878,0.2956069140325033,0.5347763758387463,0.742600009721377,22,387125401
beta_0.0_K_16,1.0,0.0,1.0,2,16,beta_k_heatmap,1000,16,grid,beta=0.0|K=16,30,1000,2000,False,completed,0,0,4.0,16.0,0.36063,0.033,1,1000,1.0,0.00802521645021645,4.583245245245245,8.0,-0.03371675773142583,0.3506395301188124,0.3037251610719076,701.2790602376248,0.012036084180372757,0.0,0.076,1001.0,0.057984297732373576,0.14097644570575132,0.3037251610719076,0.513088316257685,0.723180426780924,23,2320783931
beta_0.0_K_16,1.0,0.0,1.0,2,16,beta_k_heatmap,1000,16,grid,beta=0.0|K=16,30,1000,2000,False,completed,0,0,4.0,16.0,0.3579810000000001,0.036,1,1000,1.0,0.013144422244422244,4.629077077077077,8.0,-0.023608757882554614,0.34180400975518044,0.2835347351065004,683.6080195103609,0.012036084180372757,0.0,0.071,1001.0,0.05414407992317874,0.13383118867238164,0.2835347351065004,0.5116705109470576,0.7145272523810354,24,1651927064
beta_0.0_K_16,1.0,0.0,1.0,2,16,beta_k_heatmap,1000,16,grid,beta=0.0|K=16,30,1000,2000,False,completed,0,0,4.0,16.0,0.3526195000000001,0.032,1,1000,1.0,0.013966697191697191,4.624088088088088,8.0,0.003039838251099266,0.3465323504236718,0.29344198150298606,693.0647008473436,0.012036084180372757,0.0,0.072,1001.0,0.0568833677712263,0.13593158861947774,0.29344198150298606,0.5177049395630331,0.7145354935387941,25,2047685466
beta_0.0_K_16,1.0,0.0,1.0,2,16,beta_k_heatmap,1000,16,grid,beta=0.0|K=16,30,1000,2000,False,completed,0,0,4.0,16.0,0.36255100000000007,0.038,1,1000,1.0,0.008031268731268732,4.560978978978979,8.0,-0.05001385619364025,0.35926199188531477,0.31587106996332037,718.5239837706296,0.012036084180372757,0.0,0.078,1001.0,0.059971908822926884,0.150012670138509,0.31587106996332037,0.5231721012013404,0.7334438970212289,26,132139123
beta_0.0_K_16,1.0,0.0,1.0,2,16,beta_k_heatmap,1000,16,grid,beta=0.0|K=16,30,1000,2000,False,completed,0,0,4.0,16.0,0.36644600000000005,0.044,1,1000,1.0,0.013385014985014985,4.5615815815815814,8.0,-0.10072510150380883,0.34546370893526207,0.29305192789189205,690.9274178705241,0.012036084180372757,0.0,0.082,1001.0,0.052531314981040585,0.131516640870594,0.29305192789189205,0.5092426677259535,0.7144308193883532,27,3624080074
beta_0.0_K_16,1.0,0.0,1.0,2,16,beta_k_heatmap,1000,16,grid,beta=0.0|K=16,30,1000,2000,False,completed,0,0,4.0,16.0,0.35849700000000007,0.036,1,1000,1.0,0.01772188922188922,4.600878878878879,8.0,-0.041492030824550975,0.3476843403027135,0.29309026276220723,695.368680605427,0.012036084180372757,0.0,0.074,1001.0,0.056614417480246135,0.1329264771520049,0.29309026276220723,0.5085829161202078,0.7551178405167606,28,1090850197
beta_0.0_K_16,1.0,0.0,1.0,2,16,beta_k_heatmap,1000,16,grid,beta=0.0|K=16,30,1000,2000,False,completed,0,0,4.0,16.0,0.36140950000000016,0.029,1,1000,1.0,0.009394422244422244,4.593973973973974,8.0,-0.034363330112414,0.3446141707939657,0.2992179437130488,689.2283415879315,0.012036084180372757,0.0,0.08,1001.0,0.05592482168110127,0.1351087634758858,0.2992179437130488,0.5089005010279708,0.7063803008307951,29,2839748632
beta_0.0_K_32,1.0,0.0,1.0,2,32,beta_k_heatmap,1000,32,grid,beta=0.0|K=32,30,1000,2000,False,completed,0,0,4.0,32.0,0.381456,0.008,1,1000,1.0,0.015031245126801835,4.246442442442443,8.0,-0.09290277089647486,0.35641138220518576,0.3054490364836821,712.8227644103715,0.02808419642086977,0.0,0.058,1001.0,0.05323051966962882,0.14054068791459515,0.3054490364836821,0.5320002429508416,0.7391135457660515,0,1454421321
beta_0.0_K_32,1.0,0.0,1.0,2,32,beta_k_heatmap,1000,32,grid,beta=0.0|K=32,30,1000,2000,False,completed,0,0,4.0,32.0,0.3691495,0.009,1,1000,1.0,0.01974657069433777,4.371613613613613,8.0,-0.013186618906040283,0.36135726910670135,0.3062190392874079,722.7145382134026,0.02808419642086977,0.0,0.053,1001.0,0.05705584858946199,0.14639382040814736,0.3062190392874079,0.5361421496094749,0.7521923947860517,1,20371513
beta_0.0_K_32,1.0,0.0,1.0,2,32,beta_k_heatmap,1000,32,grid,beta=0.0|K=32,30,1000,2000,False,completed,0,0,4.0,32.0,0.3804405000000002,0.006,1,1000,1.0,0.0251324894207465,4.3265965965965965,8.0,-0.038403303181682544,0.3448156783662073,0.29549458319534283,689.6313567324146,0.02808419642086977,0.0,0.062,1001.0,0.05018555975588834,0.13074719705111815,0.29549458319534283,0.5071889772077324,0.7183806072537218,2,893832628
beta_0.0_K_32,1.0,0.0,1.0,2,32,beta_k_heatmap,1000,32,grid,beta=0.0|K=32,30,1000,2000,False,completed,0,0,4.0,32.0,0.3771915000000001,0.01,1,1000,1.0,0.022333623659423416,4.313483483483483,8.0,-0.060114079535624775,0.3534688426824279,0.30330269206860216,706.9376853648558,0.02808419642086977,0.0,0.063,1001.0,0.06083428151389197,0.13708177868562532,0.30330269206860216,0.53890394385814,0.7181186448563772,3,1685983671
beta_0.0_K_32,1.0,0.0,1.0,2,32,beta_k_heatmap,1000,32,grid,beta=0.0|K=32,30,1000,2000,False,completed,0,0,4.0,32.0,0.3872420000000001,0.007,1,1000,1.0,0.020821141196307954,4.255607607607607,8.0,-0.0857321670980555,0.35178564793572603,0.29647839370693907,703.5712958714521,0.02808419642086977,0.0,0.077,1001.0,0.05683106388265455,0.13951544331288265,0.29647839370693907,0.5221506580351101,0.745485971186861,4,1517920673
beta_0.0_K_32,1.0,0.0,1.0,2,32,beta_k_heatmap,1000,32,grid,beta=0.0|K=32,30,1000,2000,False,completed,0,0,4.0,32.0,0.38124250000000015,0.008,1,1000,1.0,0.022015252425066294,4.287951951951952,8.0,-0.052424878704509854,0.34573167868158977,0.2959022432335696,691.4633573631795,0.02808419642086977,0.0,0.067,1001.0,0.04960107588530426,0.13819813061288133,0.2959022432335696,0.5079046188305925,0.7173808624294826,5,1986393150
beta_0.0_K_32,1.0,0.0,1.0,2,32,beta_k_heatmap,1000,32,grid,beta=0.0|K=32,30,1000,2000,False,completed,0,0,4.0,32.0,0.38004800000000016,0.007,1,1000,1.0,0.01827997274491848,4.292292292292292,7.0,-0.05853302263611151,0.35381073739064844,0.3015901516604048,707.6214747812969,0.02808419642086977,0.0,0.059,1001.0,0.05578002080876872,0.1344998731369353,0.3015901516604048,0.5237823987100452,0.7520720477814705,6,331082838
beta_0.0_K_32,1.0,0.0,1.0,2,32,beta_k_heatmap,1000,32,grid,beta=0.0|K=32,30,1000,2000,False,completed,0,0,4.0,32.0,0.3802795000000001,0.008,1,1000,1.0,0.01625207740686021,4.303005005005005,8.0,-0.040055396021447254,0.360997106010729,0.31944862829372356,721.994212021458,0.02808419642086977,0.0,0.067,1001.0,0.060069270162151384,0.15503018712116645,0.31944862829372356,0.5299369287580601,0.7415284087731997,7,3549846090
beta_0.0_K_32,1.0,0.0,1.0,2,32,beta_k_heatmap,1000,32,grid,beta=0.0|K=32,30,1000,2000,False,completed,0,0,4.0,32.0,0.37729100000000004,0.008,1,1000,1.0,0.016077948211142806,4.322532532532533,8.0,-0.0367466523499874,0.35134138343599514,0.29764769695928683,702.6827668719902,0.02808419642086977,0.0,0.061,1001.0,0.054209901815541896,0.1377839191071552,0.29764769695928683,0.5361536324224064,0.723489789625756,8,451800358
beta_0.0_K_32,1.0,0.0,1.0,2,32,beta_k_heatmap,1000,32,grid,beta=0.0|K=32,30,1000,2000,False,completed,0,0,4.0,32.0,0.37884050000000014,0.007,1,1000,1.0,0.017268553463451998,4.315003003003003,8.0,-0.03839302479868996,0.3494795105317461,0.29492807297122164,698.9590210634922,0.02808419642086977,0.0,0.064,1001.0,0.05411767304387225,0.13719663864487663,0.29492807297122164,0.5229028918212961,0.730271856419157,9,1045505632
beta_0.0_K_32,1.0,0.0,1.0,2,32,beta_k_heatmap,1000,32,grid,beta=0.0|K=32,30,1000,2000,False,completed,0,0,4.0,32.0,0.3818115000000002,0.012,1,1000,1.0,0.02400667999126605,4.244058058058058,7.0,-0.05392520768086325,0.34707074244619,0.3049756098714838,694.14148489238,0.02808419642086977,0.0,0.055,1001.0,0.059090693928534485,0.13791714731179008,0.3049756098714838,0.5194661829466025,0.7128329774841764,10,704969316
beta_0.0_K_32,1.0,0.0,1.0,2,32,beta_k_heatmap,1000,32,grid,beta=0.0|K=32,30,1000,2000,False,completed,0,0,4.0,32.0,0.38285250000000004,0.01,1,1000,1.0,0.01872465361801413,4.238538538538538,7.0,-0.06411678307005206,0.3410644438432,0.2882401153694636,682.1288876864,0.02808419642086977,0.0,0.057,1001.0,0.05280300083751976,0.1354726508100733,0.2882401153694636,0.5069002544550065,0.7198108573822773,11,873134062
beta_0.0_K_32,1.0,0.0,1.0,2,32,beta_k_heatmap,1000,32,grid,beta=0.0|K=32,30,1000,2000,False,completed,0,0,4.0,32.0,0.3790605,0.008,1,1000,1.0,0.015673930564851103,4.292396396396397,7.0,-0.034963498533694924,0.35501502894989934,0.2976599567528051,710.0300578997986,0.02808419642086977,0.0,0.063,1001.0,0.05921812209027533,0.14185157575981058,0.2976599567528051,0.5234582905062357,0.7472025551653481,12,2069165962
beta_0.0_K_32,1.0,0.0,1.0,2,32,beta_k_heatmap,1000,32,grid,beta=0.0|K=32,30,1000,2000,False,completed,0,0,4.0,32.0,0.3790525,0.008,1,1000,1.0,0.013203301641967572,4.327625625625625,8.0,-0.04245878857097552,0.3490114955448239,0.30701419804207086,698.0229910896478,0.02808419642086977,0.0,0.065,1001.0,0.055327513780735874,0.14587444136245892,0.30701419804207086,0.5183222539531801,0.7076669537077638,13,3404056015
beta_0.0_K_32,1.0,0.0,1.0,2,32,beta_k_heatmap,1000,32,grid,beta=0.0|K=32,30,1000,2000,False,completed,0,0,4.0,32.0,0.3767745,0.007,1,1000,1.0,0.0163675775245553,4.338156156156156,7.0,-0.011688491107404402,0.3410736120970297,0.2931292925508587,682.1472241940594,0.02808419642086977,0.0,0.064,1001.0,0.05604437436358764,0.13362784928683338,0.2931292925508587,0.505842339054756,0.7035533573418351,14,1134657421
beta_0.0_K_32,1.0,0.0,1.0,2,32,beta_k_heatmap,1000,32,grid,beta=0.0|K=32,30,1000,2000,False,completed,0,0,4.0,32.0,0.3802660000000002,0.008,1,1000,1.0,0.012748930112509754,4.322890890890891,8.0,-0.034806347273083585,0.34871311634080926,0.3087784340117607,697.4262326816186,0.02808419642086977,0.0,0.066,1001.0,0.05963440521979719,0.1441238199441809,0.3087784340117607,0.5038873423206628,0.7148808345748988,15,1939097987
beta_0.0_K_32,1.0,0.0,1.0,2,32,beta_k_heatmap,1000,32,grid,beta=0.0|K=32,30,1000,2000,False,completed,0,0,4.0,32.0,0.37716150000000015,0.009,1,1000,1.0,0.01928382954335317,4.291073073073073,8.0,-0.04089047754051215,0.3488014719849884,0.30092423473804086,697.6029439699768,0.02808419642086977,0.0,0.065,1001.0,0.06113489337021662,0.1463512716940592,0.30092423473804086,0.5104788220269965,0.7174908221970601,16,1360884803
beta_0.0_K_32,1.0,0.0,1.0,2,32,beta_k_heatmap,1000,32,grid,beta=0.0|K=32,30,1000,2000,False,completed,0,0,4.0,32.0,0.3823340000000002,0.006,1,1000,1.0,0.022241476923937954,4.275535535535536,7.0,-0.058874760435382235,0.3520327010576922,0.2988110318814766,704.0654021153844,0.02808419642086977,0.0,0.062,1001.0,0.05902040059270951,0.14121700567427425,0.2988110318814766,0.5309059379559808,0.7286496868727229,17,3849663113
beta_0.0_K_32,1.0,0.0,1.0,2,32,beta_k_heatmap,1000,32,grid,beta=0.0|K=32,30,1000,2000,False,completed,0,0,4.0,32.0,0.3753105000000001,0.008,1,1000,1.0,0.015045997474363696,4.370976976976977,8.0,-0.020053271534991993,0.3516213208044313,0.30404124592316617,703.2426416088626,0.02808419642086977,0.0,0.069,1001.0,0.05905277504508917,0.1412732458431651,0.30404124592316617,0.5225487340370404,0.7134763141265014,18,1934197529
beta_0.0_K_32,1.0,0.0,1.0,2,32,beta_k_heatmap,1000,32,grid,beta=0.0|K=32,30,1000,2000,False,completed,0,0,4.0,32.0,0.37426000000000004,0.007,1,1000,1.0,0.015723869670443646,4.307213213213213,7.0,-0.014917199136871133,0.3503181543426932,0.2939661649238987,700.6363086853864,0.02808419642086977,0.0,0.054,1001.0,0.057385151067888426,0.13856102178030316,0.2939661649238987,0.519998920862283,0.7269909724108282,19,4118584677
beta_0.0_K_32,1.0,0.0,1.0,2,32,beta_k_heatmap,1000,32,grid,beta=0.0|K=32,30,1000,2000,False,completed,0,0,4.0,32.0,0.37702950000000013,0.006,1,1000,1.0,0.01805784223365205,4.3275595595595595,8.0,-0.04510275362983933,0.3464154225856456,0.29925225405165484,692.8308451712912,0.02808419642086977,0.0,0.062,1001.0,0.05311236678165932,0.13625806559020026,0.29925225405165484,0.5148350284087813,0.7045297013711269,20,1740869642
beta_0.0_K_32,1.0,0.0,1.0,2,32,beta_k_heatmap,1000,32,grid,beta=0.0|K=32,30,1000,2000,False,completed,0,0,4.0,32.0,0.37840050000000014,0.007,1,1000,1.0,0.012886196410510876,4.318652652652653,7.0,-0.05866528554049182,0.3430851403272946,0.28693651607156573,686.1702806545892,0.02808419642086977,0.0,0.065,1001.0,0.05434237063218422,0.13473593363100145,0.28693651607156573,0.512319065467555,0.7225163206734719,21,1616049935
beta_0.0_K_32,1.0,0.0,1.0,2,32,beta_k_heatmap,1000,32,grid,beta=0.0|K=32,30,1000,2000,False,completed,0,0,4.0,32.0,0.38170000000000015,0.007,1,1000,1.0,0.02078215158687966,4.321353353353353,8.0,-0.08103921055419877,0.3509411631682105,0.3029149681002813,701.882326336421,0.02808419642086977,0.0,0.067,1001.0,0.054781683395463555,0.14270491459680967,0.3029149681002813,0.5217280853883445,0.7241677676256658,22,2746170376
beta_0.0_K_32,1.0,0.0,1.0,2,32,beta_k_heatmap,1000,32,grid,beta=0.0|K=32,30,1000,2000,False,completed,0,0,4.0,32.0,0.3797165,0.009,1,1000,1.0,0.019722431204210706,4.280772772772773,8.0,-0.06269207393744605,0.3552193620789653,0.30103302920281294,710.4387241579307,0.02808419642086977,0.0,0.064,1001.0,0.05782751779290879,0.14874539341168094,0.30103302920281294,0.5268021156775512,0.747323434486278,23,3822095510
beta_0.0_K_32,1.0,0.0,1.0,2,32,beta_k_heatmap,1000,32,grid,beta=0.0|K=32,30,1000,2000,False,completed,0,0,4.0,32.0,0.37971050000000006,0.007,1,1000,1.0,0.028425692160200695,4.3184944944944945,8.0,-0.0783909626336109,0.3591450932902927,0.31490821203010144,718.2901865805854,0.02808419642086977,0.0,0.061,1001.0,0.06241281403979257,0.14261784553029747,0.31490821203010144,0.5298527440666001,0.7349973629869866,24,4214115981
beta_0.0_K_32,1.0,0.0,1.0,2,32,beta_k_heatmap,1000,32,grid,beta=0.0|K=32,30,1000,2000,False,completed,0,0,4.0,32.0,0.3778940000000002,0.01,1,1000,1.0,0.026754863328466688,4.3014114114114115,8.0,-0.033552735625440096,0.34894195424488694,0.29845402193399767,697.8839084897738,0.02808419642086977,0.0,0.061,1001.0,0.055656608908677685,0.12899636392149616,0.29845402193399767,0.5312790869295745,0.7267378802562423,25,1406546859
beta_0.0_K_32,1.0,0.0,1.0,2,32,beta_k_heatmap,1000,32,grid,beta=0.0|K=32,30,1000,2000,False,completed,0,0,4.0,32.0,0.3769255,0.008,1,1000,1.0,0.018916029649461253,4.331227227227227,7.0,-0.029459484226308674,0.3524916789270023,0.30877854562941653,704.9833578540046,0.02808419642086977,0.0,0.068,1001.0,0.058539476290467844,0.14027788586999962,0.30877854562941653,0.5136538079633931,0.7354409943466338,26,2693130925
beta_0.0_K_32,1.0,0.0,1.0,2,32,beta_k_heatmap,1000,32,grid,beta=0.0|K=32,30,1000,2000,False,completed,0,0,4.0,32.0,0.38291300000000006,0.008,1,1000,1.0,0.021590232060344213,4.265071071071071,7.0,-0.03078554962187947,0.3486790773237492,0.2969156432276716,697.3581546474984,0.02808419642086977,0.0,0.064,1001.0,0.0627660419196764,0.13851469022455482,0.2969156432276716,0.5238872534212908,0.7214492624446442,27,1612677443
beta_0.0_K_32,1.0,0.0,1.0,2,32,beta_k_heatmap,1000,32,grid,beta=0.0|K=32,30,1000,2000,False,completed,0,0,4.0,32.0,0.37698750000000003,0.01,1,1000,1.0,0.020783820491608197,4.2932912912912915,8.0,-0.05386255360124515,0.35030674572288795,0.293847231405816,700.6134914457759,0.02808419642086977,0.0,0.06,1001.0,0.057965171640463636,0.14433666746191487,0.293847231405816,0.5181436000221337,0.7239520964054685,28,1851473017
beta_0.0_K_32,1.0,0.0,1.0,2,32,beta_k_heatmap,1000,32,grid,beta=0.0|K=32,30,1000,2000,False,completed,0,0,4.0,32.0,0.3777305000000002,0.007,1,1000,1.0,0.013984282903893796,4.32567967967968,8.0,-0.05442383150635513,0.3402227573281685,0.2889070581965366,680.445514656337,0.02808419642086977,0.0,0.062,1001.0,0.053412917915227565,0.13876796204947328,0.2889070581965366,0.4970213284744143,0.7089575787725391,29,3238904230
beta_0.0_K_very_large,1.0,0.0,1.0,2,very_large,beta_k_heatmap,1000,very_large,grid,beta=0.0|K=very_large,30,1000,2000,False,completed,0,0,4.0,78.0,0.392293,0.0,1,1000,1.0,0.045691004131182905,3.9784384384384386,7.0,-0.09901215357597438,0.3494844335728288,0.30497599255068397,698.9688671456577,0.07422251911229867,0.0,0.055,1001.0,0.061780790356758535,0.13758052121427555,0.30497599255068397,0.5154021794653308,0.71652287746431,0,2843584655
beta_0.0_K_very_large,1.0,0.0,1.0,2,very_large,beta_k_heatmap,1000,very_large,grid,beta=0.0|K=very_large,30,1000,2000,False,completed,0,0,4.0,77.0,0.38607000000000014,0.0,1,1000,1.0,0.019893431462454845,4.099961961961962,7.0,-0.06814637002731103,0.34109784642193847,0.29168849866517693,682.1956928438769,0.07321951209726761,0.0,0.06,1001.0,0.05398137825859266,0.1331280719543217,0.29168849866517693,0.5031845032251993,0.7177659345601309,1,3786616161
beta_0.0_K_very_large,1.0,0.0,1.0,2,very_large,beta_k_heatmap,1000,very_large,grid,beta=0.0|K=very_large,30,1000,2000,False,completed,0,0,4.0,76.0,0.39024000000000014,0.0,1,1000,1.0,0.029638700475259756,4.091015015015015,7.0,-0.10120437099809657,0.3546407763071816,0.3099642209784649,709.2815526143632,0.07221650508223655,0.0,0.058,1001.0,0.056746675070511926,0.1424877588822746,0.3099642209784649,0.5192094427568263,0.735495763253396,2,3514026453
beta_0.0_K_very_large,1.0,0.0,1.0,2,very_large,beta_k_heatmap,1000,very_large,grid,beta=0.0|K=very_large,30,1000,2000,False,completed,0,0,4.0,72.0,0.3916240000000002,0.0,1,1000,1.0,0.029275604429343936,4.136750750750751,7.0,-0.0816826452028732,0.35994756945977285,0.30688685693592227,719.8951389195457,0.0682044770221123,0.0,0.066,1001.0,0.06384245392922729,0.14429046405707116,0.30688685693592227,0.5316094510697891,0.7537163690973366,3,2217145428
beta_0.0_K_very_large,1.0,0.0,1.0,2,very_large,beta_k_heatmap,1000,very_large,grid,beta=0.0|K=very_large,30,1000,2000,False,completed,0,0,4.0,93.0,0.3860135,0.0,1,1000,1.0,0.03639533870932023,4.07178978978979,7.0,-0.06814281490443487,0.3540289795158817,0.2939176949138891,708.0579590317634,0.08926762433776461,0.0,0.059,1001.0,0.05799941712949037,0.1339700262362617,0.2939176949138891,0.5389199556215515,0.7399382211281716,4,1888456108
beta_0.0_K_very_large,1.0,0.0,1.0,2,very_large,beta_k_heatmap,1000,very_large,grid,beta=0.0|K=very_large,30,1000,2000,False,completed,0,0,4.0,72.0,0.38535300000000006,0.0,1,1000,1.0,0.028108386495058663,4.186850850850851,8.0,-0.07806597003633357,0.34968606230796945,0.3002166961923246,699.3721246159389,0.0682044770221123,0.0,0.064,1001.0,0.05105836238794698,0.13501957104336948,0.3002166961923246,0.5247728600500188,0.7303286396609648,5,2103076085
beta_0.0_K_very_large,1.0,0.0,1.0,2,very_large,beta_k_heatmap,1000,very_large,grid,beta=0.0|K=very_large,30,1000,2000,False,completed,0,0,4.0,96.0,0.3959975,0.0,1,1000,1.0,0.038948953637147836,3.913945945945946,8.0,-0.08911537551136302,0.3498503754638821,0.299718096070872,699.7007509277641,0.0922766453828578,0.0,0.056,1001.0,0.05582103578452723,0.14222428783158927,0.299718096070872,0.5230846239081118,0.7136069614657279,6,1848271517
beta_0.0_K_very_large,1.0,0.0,1.0,2,very_large,beta_k_heatmap,1000,very_large,grid,beta=0.0|K=very_large,30,1000,2000,False,completed,0,0,4.0,93.0,0.3926980000000002,0.0,1,1000,1.0,0.03409264732921084,3.9685945945945944,7.0,-0.0778795389557604,0.352102268424808,0.31011747193612793,704.204536849616,0.08926762433776461,0.0,0.045,1001.0,0.0541339636864254,0.14324578483208592,0.31011747193612793,0.5254618753753171,0.7176049117138296,7,930334766
beta_0.0_K_very_large,1.0,0.0,1.0,2,very_large,beta_k_heatmap,1000,very_large,grid,beta=0.0|K=very_large,30,1000,2000,False,completed,0,0,4.0,74.0,0.38721950000000005,0.0,1,1000,1.0,0.040545669778197194,4.147097097097097,7.0,-0.06794299721643543,0.34897604188419906,0.29675315833003424,697.9520837683981,0.07021049105217442,0.0,0.061,1001.0,0.05439385805100032,0.1429208085971315,0.29675315833003424,0.5121640161310046,0.717287322188955,8,453177603
beta_0.0_K_very_large,1.0,0.0,1.0,2,very_large,beta_k_heatmap,1000,very_large,grid,beta=0.0|K=very_large,30,1000,2000,False,completed,0,0,4.0,99.0,0.38939100000000004,0.0,1,1000,1.0,0.043783780786165176,4.041943943943944,8.0,-0.08016303853874204,0.353416157829585,0.3034288532433193,706.83231565917,0.095285666427951,0.0,0.056,1001.0,0.051962459214525344,0.14350331744548417,0.3034288532433193,0.5326612503599811,0.7228364294318553,9,290441117
beta_0.0_K_very_large,1.0,0.0,1.0,2,very_large,beta_k_heatmap,1000,very_large,grid,beta=0.0|K=very_large,30,1000,2000,False,completed,0,0,4.0,92.0,0.39241400000000004,0.0,1,1000,1.0,0.04728009199867607,3.998842842842843,8.0,-0.1012778364936857,0.3515976149039527,0.30738564782606503,703.1952298079054,0.08826461732273355,0.0,0.049,1001.0,0.06412758222795334,0.14582880271676238,0.30738564782606503,0.5197107832769007,0.7073956601509708,10,2781668983
beta_0.0_K_very_large,1.0,0.0,1.0,2,very_large,beta_k_heatmap,1000,very_large,grid,beta=0.0|K=very_large,30,1000,2000,False,completed,0,0,4.0,99.0,0.3871030000000002,0.0,1,1000,1.0,0.04059441669036186,3.999825825825826,7.0,-0.08674161738478862,0.3572963158974483,0.302337145986876,714.5926317948966,0.095285666427951,0.0,0.052,1001.0,0.06009027640132284,0.1436264632445366,0.302337145986876,0.5361635393146286,0.7376738595369396,11,715567035
beta_0.0_K_very_large,1.0,0.0,1.0,2,very_large,beta_k_heatmap,1000,very_large,grid,beta=0.0|K=very_large,30,1000,2000,False,completed,0,0,4.0,94.0,0.3899975000000002,0.0,1,1000,1.0,0.04579766424680051,4.007511511511511,7.0,-0.09887501172503683,0.3415953059945211,0.29559782067001455,683.1906119890422,0.09027063135279569,0.0,0.057,1001.0,0.060402508689997865,0.13786595789340667,0.29559782067001455,0.5069704968539775,0.6864013089656035,12,3248713003
beta_0.0_K_very_large,1.0,0.0,1.0,2,very_large,beta_k_heatmap,1000,very_large,grid,beta=0.0|K=very_large,30,1000,2000,False,completed,0,0,4.0,89.0,0.3873380000000002,0.0,1,1000,1.0,0.026128001844963222,4.100188188188188,7.0,-0.08080748526797674,0.3584947576010361,0.31651977428071004,716.9895152020722,0.08525559627764037,0.0,0.06,1001.0,0.05893692453331407,0.14620635204088497,0.31651977428071004,0.5295568003142945,0.7365771995460774,13,217309595
beta_0.0_K_very_large,1.0,0.0,1.0,2,very_large,beta_k_heatmap,1000,very_large,grid,beta=0.0|K=very_large,30,1000,2000,False,completed,0,0,4.0,83.0,0.38534250000000014,0.0,1,1000,1.0,0.03214128031602301,4.024952952952953,8.0,-0.09105482439651583,0.34965922206731126,0.3035038967339715,699.3184441346225,0.07923755418745398,0.0,0.048,1001.0,0.06027598371496417,0.13918853123239103,0.3035038967339715,0.5287826198641452,0.7136390084803507,14,170762039
beta_0.0_K_very_large,1.0,0.0,1.0,2,very_large,beta_k_heatmap,1000,very_large,grid,beta=0.0|K=very_large,30,1000,2000,False,completed,0,0,4.0,114.0,0.38804300000000014,0.0,1,1000,1.0,0.03716783892796351,4.043257257257257,7.0,-0.07432752079623836,0.3470960826476506,0.29396054822023476,694.1921652953012,0.11033077165341694,0.0,0.053,1001.0,0.053563907348793335,0.1339570661668332,0.29396054822023476,0.517781280430609,0.7409834169032677,15,323088314
beta_0.0_K_very_large,1.0,0.0,1.0,2,very_large,beta_k_heatmap,1000,very_large,grid,beta=0.0|K=very_large,30,1000,2000,False,completed,0,0,4.0,58.0,0.3929060000000002,0.0,1,1000,1.0,0.03279380781768441,4.114364364364365,8.0,-0.10515614746534623,0.3389705861487952,0.28262105704166907,677.9411722975905,0.05416237881167741,0.0,0.052,1001.0,0.05390229748823474,0.12947092984416336,0.28262105704166907,0.5035018592452836,0.7220744510227657,16,3366746967
beta_0.0_K_very_large,1.0,0.0,1.0,2,very_large,beta_k_heatmap,1000,very_large,grid,beta=0.0|K=very_large,30,1000,2000,False,completed,0,0,4.0,75.0,0.3909880000000001,0.0,1,1000,1.0,0.034264643457236815,4.061713713713714,7.0,-0.09399515364827546,0.35411141053216294,0.300651240547681,708.2228210643259,0.07121349806720548,0.0,0.062,1001.0,0.056235851062602295,0.14151538775901912,0.300651240547681,0.5286260255326476,0.7390121234161308,17,2502653059
beta_0.0_K_very_large,1.0,0.0,1.0,2,very_large,beta_k_heatmap,1000,very_large,grid,beta=0.0|K=very_large,30,1000,2000,False,completed,0,0,4.0,106.0,0.3884335000000001,0.0,1,1000,1.0,0.037910266905596075,4.009797797797797,7.0,-0.08634452376795466,0.35714165751248717,0.312887515343683,714.2833150249743,0.10230671553316843,0.0,0.062,1001.0,0.058429312405379887,0.1449733418748737,0.312887515343683,0.522543408917008,0.7247292990238268,18,2971241717
beta_0.0_K_very_large,1.0,0.0,1.0,2,very_large,beta_k_heatmap,1000,very_large,grid,beta=0.0|K=very_large,30,1000,2000,False,completed,0,0,4.0,103.0,0.3918400000000002,0.0,1,1000,1.0,0.03973708680731323,3.9878338338338337,7.0,-0.0681736420101678,0.3524384784622149,0.3017509448626956,704.8769569244298,0.09929769448807525,0.0,0.056,1001.0,0.054151404807209126,0.13587207446748145,0.3017509448626956,0.5402667735498474,0.7220028009732553,19,735118472
beta_0.0_K_very_large,1.0,0.0,1.0,2,very_large,beta_k_heatmap,1000,very_large,grid,beta=0.0|K=very_large,30,1000,2000,False,completed,0,0,4.0,102.0,0.3879785,0.0,1,1000,1.0,0.04547681838027485,3.938004004004004,7.0,-0.10334025839048212,0.3470862139814157,0.30947738611277376,694.1724279628314,0.09829468747304419,0.0,0.045,1001.0,0.06086095041029156,0.14565044831832982,0.30947738611277376,0.5113084639993765,0.6950323140754744,20,1287018143
beta_0.0_K_very_large,1.0,0.0,1.0,2,very_large,beta_k_heatmap,1000,very_large,grid,beta=0.0|K=very_large,30,1000,2000,False,completed,0,0,4.0,97.0,0.3890370000000001,0.0,1,1000,1.0,0.039554563210730656,3.9665065065065064,7.0,-0.0941602029536641,0.3498102814851685,0.31342094825855604,699.620562970337,0.09327965239788887,0.0,0.051,1001.0,0.056821927626147864,0.14859054756771703,0.31342094825855604,0.5085473814112266,0.6966962157748583,21,2398314723
beta_0.0_K_very_large,1.0,0.0,1.0,2,very_large,beta_k_heatmap,1000,very_large,grid,beta=0.0|K=very_large,30,1000,2000,False,completed,0,0,4.0,71.0,0.391232,0.0,1,1000,1.0,0.028520249914064984,4.106044044044044,7.0,-0.08950151159313402,0.3466286499975648,0.2929262045025763,693.2572999951296,0.06720147000708122,0.0,0.055,1001.0,0.0575502508346477,0.13254754663494991,0.2929262045025763,0.5217472842263174,0.7240837219283425,22,1115117847
beta_0.0_K_very_large,1.0,0.0,1.0,2,very_large,beta_k_heatmap,1000,very_large,grid,beta=0.0|K=very_large,30,1000,2000,False,completed,0,0,4.0,93.0,0.38936550000000003,0.0,1,1000,1.0,0.028419400826126522,4.057097097097097,7.0,-0.0942958892065581,0.34792476905686115,0.3050978239510048,695.8495381137222,0.08926762433776461,0.0,0.054,1001.0,0.05701303584353242,0.14246628325811622,0.3050978239510048,0.5089704101191478,0.7011271763568256,23,2502854147
beta_0.0_K_very_large,1.0,0.0,1.0,2,very_large,beta_k_heatmap,1000,very_large,grid,beta=0.0|K=very_large,30,1000,2000,False,completed,0,0,4.0,84.0,0.3853780000000002,0.0,1,1000,1.0,0.026410890708622077,4.115471471471471,7.0,-0.06371250720709899,0.357415910674402,0.2986602912904702,714.8318213488039,0.08024056120248504,0.0,0.058,1001.0,0.05994756328714553,0.1469439702150141,0.2986602912904702,0.5441479431315399,0.7469247714544619,24,666086313
beta_0.0_K_very_large,1.0,0.0,1.0,2,very_large,beta_k_heatmap,1000,very_large,grid,beta=0.0|K=very_large,30,1000,2000,False,completed,0,0,4.0,116.0,0.3951635,0.0,1,1000,1.0,0.04500289723747949,3.9707947947947946,7.0,-0.09578957018933823,0.3559381157211297,0.3047736751399278,711.8762314422594,0.11233678568347907,0.0,0.057,1001.0,0.055705595800047386,0.13899028147549847,0.3047736751399278,0.5252005886142694,0.7402575519837671,25,2767912165
beta_0.0_K_very_large,1.0,0.0,1.0,2,very_large,beta_k_heatmap,1000,very_large,grid,beta=0.0|K=very_large,30,1000,2000,False,completed,0,0,4.0,81.0,0.39380100000000007,0.0,1,1000,1.0,0.02666670778104906,4.008390390390391,7.0,-0.11368213456026631,0.3592449576873916,0.319258653936679,718.4899153747832,0.07723154015739186,0.0,0.058,1001.0,0.061501272172767574,0.15371333657274314,0.319258653936679,0.5280532922140362,0.7058850599582553,26,3443385801
beta_0.0_K_very_large,1.0,0.0,1.0,2,very_large,beta_k_heatmap,1000,very_large,grid,beta=0.0|K=very_large,30,1000,2000,False,completed,0,0,4.0,100.0,0.39130850000000006,0.0,1,1000,1.0,0.03149971499349143,3.996984984984985,7.0,-0.07242405633626811,0.34709443739915014,0.2919595895813171,694.1888747983003,0.09628867344298206,0.0,0.06,1001.0,0.056952005060844316,0.1416035956357105,0.2919595895813171,0.5142920254942436,0.7168856687811034,27,2756033795
beta_0.0_K_very_large,1.0,0.0,1.0,2,very_large,beta_k_heatmap,1000,very_large,grid,beta=0.0|K=very_large,30,1000,2000,False,completed,0,0,4.0,71.0,0.386946,0.0,1,1000,1.0,0.030423500817168426,4.06591991991992,7.0,-0.0907541129845077,0.34803211687441954,0.2977069595041003,696.0642337488391,0.06720147000708122,0.0,0.053,1001.0,0.0558570734461587,0.13786117367063283,0.2977069595041003,0.5086899140680429,0.7205682590370607,28,3070065662
beta_0.0_K_very_large,1.0,0.0,1.0,2,very_large,beta_k_heatmap,1000,very_large,grid,beta=0.0|K=very_large,30,1000,2000,False,completed,0,0,4.0,61.0,0.3936330000000001,0.0,1,1000,1.0,0.035200016625047556,4.073337337337337,7.0,-0.12785636101381234,0.35578912922768713,0.311191259050864,711.5782584553742,0.0571713998567706,0.0,0.057,1001.0,0.05406160943122054,0.13861266859637275,0.311191259050864,0.5367188598642469,0.7250703925540655,29,2388774045
beta_0.5_K_8,1.0,0.5,1.0,2,8,beta_k_heatmap,1000,8,grid,beta=0.5|K=8,30,1000,2000,False,completed,0,0,4.0,8.0,0.2891110000000001,0.133,1,1000,1.0,0.004654761904761905,5.0979179179179175,9.0,0.0819506786518748,0.35075456765202245,0.2984707705360578,701.5091353040449,0.004012028060124253,0.0,0.0,1001.0,0.05405257070685203,0.13310064859651294,0.2984707705360578,0.5199538164031452,0.7221044482635981,0,2542101590
beta_0.5_K_8,1.0,0.5,1.0,2,8,beta_k_heatmap,1000,8,grid,beta=0.5|K=8,30,1000,2000,False,completed,0,0,4.0,8.0,0.293679,0.141,1,1000,1.0,0.0074333333333333335,5.058876876876877,8.0,0.07239054076898424,0.34772523264608785,0.2945991669877097,695.4504652921756,0.004012028060124253,0.0,0.0,1001.0,0.05385660279356609,0.1313132092586457,0.2945991669877097,0.5090506493341571,0.731453441178653,1,1254475834
beta_0.5_K_8,1.0,0.5,1.0,2,8,beta_k_heatmap,1000,8,grid,beta=0.5|K=8,30,1000,2000,False,completed,0,0,4.0,8.0,0.2852030000000001,0.133,1,1000,1.0,0.008126190476190476,5.09859059059059,9.0,0.12637085740701173,0.3547600670245908,0.3096434279825311,709.5201340491816,0.004012028060124253,0.0,0.0,1001.0,0.063516584562364,0.14251397195163046,0.3096434279825311,0.5194676873856535,0.7218821068909365,2,633084298
beta_0.5_K_8,1.0,0.5,1.0,2,8,beta_k_heatmap,1000,8,grid,beta=0.5|K=8,30,1000,2000,False,completed,0,0,4.0,8.0,0.29059500000000016,0.132,1,1000,1.0,0.008297619047619047,5.079703703703704,9.0,0.08356510972743067,0.3457116719746755,0.2987256177042452,691.423343949351,0.004012028060124253,0.0,0.0,1001.0,0.06003742476575276,0.1419792863275348,0.2987256177042452,0.5082060975189979,0.7098593841179522,3,1812295067
beta_0.5_K_8,1.0,0.5,1.0,2,8,beta_k_heatmap,1000,8,grid,beta=0.5|K=8,30,1000,2000,False,completed,0,0,4.0,8.0,0.2908305000000002,0.132,1,1000,1.0,0.008461904761904762,5.084928928928929,8.0,0.05845013081881648,0.33196149376064854,0.28388575901913193,663.922987521297,0.004012028060124253,0.0,0.0,1001.0,0.053055506161628255,0.13208924161625218,0.28388575901913193,0.4838883484277247,0.6978086824309524,4,3519769263
beta_0.5_K_8,1.0,0.5,1.0,2,8,beta_k_heatmap,1000,8,grid,beta=0.5|K=8,30,1000,2000,False,completed,0,0,4.0,8.0,0.2891135,0.134,1,1000,1.0,0.009814285714285715,5.097225225225225,8.0,0.06429001175379752,0.35020171883870826,0.3047385002173626,700.4034376774165,0.004012028060124253,0.0,0.0,1001.0,0.05589688996344059,0.12896514810149776,0.3047385002173626,0.5242608104764723,0.7417338236392718,5,3207521312
beta_0.5_K_8,1.0,0.5,1.0,2,8,beta_k_heatmap,1000,8,grid,beta=0.5|K=8,30,1000,2000,False,completed,0,0,4.0,8.0,0.29129400000000016,0.139,1,1000,1.0,0.01095,5.108328328328328,9.0,0.06177440942401471,0.3504673864471415,0.30153866454618583,700.934772894283,0.004012028060124253,0.0,0.0,1001.0,0.05808313134904946,0.14157855379856468,0.30153866454618583,0.5198521345111788,0.722344953019127,6,485766920
beta_0.5_K_8,1.0,0.5,1.0,2,8,beta_k_heatmap,1000,8,grid,beta=0.5|K=8,30,1000,2000,False,completed,0,0,4.0,8.0,0.2926460000000002,0.137,1,1000,1.0,0.012488095238095237,5.0668408408408405,9.0,0.059816910217774265,0.3493610736278233,0.297920317807229,698.7221472556466,0.004012028060124253,0.0,0.0,1001.0,0.048278843971821715,0.13464115319115172,0.297920317807229,0.5239197358552683,0.7413703073856754,7,1605532612
beta_0.5_K_8,1.0,0.5,1.0,2,8,beta_k_heatmap,1000,8,grid,beta=0.5|K=8,30,1000,2000,False,completed,0,0,4.0,8.0,0.2925110000000002,0.143,1,1000,1.0,0.00625,5.094672672672672,9.0,0.06365619195310515,0.3426810670001268,0.28712772825208066,685.3621340002536,0.004012028060124253,0.0,0.0,1001.0,0.05773157136725903,0.13634103009119286,0.28712772825208066,0.5119958391993014,0.7099227383046722,8,3205641502
beta_0.5_K_8,1.0,0.5,1.0,2,8,beta_k_heatmap,1000,8,grid,beta=0.5|K=8,30,1000,2000,False,completed,0,0,4.0,8.0,0.2930165,0.144,1,1000,1.0,0.004842857142857143,5.067545545545546,9.0,0.04532221167735679,0.3599520737229981,0.3065359627092,719.9041474459962,0.004012028060124253,0.0,0.0,1001.0,0.055873050709493326,0.13288520122154382,0.3065359627092,0.5425638774361363,0.7438800793495867,9,29022561
beta_0.5_K_8,1.0,0.5,1.0,2,8,beta_k_heatmap,1000,8,grid,beta=0.5|K=8,30,1000,2000,False,completed,0,0,4.0,8.0,0.2909885000000001,0.144,1,1000,1.0,0.007745238095238095,5.082518518518518,9.0,0.06753978247209994,0.3465877885819806,0.2903875237550839,693.1755771639612,0.004012028060124253,0.0,0.0,1001.0,0.04924331631784685,0.13145228672003978,0.2903875237550839,0.5231340927048823,0.731257175163556,10,2336457512
beta_0.5_K_8,1.0,0.5,1.0,2,8,beta_k_heatmap,1000,8,grid,beta=0.5|K=8,30,1000,2000,False,completed,0,0,4.0,8.0,0.2929035000000002,0.14,1,1000,1.0,0.007214285714285715,5.079881881881882,9.0,0.05471068706913721,0.34808754227895244,0.2970719045416881,696.1750845579049,0.004012028060124253,0.0,0.0,1001.0,0.056310838027236104,0.14172725056616325,0.2970719045416881,0.5194596180746058,0.7181510367697317,11,1873129138
beta_0.5_K_8,1.0,0.5,1.0,2,8,beta_k_heatmap,1000,8,grid,beta=0.5|K=8,30,1000,2000,False,completed,0,0,4.0,8.0,0.29036300000000015,0.144,1,1000,1.0,0.004938095238095238,5.083489489489489,9.0,0.07291771952035031,0.3468043898204046,0.30160735066058597,693.6087796408093,0.004012028060124253,0.0,0.0,1001.0,0.056098677467342956,0.1439850148721439,0.30160735066058597,0.519509196162282,0.7087436021752431,12,626110440
beta_0.5_K_8,1.0,0.5,1.0,2,8,beta_k_heatmap,1000,8,grid,beta=0.5|K=8,30,1000,2000,False,completed,0,0,4.0,8.0,0.28789450000000016,0.133,1,1000,1.0,0.007921428571428572,5.0878498498498494,8.0,0.08212548395858608,0.33880888681220156,0.2866241210353015,677.6177736244031,0.004012028060124253,0.0,0.0,1001.0,0.04730768771523739,0.12461055589468303,0.2866241210353015,0.5044959001737128,0.7136081001231744,13,1942530373
beta_0.5_K_8,1.0,0.5,1.0,2,8,beta_k_heatmap,1000,8,grid,beta=0.5|K=8,30,1000,2000,False,completed,0,0,4.0,8.0,0.2852020000000002,0.128,1,1000,1.0,0.007178571428571429,5.099409409409409,9.0,0.12810705396712038,0.3431382453888529,0.2953434621531203,686.2764907777058,0.004012028060124253,0.0,0.0,1001.0,0.056606728679569424,0.1355354042828422,0.2953434621531203,0.5084876432112257,0.7092907426266599,14,265969879
beta_0.5_K_8,1.0,0.5,1.0,2,8,beta_k_heatmap,1000,8,grid,beta=0.5|K=8,30,1000,2000,False,completed,0,0,4.0,8.0,0.2916865000000002,0.143,1,1000,1.0,0.006802380952380952,5.0863263263263265,8.0,0.0540757428253775,0.34737065023762204,0.29509638340477995,694.7413004752441,0.004012028060124253,0.0,0.0,1001.0,0.05935233339032669,0.1423673561461816,0.29509638340477995,0.512111511003642,0.7130269227334941,15,4045699457
beta_0.5_K_8,1.0,0.5,1.0,2,8,beta_k_heatmap,1000,8,grid,beta=0.5|K=8,30,1000,2000,False,completed,0,0,4.0,8.0,0.2905985000000002,0.136,1,1000,1.0,0.010764285714285714,5.0842182182182185,9.0,0.07213524386817541,0.34301253921703745,0.28880973970497803,686.0250784340749,0.004012028060124253,0.0,0.0,1001.0,0.05440034868833633,0.13001692248733765,0.28880973970497803,0.512930071877192,0.7224702771208467,16,1720484253
beta_0.5_K_8,1.0,0.5,1.0,2,8,beta_k_heatmap,1000,8,grid,beta=0.5|K=8,30,1000,2000,False,completed,0,0,4.0,8.0,0.29274900000000015,0.148,1,1000,1.0,0.012161904761904761,5.070874874874875,9.0,0.05625798330217075,0.3541619481236585,0.2990445619084853,708.323896247317,0.004012028060124253,0.0,0.0,1001.0,0.051939657888088964,0.1373023638394404,0.2990445619084853,0.5421026999763628,0.7349266807500585,17,526899958
beta_0.5_K_8,1.0,0.5,1.0,2,8,beta_k_heatmap,1000,8,grid,beta=0.5|K=8,30,1000,2000,False,completed,0,0,4.0,8.0,0.2882610000000001,0.133,1,1000,1.0,0.012150000000000001,5.107661661661662,9.0,0.08010256161178049,0.34432489283114703,0.2944638707959349,688.6497856622941,0.004012028060124253,0.0,0.0,1001.0,0.05500793830969936,0.13090877448853452,0.2944638707959349,0.5189544257651275,0.7061020368564944,18,1008499368
beta_0.5_K_8,1.0,0.5,1.0,2,8,beta_k_heatmap,1000,8,grid,beta=0.5|K=8,30,1000,2000,False,completed,0,0,4.0,8.0,0.2902445,0.133,1,1000,1.0,0.005188095238095238,5.084868868868869,9.0,0.08165099106042165,0.35086258603246817,0.29722172071276165,701.7251720649364,0.004012028060124253,0.0,0.0,1001.0,0.05577604673506981,0.13499687744416602,0.29722172071276165,0.5216703398020386,0.7313510483766436,19,448412917
beta_0.5_K_8,1.0,0.5,1.0,2,8,beta_k_heatmap,1000,8,grid,beta=0.5|K=8,30,1000,2000,False,completed,0,0,4.0,8.0,0.2886285000000002,0.138,1,1000,1.0,0.00445952380952381,5.084232232232233,9.0,0.08359201428230618,0.34372655350852876,0.2896383572321608,687.4531070170575,0.004012028060124253,0.0,0.0,1001.0,0.053756020219081796,0.131846511756019,0.2896383572321608,0.5113115842772477,0.7157571918819364,20,3232884975
beta_0.5_K_8,1.0,0.5,1.0,2,8,beta_k_heatmap,1000,8,grid,beta=0.5|K=8,30,1000,2000,False,completed,0,0,4.0,8.0,0.2884105000000001,0.134,1,1000,1.0,0.00983809523809524,5.088928928928929,9.0,0.09244980046141339,0.3544733519205162,0.3077481325891266,708.9467038410324,0.004012028060124253,0.0,0.0,1001.0,0.05744107414167824,0.13519546427982443,0.3077481325891266,0.5333380334315496,0.7341629880781336,21,996677599
beta_0.5_K_8,1.0,0.5,1.0,2,8,beta_k_heatmap,1000,8,grid,beta=0.5|K=8,30,1000,2000,False,completed,0,0,4.0,8.0,0.2918390000000002,0.138,1,1000,1.0,0.004864285714285714,5.074874874874875,8.0,0.05354194381258879,0.3618253319770331,0.3087788345958744,723.6506639540662,0.004012028060124253,0.0,0.0,1001.0,0.06050402324258392,0.14278260021829153,0.3087788345958744,0.5482890205271705,0.7388302781809242,22,4240137564
beta_0.5_K_8,1.0,0.5,1.0,2,8,beta_k_heatmap,1000,8,grid,beta=0.5|K=8,30,1000,2000,False,completed,0,0,4.0,8.0,0.2904490000000002,0.139,1,1000,1.0,0.012557142857142857,5.090624624624625,8.0,0.09028509700319194,0.34315674389151046,0.29840974946019305,686.313487783021,0.004012028060124253,0.0,0.0,1001.0,0.05075796128033502,0.13527633100759728,0.29840974946019305,0.5094897537613228,0.7246563157360498,23,494951245
beta_0.5_K_8,1.0,0.5,1.0,2,8,beta_k_heatmap,1000,8,grid,beta=0.5|K=8,30,1000,2000,False,completed,0,0,4.0,8.0,0.29183250000000016,0.135,1,1000,1.0,0.007728571428571428,5.09248048048048,9.0,0.0553114836986026,0.3470307020648234,0.299150995965508,694.0614041296468,0.004012028060124253,0.0,0.0,1001.0,0.052129576071335795,0.13614752157299412,0.299150995965508,0.5202515132564844,0.7214309711748244,24,454766416
beta_0.5_K_8,1.0,0.5,1.0,2,8,beta_k_heatmap,1000,8,grid,beta=0.5|K=8,30,1000,2000,False,completed,0,0,4.0,8.0,0.2869625,0.135,1,1000,1.0,0.005183333333333333,5.089785785785786,9.0,0.08434195969065568,0.3557748184961514,0.303738306771115,711.5496369923028,0.004012028060124253,0.0,0.0,1001.0,0.050367789434531844,0.13430508746023606,0.303738306771115,0.5393773394469541,0.7436916862518769,25,2884202831
beta_0.5_K_8,1.0,0.5,1.0,2,8,beta_k_heatmap,1000,8,grid,beta=0.5|K=8,30,1000,2000,False,completed,0,0,4.0,8.0,0.28969100000000014,0.127,1,1000,1.0,0.009607142857142857,5.090032032032032,9.0,0.08270787360342338,0.3427218766570946,0.28707233392315346,685.4437533141892,0.004012028060124253,0.0,0.0,1001.0,0.05422223102365118,0.12637604716576298,0.28707233392315346,0.5086902695287399,0.7218485871789118,26,3843594130
beta_0.5_K_8,1.0,0.5,1.0,2,8,beta_k_heatmap,1000,8,grid,beta=0.5|K=8,30,1000,2000,False,completed,0,0,4.0,8.0,0.28834250000000017,0.133,1,1000,1.0,0.006802380952380952,5.100024024024024,9.0,0.07903522553765287,0.34484089362544745,0.30190695034108594,689.6817872508949,0.004012028060124253,0.0,0.0,1001.0,0.054481874087794785,0.13481483786949627,0.30190695034108594,0.4968891719471331,0.7089710813548178,27,41570280
beta_0.5_K_8,1.0,0.5,1.0,2,8,beta_k_heatmap,1000,8,grid,beta=0.5|K=8,30,1000,2000,False,completed,0,0,4.0,8.0,0.2910475000000001,0.144,1,1000,1.0,0.009845238095238094,5.0808528528528525,9.0,0.08400171697740016,0.34678773880469366,0.2925130636939882,693.5754776093873,0.004012028060124253,0.0,0.0,1001.0,0.05150312803089298,0.13235389466145825,0.2925130636939882,0.526050762020218,0.7210403735940074,28,4106188273
beta_0.5_K_8,1.0,0.5,1.0,2,8,beta_k_heatmap,1000,8,grid,beta=0.5|K=8,30,1000,2000,False,completed,0,0,4.0,8.0,0.29338300000000017,0.146,1,1000,1.0,0.008338095238095238,5.058276276276276,8.0,0.08055920869959377,0.35408478866049004,0.3086988614409851,708.1695773209801,0.004012028060124253,0.0,0.0,1001.0,0.052232963532744814,0.14705918134789792,0.3086988614409851,0.5195225431988393,0.7218946694390461,29,3437549337
beta_0.5_K_16,1.0,0.5,1.0,2,16,beta_k_heatmap,1000,16,grid,beta=0.5|K=16,30,1000,2000,False,completed,0,0,4.0,16.0,0.3482590000000001,0.021,1,1000,1.0,0.010378887778887779,4.662736736736737,8.0,0.01282304989472068,0.35153799002623215,0.29763068202414467,703.0759800524643,0.012036084180372757,0.0,0.074,1001.0,0.057322121236593256,0.14366244732346672,0.29763068202414467,0.5203768853823066,0.7290422912197692,0,582359054
beta_0.5_K_16,1.0,0.5,1.0,2,16,beta_k_heatmap,1000,16,grid,beta=0.5|K=16,30,1000,2000,False,completed,0,0,4.0,16.0,0.34560250000000003,0.017,1,1000,1.0,0.006588167388167389,4.671273273273274,8.0,0.01750517805839494,0.34913618779607214,0.30018854735894035,698.2723755921443,0.012036084180372757,0.0,0.073,1001.0,0.05535698159180383,0.14768063265622214,0.30018854735894035,0.5076237501792746,0.7107100539435396,1,4211878014
beta_0.5_K_16,1.0,0.5,1.0,2,16,beta_k_heatmap,1000,16,grid,beta=0.5|K=16,30,1000,2000,False,completed,0,0,4.0,16.0,0.34738100000000016,0.014,1,1000,1.0,0.008692010767010767,4.684066066066066,8.0,0.04682078461165601,0.3431928753318481,0.2839311074052142,686.3857506636962,0.012036084180372757,0.0,0.069,1001.0,0.058015581393571714,0.12876976923765998,0.2839311074052142,0.5196982870384197,0.7246517847631367,2,2467128858
beta_0.5_K_16,1.0,0.5,1.0,2,16,beta_k_heatmap,1000,16,grid,beta=0.5|K=16,30,1000,2000,False,completed,0,0,4.0,16.0,0.35183300000000006,0.018,1,1000,1.0,0.01391033411033411,4.6625465465465465,8.0,0.024645770564238827,0.3442807930799746,0.28428206877535345,688.5615861599492,0.012036084180372757,0.0,0.079,1001.0,0.045856659789668575,0.13000248909481915,0.28428206877535345,0.5227773193573846,0.7395994379054224,3,3486976847
beta_0.5_K_16,1.0,0.5,1.0,2,16,beta_k_heatmap,1000,16,grid,beta=0.5|K=16,30,1000,2000,False,completed,0,0,4.0,16.0,0.3471360000000001,0.015,1,1000,1.0,0.012493570318570318,4.706038038038038,8.0,0.023931909383867824,0.34994783033454757,0.2975526699867633,699.8956606690952,0.012036084180372757,0.0,0.065,1001.0,0.05655597513597832,0.1426237977802357,0.2975526699867633,0.5065585597207185,0.7408779092859614,4,2752408420
beta_0.5_K_16,1.0,0.5,1.0,2,16,beta_k_heatmap,1000,16,grid,beta=0.5|K=16,30,1000,2000,False,completed,0,0,4.0,16.0,0.353005,0.016,1,1000,1.0,0.00851873126873127,4.6666466466466465,8.0,-0.017719842478021584,0.35630368221006636,0.3030254930275076,712.6073644201327,0.012036084180372757,0.0,0.078,1001.0,0.054093360758857886,0.14127768838386057,0.3030254930275076,0.5422538230691537,0.7312193945536514,5,2853769122
beta_0.5_K_16,1.0,0.5,1.0,2,16,beta_k_heatmap,1000,16,grid,beta=0.5|K=16,30,1000,2000,False,completed,0,0,4.0,16.0,0.3504210000000001,0.015,1,1000,1.0,0.009237240537240536,4.705153153153153,8.0,-0.0012815937727381668,0.35663545418027265,0.30071020970659246,713.2709083605453,0.012036084180372757,0.0,0.075,1001.0,0.055792579972055126,0.14115608633131468,0.30071020970659246,0.5389579011017925,0.7375349976635347,6,125741541
beta_0.5_K_16,1.0,0.5,1.0,2,16,beta_k_heatmap,1000,16,grid,beta=0.5|K=16,30,1000,2000,False,completed,0,0,4.0,16.0,0.35291400000000017,0.018,1,1000,1.0,0.008974056499056499,4.682228228228229,8.0,0.007100724631073125,0.3560184512771676,0.3118606663587858,712.0369025543351,0.012036084180372757,0.0,0.07,1001.0,0.05763883878211253,0.1473449676909806,0.3118606663587858,0.5334972948988139,0.7288663371443244,7,2851447828
beta_0.5_K_16,1.0,0.5,1.0,2,16,beta_k_heatmap,1000,16,grid,beta=0.5|K=16,30,1000,2000,False,completed,0,0,4.0,16.0,0.3465260000000001,0.015,1,1000,1.0,0.009052872127872128,4.69756956956957,8.0,0.04110294986949742,0.3469090254257782,0.2996327271584606,693.8180508515563,0.012036084180372757,0.0,0.071,1001.0,0.051445589133191645,0.1357356385807953,0.2996327271584606,0.5152532237181792,0.7272871854506492,8,414703469
beta_0.5_K_16,1.0,0.5,1.0,2,16,beta_k_heatmap,1000,16,grid,beta=0.5|K=16,30,1000,2000,False,completed,0,0,4.0,16.0,0.34701950000000004,0.017,1,1000,1.0,0.011757270507270507,4.6879499499499495,8.0,0.035177118371677106,0.336999731609126,0.2856755420180922,673.999463218252,0.012036084180372757,0.0,0.072,1001.0,0.059236647707167675,0.13986955728085676,0.2856755420180922,0.49471520474122477,0.7009289701398835,9,592329950
beta_0.5_K_16,1.0,0.5,1.0,2,16,beta_k_heatmap,1000,16,grid,beta=0.5|K=16,30,1000,2000,False,completed,0,0,4.0,16.0,0.3512010000000001,0.015,1,1000,1.0,0.012955586080586081,4.667937937937938,8.0,0.011827478962463066,0.34675097856863624,0.30337864182246954,693.5019571372725,0.012036084180372757,0.0,0.076,1001.0,0.05062466974390157,0.13122743797313646,0.30337864182246954,0.51187853278194,0.7225283951159576,10,2323324551
beta_0.5_K_16,1.0,0.5,1.0,2,16,beta_k_heatmap,1000,16,grid,beta=0.5|K=16,30,1000,2000,False,completed,0,0,4.0,16.0,0.34850100000000017,0.017,1,1000,1.0,0.016693145743145742,4.67007007007007,8.0,0.009162761863856228,0.353800941017314,0.30375644951727304,707.601882034628,0.012036084180372757,0.0,0.071,1001.0,0.059246716575227065,0.14507673648680505,0.30375644951727304,0.5163742845673833,0.7331432263167165,11,3816666993
beta_0.5_K_16,1.0,0.5,1.0,2,16,beta_k_heatmap,1000,16,grid,beta=0.5|K=16,30,1000,2000,False,completed,0,0,4.0,16.0,0.35332050000000015,0.017,1,1000,1.0,0.006393459318459319,4.657193193193193,8.0,0.003990510815050439,0.35488167394539843,0.3041156826321977,709.7633478907969,0.012036084180372757,0.0,0.071,1001.0,0.06330822540126266,0.13934753287564608,0.3041156826321977,0.528411163896509,0.7346089235850989,12,1308961002
beta_0.5_K_16,1.0,0.5,1.0,2,16,beta_k_heatmap,1000,16,grid,beta=0.5|K=16,30,1000,2000,False,completed,0,0,4.0,16.0,0.34417600000000004,0.02,1,1000,1.0,0.010398518148518148,4.698840840840841,8.0,0.0394760687133892,0.35409550114170735,0.3009332890654748,708.1910022834147,0.012036084180372757,0.0,0.065,1001.0,0.057983475004799445,0.134199559678771,0.3009332890654748,0.5266443436960567,0.7354651150881129,13,72159018
beta_0.5_K_16,1.0,0.5,1.0,2,16,beta_k_heatmap,1000,16,grid,beta=0.5|K=16,30,1000,2000,False,completed,0,0,4.0,16.0,0.3486990000000001,0.021,1,1000,1.0,0.0075716422466422465,4.664988988988989,8.0,0.035283204056081804,0.3537372870683518,0.30293563687042085,707.4745741367036,0.012036084180372757,0.0,0.065,1001.0,0.06281015883453094,0.14269389682321867,0.30293563687042085,0.5272038246370069,0.7169646220212527,14,3500630509
beta_0.5_K_16,1.0,0.5,1.0,2,16,beta_k_heatmap,1000,16,grid,beta=0.5|K=16,30,1000,2000,False,completed,0,0,4.0,16.0,0.3534925000000002,0.017,1,1000,1.0,0.009239962814962815,4.637251251251251,8.0,0.008697082568315827,0.35263648472204795,0.3053663276796002,705.2729694440959,0.012036084180372757,0.0,0.074,1001.0,0.05654642949701347,0.13855380234036507,0.3053663276796002,0.5232343838484541,0.7434120240463584,15,1293520925
beta_0.5_K_16,1.0,0.5,1.0,2,16,beta_k_heatmap,1000,16,grid,beta=0.5|K=16,30,1000,2000,False,completed,0,0,4.0,16.0,0.3456800000000002,0.013,1,1000,1.0,0.008317632367632367,4.705495495495495,8.0,0.021963455039760313,0.3415673045328546,0.28874545867179324,683.1346090657092,0.012036084180372757,0.0,0.071,1001.0,0.058895638837446196,0.13558891465277392,0.28874545867179324,0.5087692544180126,0.7158843487232486,16,302065836
beta_0.5_K_16,1.0,0.5,1.0,2,16,beta_k_heatmap,1000,16,grid,beta=0.5|K=16,30,1000,2000,False,completed,0,0,4.0,16.0,0.3514760000000001,0.018,1,1000,1.0,0.014136877011877012,4.684796796796797,8.0,-0.014206391504249292,0.3487038184538008,0.2995214344496344,697.4076369076015,0.012036084180372757,0.0,0.073,1001.0,0.05329257761611048,0.14058570811844873,0.2995214344496344,0.5178177888712276,0.7214473688143013,17,326720348
beta_0.5_K_16,1.0,0.5,1.0,2,16,beta_k_heatmap,1000,16,grid,beta=0.5|K=16,30,1000,2000,False,completed,0,0,4.0,16.0,0.3530310000000001,0.014,1,1000,1.0,0.010998484848484848,4.655217217217217,8.0,0.01645149514667592,0.3495570491195067,0.29868000830409014,699.1140982390134,0.012036084180372757,0.0,0.074,1001.0,0.05157640880178166,0.1300075379768934,0.29868000830409014,0.5333175865197561,0.721717920988464,18,1337092641
beta_0.5_K_16,1.0,0.5,1.0,2,16,beta_k_heatmap,1000,16,grid,beta=0.5|K=16,30,1000,2000,False,completed,0,0,4.0,16.0,0.34675650000000013,0.019,1,1000,1.0,0.0058364135864135865,4.666612612612613,8.0,0.05104071036381038,0.3487283115183233,0.29777386910243764,697.4566230366465,0.012036084180372757,0.0,0.071,1001.0,0.05834322519320385,0.1387535743884807,0.29777386910243764,0.5172777255572025,0.7175494356570972,19,1814490926
beta_0.5_K_16,1.0,0.5,1.0,2,16,beta_k_heatmap,1000,16,grid,beta=0.5|K=16,30,1000,2000,False,completed,0,0,4.0,16.0,0.34478050000000016,0.013,1,1000,1.0,0.014147113997113998,4.716438438438439,8.0,0.057637217829723676,0.350901044983656,0.3044486354067604,701.802089967312,0.012036084180372757,0.0,0.069,1001.0,0.05856337339588037,0.13720857114467222,0.3044486354067604,0.5231499566963751,0.7247861418503153,20,1166005911
beta_0.5_K_16,1.0,0.5,1.0,2,16,beta_k_heatmap,1000,16,grid,beta=0.5|K=16,30,1000,2000,False,completed,0,0,4.0,16.0,0.34803550000000016,0.017,1,1000,1.0,0.008195668220668221,4.649097097097097,8.0,0.017733744159092013,0.3550917097805126,0.3010177492035953,710.1834195610252,0.012036084180372757,0.0,0.072,1001.0,0.05802438046798986,0.1478009071186794,0.3010177492035953,0.5263091225421576,0.7292352717642756,21,1155851925
beta_0.5_K_16,1.0,0.5,1.0,2,16,beta_k_heatmap,1000,16,grid,beta=0.5|K=16,30,1000,2000,False,completed,0,0,4.0,16.0,0.3483585,0.018,1,1000,1.0,0.009329617604617604,4.66165965965966,8.0,0.038682772505033096,0.3494865569397668,0.3002061180111626,698.9731138795337,0.012036084180372757,0.0,0.065,1001.0,0.05809278728009005,0.1316050532380295,0.3002061180111626,0.529600643814091,0.7116218675049579,22,2266628803
beta_0.5_K_16,1.0,0.5,1.0,2,16,beta_k_heatmap,1000,16,grid,beta=0.5|K=16,30,1000,2000,False,completed,0,0,4.0,16.0,0.3458450000000002,0.012,1,1000,1.0,0.01279946164946165,4.7094854854854855,8.0,0.020958914034426762,0.34861118299826016,0.29534357862009064,697.2223659965204,0.012036084180372757,0.0,0.074,1001.0,0.053741360616524236,0.13375069753008081,0.29534357862009064,0.5161352914425243,0.7242182147160504,23,2934702701
beta_0.5_K_16,1.0,0.5,1.0,2,16,beta_k_heatmap,1000,16,grid,beta=0.5|K=16,30,1000,2000,False,completed,0,0,4.0,16.0,0.351326,0.016,1,1000,1.0,0.009753407703407702,4.673377377377378,8.0,0.008749453360129658,0.3507335824737286,0.293949015205865,701.4671649474571,0.012036084180372757,0.0,0.072,1001.0,0.05596595637789278,0.13300825435618774,0.293949015205865,0.5246095804663132,0.7303259231163972,24,3837886130
beta_0.5_K_16,1.0,0.5,1.0,2,16,beta_k_heatmap,1000,16,grid,beta=0.5|K=16,30,1000,2000,False,completed,0,0,4.0,16.0,0.34639750000000014,0.015,1,1000,1.0,0.012355636030636032,4.697591591591592,8.0,0.010204450932077648,0.33850488425229747,0.2848040041204501,677.009768504595,0.012036084180372757,0.0,0.067,1001.0,0.05509169652175747,0.1337679296967261,0.2848040041204501,0.5042239956965495,0.7016913400319695,25,1592677602
beta_0.5_K_16,1.0,0.5,1.0,2,16,beta_k_heatmap,1000,16,grid,beta=0.5|K=16,30,1000,2000,False,completed,0,0,4.0,16.0,0.3442105000000002,0.014,1,1000,1.0,0.012617346542346542,4.7105005005005,8.0,0.018910735564475374,0.34830381338646843,0.29053345682046466,696.6076267729369,0.012036084180372757,0.0,0.074,1001.0,0.051192298949319454,0.13934336153267768,0.29053345682046466,0.5260768022574461,0.719500986986291,26,1628460575
beta_0.5_K_16,1.0,0.5,1.0,2,16,beta_k_heatmap,1000,16,grid,beta=0.5|K=16,30,1000,2000,False,completed,0,0,4.0,16.0,0.3501075,0.015,1,1000,1.0,0.009588594738594738,4.6770310310310315,8.0,-0.010277254801655797,0.3498452679230166,0.30522207511722477,699.6905358460333,0.012036084180372757,0.0,0.068,1001.0,0.06047035162433373,0.140876935444084,0.30522207511722477,0.5195108546355766,0.7147128319157714,27,1670179831
beta_0.5_K_16,1.0,0.5,1.0,2,16,beta_k_heatmap,1000,16,grid,beta=0.5|K=16,30,1000,2000,False,completed,0,0,4.0,16.0,0.3511175000000002,0.018,1,1000,1.0,0.009934049284049283,4.6615615615615615,8.0,0.020042365787861737,0.3549981303888215,0.30566836751906473,709.996260777643,0.012036084180372757,0.0,0.069,1001.0,0.06357305142722665,0.14037514699214534,0.30566836751906473,0.5262787243983382,0.7388663858437883,28,3670671272
beta_0.5_K_16,1.0,0.5,1.0,2,16,beta_k_heatmap,1000,16,grid,beta=0.5|K=16,30,1000,2000,False,completed,0,0,4.0,16.0,0.3513915000000001,0.017,1,1000,1.0,0.009442027417027416,4.661127127127127,8.0,-0.0008441741595167784,0.34879986570635724,0.30307066884875267,697.5997314127145,0.012036084180372757,0.0,0.069,1001.0,0.055842229179318845,0.1443396834382936,0.30307066884875267,0.5189030785245377,0.7128818125842876,29,4034921893
beta_0.5_K_32,1.0,0.5,1.0,2,32,beta_k_heatmap,1000,32,grid,beta=0.5|K=32,30,1000,2000,False,completed,0,0,4.0,32.0,0.3705660000000002,0.002,1,1000,1.0,0.01418362049660862,4.374798798798799,8.0,-0.02009662630734129,0.3548664348357272,0.3071001264394436,709.7328696714544,0.02808419642086977,0.0,0.067,1001.0,0.06311203900980168,0.1374027238893262,0.3071001264394436,0.5306179143383245,0.7418315298349577,0,1728333605
beta_0.5_K_32,1.0,0.5,1.0,2,32,beta_k_heatmap,1000,32,grid,beta=0.5|K=32,30,1000,2000,False,completed,0,0,4.0,31.0,0.3730945000000001,0.0,1,1000,1.0,0.013666904541962194,4.37360960960961,8.0,-0.0305332544093055,0.3394706617055026,0.29280770147319135,678.9413234110052,0.027081189405838705,0.0,0.067,1001.0,0.057235875817926,0.13919010780152435,0.29280770147319135,0.5018588931961041,0.6903095899438917,1,928644316
beta_0.5_K_32,1.0,0.5,1.0,2,32,beta_k_heatmap,1000,32,grid,beta=0.5|K=32,30,1000,2000,False,completed,0,0,4.0,32.0,0.36836,0.002,1,1000,1.0,0.013962800166815312,4.389671671671672,8.0,-0.012321977818009897,0.353676568893688,0.30190553732812686,707.353137787376,0.02808419642086977,0.0,0.062,1001.0,0.0586979352579058,0.14124499807844632,0.30190553732812686,0.5222007791946449,0.7341672578000739,2,3050734316
beta_0.5_K_32,1.0,0.5,1.0,2,32,beta_k_heatmap,1000,32,grid,beta=0.5|K=32,30,1000,2000,False,completed,0,0,4.0,32.0,0.3746465000000001,0.003,1,1000,1.0,0.01947448056132661,4.389253253253253,8.0,-0.025710192784227322,0.35537813363126064,0.30374009822815773,710.7562672625213,0.02808419642086977,0.0,0.069,1001.0,0.06363214820558069,0.14812242726448638,0.30374009822815773,0.5231874162139214,0.7290299931385658,3,4253943876
beta_0.5_K_32,1.0,0.5,1.0,2,32,beta_k_heatmap,1000,32,grid,beta=0.5|K=32,30,1000,2000,False,completed,0,0,4.0,32.0,0.3711540000000002,0.004,1,1000,1.0,0.022673131215365877,4.377221221221221,8.0,-0.009769653440140786,0.3476150014173096,0.28758575105073403,695.2300028346192,0.02808419642086977,0.0,0.059,1001.0,0.05858159439207627,0.1360101927524177,0.28758575105073403,0.5240110032458734,0.7190084664847461,4,4171769711
beta_0.5_K_32,1.0,0.5,1.0,2,32,beta_k_heatmap,1000,32,grid,beta=0.5|K=32,30,1000,2000,False,completed,0,0,4.0,32.0,0.3671350000000002,0.001,1,1000,1.0,0.020132376256834113,4.450236236236236,8.0,-0.012931316157639072,0.34509640963176197,0.29803970807498675,690.1928192635239,0.02808419642086977,0.0,0.068,1001.0,0.05758845158119018,0.13803635132982175,0.29803970807498675,0.5140059686403828,0.7001177006994074,5,1297616362
beta_0.5_K_32,1.0,0.5,1.0,2,32,beta_k_heatmap,1000,32,grid,beta=0.5|K=32,30,1000,2000,False,completed,0,0,4.0,32.0,0.3689555000000002,0.002,1,1000,1.0,0.009155013208750533,4.405921921921922,8.0,0.001667318097048397,0.35535901406195675,0.31228948477247176,710.7180281239135,0.02808419642086977,0.0,0.066,1001.0,0.057587578482770276,0.1376201035769944,0.31228948477247176,0.5166157783362602,0.7366356389049273,6,1958617086
beta_0.5_K_32,1.0,0.5,1.0,2,32,beta_k_heatmap,1000,32,grid,beta=0.5|K=32,30,1000,2000,False,completed,0,0,4.0,32.0,0.3724045,0.002,1,1000,1.0,0.018314630245979423,4.386668668668668,8.0,-0.00021342592614387285,0.341290234545887,0.29479143329229573,682.5804690917739,0.02808419642086977,0.0,0.064,1001.0,0.05569036216254008,0.13656706134519528,0.29479143329229573,0.5036604923348563,0.707469394294061,7,675730371
beta_0.5_K_32,1.0,0.5,1.0,2,32,beta_k_heatmap,1000,32,grid,beta=0.5|K=32,30,1000,2000,False,completed,0,0,4.0,32.0,0.3703430000000001,0.002,1,1000,1.0,0.014791839061023809,4.363711711711712,8.0,0.0019337528383412785,0.34699216441414993,0.29177560939583014,693.9843288282999,0.02808419642086977,0.0,0.065,1001.0,0.05513982865577897,0.1354120586416046,0.29177560939583014,0.5172907196158468,0.7270159544720401,8,224809990
beta_0.5_K_32,1.0,0.5,1.0,2,32,beta_k_heatmap,1000,32,grid,beta=0.5|K=32,30,1000,2000,False,completed,0,0,4.0,32.0,0.3684035000000001,0.003,1,1000,1.0,0.019116901416212993,4.4332572572572575,8.0,0.00863518449579755,0.34881337674313934,0.29312331145112513,697.6267534862786,0.02808419642086977,0.0,0.069,1001.0,0.0594040624224138,0.12882759156477736,0.29312331145112513,0.523416430397535,0.7395191154235619,9,2995378892
beta_0.5_K_32,1.0,0.5,1.0,2,32,beta_k_heatmap,1000,32,grid,beta=0.5|K=32,30,1000,2000,False,completed,0,0,4.0,32.0,0.3714805000000001,0.002,1,1000,1.0,0.023168079543933656,4.374232232232233,8.0,-0.0030352997864043193,0.35009130474049727,0.2939931466064668,700.1826094809945,0.02808419642086977,0.0,0.064,1001.0,0.057777966916802405,0.13008084244140833,0.2939931466064668,0.5288693533891408,0.7467545956343974,10,4149920892
beta_0.5_K_32,1.0,0.5,1.0,2,32,beta_k_heatmap,1000,32,grid,beta=0.5|K=32,30,1000,2000,False,completed,0,0,4.0,32.0,0.3687720000000001,0.001,1,1000,1.0,0.013382980954429404,4.384002002002002,8.0,-0.023879056738307886,0.35359337627433923,0.31630555656502035,707.1867525486784,0.02808419642086977,0.0,0.059,1001.0,0.05564393946939048,0.14509689656137145,0.31630555656502035,0.5177335282519058,0.7317671531817843,11,1847842797
beta_0.5_K_32,1.0,0.5,1.0,2,32,beta_k_heatmap,1000,32,grid,beta=0.5|K=32,30,1000,2000,False,completed,0,0,4.0,32.0,0.3676360000000001,0.003,1,1000,1.0,0.015620867301457743,4.37074074074074,8.0,-0.009312644333225283,0.3372726348040398,0.2956831599507355,674.5452696080796,0.02808419642086977,0.0,0.057,1001.0,0.05368807621259868,0.1429224575483452,0.2956831599507355,0.5011101542933548,0.6875496769488634,12,2506911136
beta_0.5_K_32,1.0,0.5,1.0,2,32,beta_k_heatmap,1000,32,grid,beta=0.5|K=32,30,1000,2000,False,completed,0,0,4.0,32.0,0.3695410000000001,0.003,1,1000,1.0,0.014249767686391341,4.418404404404404,8.0,0.0017784316459556113,0.3419325853251345,0.29000566477597833,683.865170650269,0.02808419642086977,0.0,0.066,1001.0,0.05049597490457208,0.13115971270407675,0.29000566477597833,0.5121375770472447,0.7323946053327457,13,623590712
beta_0.5_K_32,1.0,0.5,1.0,2,32,beta_k_heatmap,1000,32,grid,beta=0.5|K=32,30,1000,2000,False,completed,0,0,4.0,32.0,0.37099000000000015,0.002,1,1000,1.0,0.023431398220406133,4.3784164164164165,7.0,-0.03360063488842052,0.3600687460304123,0.31441850933938753,720.1374920608246,0.02808419642086977,0.0,0.065,1001.0,0.057118653074209484,0.14269881087395478,0.31441850933938753,0.5301286855079124,0.7562731430846424,14,2768286848
beta_0.5_K_32,1.0,0.5,1.0,2,32,beta_k_heatmap,1000,32,grid,beta=0.5|K=32,30,1000,2000,False,completed,0,0,4.0,32.0,0.3679705000000002,0.001,1,1000,1.0,0.01800273746509292,4.412922922922923,8.0,-0.0023435950600554285,0.3529783320261969,0.30094212245272356,705.9566640523938,0.02808419642086977,0.0,0.058,1001.0,0.059066103822963886,0.13804918324097729,0.30094212245272356,0.5179066069326157,0.7410142426362085,15,1472536864
beta_0.5_K_32,1.0,0.5,1.0,2,32,beta_k_heatmap,1000,32,grid,beta=0.5|K=32,30,1000,2000,False,completed,0,0,4.0,32.0,0.37331400000000015,0.002,1,1000,1.0,0.014807096333560664,4.381037037037037,8.0,-0.03809936972463343,0.340299370830548,0.29145311097963966,680.598741661096,0.02808419642086977,0.0,0.059,1001.0,0.0621708448181195,0.13864419286278906,0.29145311097963966,0.5043352793660637,0.6971650234539323,16,1373824246
beta_0.5_K_32,1.0,0.5,1.0,2,32,beta_k_heatmap,1000,32,grid,beta=0.5|K=32,30,1000,2000,False,completed,0,0,4.0,32.0,0.3709605,0.002,1,1000,1.0,0.017455871078047316,4.401241241241241,8.0,-0.029205555857628154,0.3406293017773984,0.29542963243083453,681.2586035547969,0.02808419642086977,0.0,0.069,1001.0,0.05863722841357308,0.13894677719618412,0.29542963243083453,0.4937025974857433,0.7023020995080059,17,3380270703
beta_0.5_K_32,1.0,0.5,1.0,2,32,beta_k_heatmap,1000,32,grid,beta=0.5|K=32,30,1000,2000,False,completed,0,0,4.0,32.0,0.37241000000000013,0.001,1,1000,1.0,0.014193232186061503,4.379021021021021,7.0,-0.026760756577983998,0.3518827538062174,0.2945047369509369,703.7655076124348,0.02808419642086977,0.0,0.064,1001.0,0.05870380797659601,0.1420876272087058,0.2945047369509369,0.5283372013621129,0.7365771195513083,18,590429404
beta_0.5_K_32,1.0,0.5,1.0,2,32,beta_k_heatmap,1000,32,grid,beta=0.5|K=32,30,1000,2000,False,completed,0,0,4.0,32.0,0.36584250000000007,0.003,1,1000,1.0,0.018434195458029212,4.400226226226226,8.0,0.017581276686791568,0.34441488307405016,0.29548197345772287,688.8297661481004,0.02808419642086977,0.0,0.06,1001.0,0.0564085917978242,0.1369370331825302,0.29548197345772287,0.5048828716317354,0.704095608618056,19,2060687780
beta_0.5_K_32,1.0,0.5,1.0,2,32,beta_k_heatmap,1000,32,grid,beta=0.5|K=32,30,1000,2000,False,completed,0,0,4.0,32.0,0.37073,0.002,1,1000,1.0,0.01207179468853805,4.4174354354354355,8.0,0.006362192264308092,0.3477018083490392,0.2974435877057291,695.4036166980784,0.02808419642086977,0.0,0.07,1001.0,0.057665480356633596,0.14258987092425346,0.2974435877057291,0.5075318227897877,0.719847858048992,20,1541423845
beta_0.5_K_32,1.0,0.5,1.0,2,32,beta_k_heatmap,1000,32,grid,beta=0.5|K=32,30,1000,2000,False,completed,0,0,4.0,32.0,0.37089250000000007,0.002,1,1000,1.0,0.016895840375542804,4.3963003003003,8.0,-7.898811750485334e-05,0.35914250640079964,0.30082081725613596,718.2850128015992,0.02808419642086977,0.0,0.067,1001.0,0.05641920295167194,0.14366951576372017,0.30082081725613596,0.5358276209334627,0.7452615654987101,21,2560673386
beta_0.5_K_32,1.0,0.5,1.0,2,32,beta_k_heatmap,1000,32,grid,beta=0.5|K=32,30,1000,2000,False,completed,0,0,4.0,32.0,0.36666600000000016,0.001,1,1000,1.0,0.013413859149913318,4.4195035035035035,8.0,-0.00379757126496578,0.3629646650486277,0.31942666116997925,725.9293300972554,0.02808419642086977,0.0,0.063,1001.0,0.059473151476647244,0.1543507557535819,0.31942666116997925,0.5365945478085705,0.7278527895808219,22,507380650
beta_0.5_K_32,1.0,0.5,1.0,2,32,beta_k_heatmap,1000,32,grid,beta=0.5|K=32,30,1000,2000,False,completed,0,0,4.0,32.0,0.37040950000000006,0.002,1,1000,1.0,0.017113939692687444,4.390072072072072,8.0,-0.01247843299886708,0.35647745931085856,0.3087736327815387,712.9549186217171,0.02808419642086977,0.0,0.058,1001.0,0.05988922218839586,0.14377398867529861,0.3087736327815387,0.5259004466833527,0.7351135054492248,23,962285861
beta_0.5_K_32,1.0,0.5,1.0,2,32,beta_k_heatmap,1000,32,grid,beta=0.5|K=32,30,1000,2000,False,completed,0,0,4.0,32.0,0.37451100000000004,0.001,1,1000,1.0,0.009160669327901143,4.392300300300301,7.0,-0.022277245096343136,0.35131302796194575,0.292703782361758,702.6260559238915,0.02808419642086977,0.0,0.07,1001.0,0.05856470406070866,0.143184659953339,0.292703782361758,0.5240885669239024,0.7336593691084853,24,3354587848
beta_0.5_K_32,1.0,0.5,1.0,2,32,beta_k_heatmap,1000,32,grid,beta=0.5|K=32,30,1000,2000,False,completed,0,0,4.0,32.0,0.3712380000000002,0.003,1,1000,1.0,0.021457041820179348,4.437363363363364,8.0,-0.016511003265237953,0.3421775845860209,0.2882242029865871,684.3551691720418,0.02808419642086977,0.0,0.071,1001.0,0.045778275495823965,0.1251993905245109,0.2882242029865871,0.514165425505204,0.7251471730061643,25,3303966821
beta_0.5_K_32,1.0,0.5,1.0,2,32,beta_k_heatmap,1000,32,grid,beta=0.5|K=32,30,1000,2000,False,completed,0,0,4.0,32.0,0.367105,0.003,1,1000,1.0,0.01540371657593872,4.427085085085085,7.0,0.0006144167804776444,0.3491557714148614,0.3076003366130666,698.3115428297228,0.02808419642086977,0.0,0.066,1001.0,0.05930725667346775,0.14030570210079346,0.3076003366130666,0.515614764065897,0.7236179050507646,26,2603242910
beta_0.5_K_32,1.0,0.5,1.0,2,32,beta_k_heatmap,1000,32,grid,beta=0.5|K=32,30,1000,2000,False,completed,0,0,4.0,32.0,0.3704200000000002,0.002,1,1000,1.0,0.019209452421868885,4.392334334334334,8.0,-0.00436122329825793,0.34688732525451327,0.29762350805742105,693.7746505090265,0.02808419642086977,0.0,0.065,1001.0,0.054019576232925255,0.13567650142434365,0.29762350805742105,0.5202419812266063,0.7227465528682478,27,702737266
beta_0.5_K_32,1.0,0.5,1.0,2,32,beta_k_heatmap,1000,32,grid,beta=0.5|K=32,30,1000,2000,False,completed,0,0,4.0,32.0,0.36897350000000007,0.002,1,1000,1.0,0.014298417286115387,4.436962962962963,8.0,-0.008204382211751977,0.3570862953022122,0.31508631562453665,714.1725906044244,0.02808419642086977,0.0,0.062,1001.0,0.0563466824039417,0.14307186316101544,0.31508631562453665,0.5311623777228732,0.7249121979515414,28,3498577601
beta_0.5_K_32,1.0,0.5,1.0,2,32,beta_k_heatmap,1000,32,grid,beta=0.5|K=32,30,1000,2000,False,completed,0,0,4.0,32.0,0.3707615000000002,0.003,1,1000,1.0,0.01447434168931648,4.420352352352352,8.0,-0.015347186572265536,0.35052170837112384,0.29332559864193997,701.0434167422477,0.02808419642086977,0.0,0.064,1001.0,0.056113667548885415,0.139023146567463,0.29332559864193997,0.5147087150391595,0.7414444098262251,29,1733979982
beta_0.5_K_very_large,1.0,0.5,1.0,2,very_large,beta_k_heatmap,1000,very_large,grid,beta=0.5|K=very_large,30,1000,2000,False,completed,0,0,4.0,72.0,0.38410500000000014,0.0,1,1000,1.0,0.02856657833315512,4.128016016016016,8.0,-0.06808966747683574,0.35675375372968143,0.30718210797514045,713.5075074593628,0.0682044770221123,0.0,0.056,1001.0,0.05376630769513117,0.13963181602313895,0.30718210797514045,0.5370555264353614,0.7425653801663152,0,849162582
beta_0.5_K_very_large,1.0,0.5,1.0,2,very_large,beta_k_heatmap,1000,very_large,grid,beta=0.5|K=very_large,30,1000,2000,False,completed,0,0,4.0,74.0,0.3867085000000001,0.0,1,1000,1.0,0.03050429139526014,4.1002002002002005,7.0,-0.0727284179559683,0.3542017741003354,0.3022295571650937,708.4035482006708,0.07021049105217442,0.0,0.058,1001.0,0.05563644315388636,0.13958937195161725,0.3022295571650937,0.530203973506594,0.7377463543312602,1,407958976
beta_0.5_K_very_large,1.0,0.5,1.0,2,very_large,beta_k_heatmap,1000,very_large,grid,beta=0.5|K=very_large,30,1000,2000,False,completed,0,0,4.0,93.0,0.3908435000000001,0.0,1,1000,1.0,0.030643641379239802,4.037471471471472,7.0,-0.0902358537789349,0.34094035564673325,0.2964408392481678,681.8807112934664,0.08926762433776461,0.0,0.051,1001.0,0.06278568498987586,0.13949548325351846,0.2964408392481678,0.5085001945346415,0.6867114946427851,2,2213424803
beta_0.5_K_very_large,1.0,0.5,1.0,2,very_large,beta_k_heatmap,1000,very_large,grid,beta=0.5|K=very_large,30,1000,2000,False,completed,0,0,4.0,85.0,0.3954215000000001,0.0,1,1000,1.0,0.03571536926723321,4.010726726726727,7.0,-0.08626173850350044,0.35722380423071687,0.3169152962071391,714.4476084614338,0.08124356821751612,0.0,0.058,1001.0,0.06400209230377132,0.15411500958568775,0.3169152962071391,0.5187690113825186,0.7198154570789118,3,777474568
beta_0.5_K_very_large,1.0,0.5,1.0,2,very_large,beta_k_heatmap,1000,very_large,grid,beta=0.5|K=very_large,30,1000,2000,False,completed,0,0,4.0,64.0,0.385475,0.0,1,1000,1.0,0.03090616510751472,4.139695695695695,7.0,-0.07852004344852329,0.3462545210134259,0.3019360101960529,692.5090420268518,0.06018042090186379,0.0,0.059,1001.0,0.05299395129315808,0.13479535287718686,0.3019360101960529,0.5036207027969741,0.7100304806990195,4,3977669499
beta_0.5_K_very_large,1.0,0.5,1.0,2,very_large,beta_k_heatmap,1000,very_large,grid,beta=0.5|K=very_large,30,1000,2000,False,completed,0,0,4.0,117.0,0.3951945000000001,0.0,1,1000,1.0,0.033715153689068085,4.010824824824825,7.0,-0.07517294265701398,0.3497329173590903,0.2964530071034137,699.4658347181805,0.11333979269851013,0.0,0.056,1001.0,0.05913125804601196,0.14334424296661832,0.2964530071034137,0.5129021675563589,0.7229655728019306,5,2644586814
beta_0.5_K_very_large,1.0,0.5,1.0,2,very_large,beta_k_heatmap,1000,very_large,grid,beta=0.5|K=very_large,30,1000,2000,False,completed,0,0,4.0,54.0,0.39212350000000007,0.0,1,1000,1.0,0.020781406220543665,4.173431431431432,7.0,-0.11027761030162371,0.35425097527636046,0.3005772854788731,708.5019505527209,0.050150350751553156,0.0,0.062,1001.0,0.05619989606788771,0.13867134825180527,0.3005772854788731,0.5226933741097091,0.7415944426649075,6,2048458390
beta_0.5_K_very_large,1.0,0.5,1.0,2,very_large,beta_k_heatmap,1000,very_large,grid,beta=0.5|K=very_large,30,1000,2000,False,completed,0,0,4.0,54.0,0.3917020000000002,0.0,1,1000,1.0,0.03095006351072651,4.117885885885886,8.0,-0.12141690190389992,0.3481323335108876,0.2938327901883157,696.2646670217753,0.050150350751553156,0.0,0.062,1001.0,0.05512083573182868,0.1371021692029342,0.2938327901883157,0.529945555526538,0.7300880684649952,7,3265478363
beta_0.5_K_very_large,1.0,0.5,1.0,2,very_large,beta_k_heatmap,1000,very_large,grid,beta=0.5|K=very_large,30,1000,2000,False,completed,0,0,4.0,67.0,0.3854270000000002,0.0,1,1000,1.0,0.024723318434886208,4.173391391391392,7.0,-0.07439949379068722,0.34995197567313324,0.29469144501655964,699.9039513462665,0.06318944194695697,0.0,0.065,1001.0,0.060253280341202205,0.13814796386684142,0.29469144501655964,0.5318236104043574,0.7208389635042671,8,763186539
beta_0.5_K_very_large,1.0,0.5,1.0,2,very_large,beta_k_heatmap,1000,very_large,grid,beta=0.5|K=very_large,30,1000,2000,False,completed,0,0,4.0,80.0,0.39039650000000004,0.0,1,1000,1.0,0.038838549034298266,4.0478858858858855,7.0,-0.09723307060376031,0.34560080059490905,0.29463496119394406,691.2016011898181,0.07622853314236079,0.0,0.051,1001.0,0.051486385874329035,0.1357597633008112,0.29463496119394406,0.5218377132784418,0.7164543839163695,9,856183814
beta_0.5_K_very_large,1.0,0.5,1.0,2,very_large,beta_k_heatmap,1000,very_large,grid,beta=0.5|K=very_large,30,1000,2000,False,completed,0,0,4.0,69.0,0.3867345000000002,0.0,1,1000,1.0,0.03412331195691818,4.065833833833834,7.0,-0.07940128432910412,0.34543423949789126,0.29482557428250633,690.8684789957825,0.0651954559770191,0.0,0.053,1001.0,0.05872211413576511,0.1446428053573009,0.29482557428250633,0.5036420193375586,0.714710079079379,10,3634263377
beta_0.5_K_very_large,1.0,0.5,1.0,2,very_large,beta_k_heatmap,1000,very_large,grid,beta=0.5|K=very_large,30,1000,2000,False,completed,0,0,4.0,97.0,0.39002800000000004,0.0,1,1000,1.0,0.03962219352639798,4.062532532532533,7.0,-0.08834763239338952,0.35340554193900764,0.29972970677463256,706.8110838780153,0.09327965239788887,0.0,0.057,1001.0,0.06416023305744945,0.1466896353879621,0.29972970677463256,0.5230388409886265,0.7222895568512961,11,3535788596
beta_0.5_K_very_large,1.0,0.5,1.0,2,very_large,beta_k_heatmap,1000,very_large,grid,beta=0.5|K=very_large,30,1000,2000,False,completed,0,0,4.0,74.0,0.3899165,0.0,1,1000,1.0,0.02455585915020106,4.077125125125125,7.0,-0.0662576652590369,0.3387074273158747,0.3029846704884442,677.4148546317494,0.07021049105217442,0.0,0.058,1001.0,0.058990183319270514,0.13421268201178815,0.3029846704884442,0.49550647847564716,0.6878091899410308,12,3183705378
beta_0.5_K_very_large,1.0,0.5,1.0,2,very_large,beta_k_heatmap,1000,very_large,grid,beta=0.5|K=very_large,30,1000,2000,False,completed,0,0,4.0,69.0,0.3894415000000002,0.0,1,1000,1.0,0.029304394356915706,4.059441441441441,7.0,-0.07269251056055262,0.3522496333926341,0.2956936662969398,704.4992667852682,0.0651954559770191,0.0,0.056,1001.0,0.06184770225578918,0.14334007554402597,0.2956936662969398,0.5228656229796358,0.7252728240562735,13,3345464609
beta_0.5_K_very_large,1.0,0.5,1.0,2,very_large,beta_k_heatmap,1000,very_large,grid,beta=0.5|K=very_large,30,1000,2000,False,completed,0,0,4.0,56.0,0.3888815000000001,0.0,1,1000,1.0,0.02991220366086551,4.155645645645645,7.0,-0.09520560207779555,0.351742718196602,0.30441832801020186,703.485436393204,0.05215636478161528,0.0,0.056,1001.0,0.05939018894924179,0.1331810667480972,0.30441832801020186,0.5238241645210777,0.7313224674819864,14,247334300
beta_0.5_K_very_large,1.0,0.5,1.0,2,very_large,beta_k_heatmap,1000,very_large,grid,beta=0.5|K=very_large,30,1000,2000,False,completed,0,0,4.0,92.0,0.3892080000000002,0.0,1,1000,1.0,0.030018505525385656,4.036950950950951,7.0,-0.10289312933160889,0.35170643696089177,0.3105912415775811,703.4128739217836,0.08826461732273355,0.0,0.052,1001.0,0.058973607406641336,0.1375713095800198,0.3105912415775811,0.5197350423287801,0.7143217311282054,15,3646120413
beta_0.5_K_very_large,1.0,0.5,1.0,2,very_large,beta_k_heatmap,1000,very_large,grid,beta=0.5|K=very_large,30,1000,2000,False,completed,0,0,4.0,78.0,0.3801450000000002,0.0,1,1000,1.0,0.022133236379322064,4.109551551551552,7.0,-0.06509485726960332,0.3555119520953466,0.30794163871477076,711.0239041906932,0.07422251911229867,0.0,0.058,1001.0,0.06053655285528635,0.1515563531446902,0.30794163871477076,0.5189581813930774,0.7337104393152711,16,3881380218
beta_0.5_K_very_large,1.0,0.5,1.0,2,very_large,beta_k_heatmap,1000,very_large,grid,beta=0.5|K=very_large,30,1000,2000,False,completed,0,0,4.0,85.0,0.38937350000000004,0.0,1,1000,1.0,0.03186248946768782,3.9602982982982984,7.0,-0.08260853254179384,0.33364516217608986,0.28341130192496244,667.2903243521797,0.08124356821751612,0.0,0.047,1001.0,0.05361303890723348,0.13700864707950222,0.28341130192496244,0.4851419980866764,0.6742978519091172,17,4034762477
beta_0.5_K_very_large,1.0,0.5,1.0,2,very_large,beta_k_heatmap,1000,very_large,grid,beta=0.5|K=very_large,30,1000,2000,False,completed,0,0,4.0,65.0,0.3898030000000001,0.0,1,1000,1.0,0.027605773272880843,4.079287287287287,7.0,-0.09328083722103625,0.3612078581257847,0.3131805140678911,722.4157162515694,0.06118342791689485,0.0,0.048,1001.0,0.0598730957135652,0.151128946875564,0.3131805140678911,0.5424418731892213,0.7308085791804659,18,3236438940
beta_0.5_K_very_large,1.0,0.5,1.0,2,very_large,beta_k_heatmap,1000,very_large,grid,beta=0.5|K=very_large,30,1000,2000,False,completed,0,0,4.0,96.0,0.3930285,0.0,1,1000,1.0,0.029305552021267934,3.965009009009009,7.0,-0.09909700465963459,0.35389878467564484,0.30916515856001014,707.7975693512897,0.0922766453828578,0.0,0.05,1001.0,0.066150145006648,0.15041999552212415,0.30916515856001014,0.5209246931436236,0.7141415208743589,19,2040348715
beta_0.5_K_very_large,1.0,0.5,1.0,2,very_large,beta_k_heatmap,1000,very_large,grid,beta=0.5|K=very_large,30,1000,2000,False,completed,0,0,4.0,80.0,0.3906075000000002,0.0,1,1000,1.0,0.03200964768196967,4.129937937937938,8.0,-0.06885456244230237,0.34867045067065994,0.3019978303740595,697.3409013413199,0.07622853314236079,0.0,0.061,1001.0,0.05486600325893048,0.1384329709127099,0.3019978303740595,0.517283633125061,0.7185307481055965,20,2814390626
beta_0.5_K_very_large,1.0,0.5,1.0,2,very_large,beta_k_heatmap,1000,very_large,grid,beta=0.5|K=very_large,30,1000,2000,False,completed,0,0,4.0,90.0,0.3905535000000002,0.0,1,1000,1.0,0.04060129576172056,3.9907727727727726,7.0,-0.08501545406884008,0.3557641128371435,0.30932263628518286,711.528225674287,0.08625860329267143,0.0,0.049,1001.0,0.06265207559901244,0.14299594375558272,0.30932263628518286,0.5235934176186813,0.7149022194699906,21,1337545347
beta_0.5_K_very_large,1.0,0.5,1.0,2,very_large,beta_k_heatmap,1000,very_large,grid,beta=0.5|K=very_large,30,1000,2000,False,completed,0,0,4.0,86.0,0.3851530000000001,0.0,1,1000,1.0,0.031713452747873024,4.0501461461461465,7.0,-0.07038728715534998,0.3451525189177861,0.2988043685304975,690.3050378355722,0.08224657523254718,0.0,0.055,1001.0,0.05806590741147342,0.12773220868273094,0.2988043685304975,0.5123125071771282,0.7129747746385764,22,1624636384
beta_0.5_K_very_large,1.0,0.5,1.0,2,very_large,beta_k_heatmap,1000,very_large,grid,beta=0.5|K=very_large,30,1000,2000,False,completed,0,0,4.0,114.0,0.3987655000000001,0.0,1,1000,1.0,0.04367422907473129,3.926078078078078,7.0,-0.10549057036144767,0.3555303517811024,0.30414881199199756,711.0607035622048,0.11033077165341694,0.0,0.054,1001.0,0.06020505140683854,0.14607007033169,0.30414881199199756,0.5300201613278057,0.7304912707620687,23,3843943308
beta_0.5_K_very_large,1.0,0.5,1.0,2,very_large,beta_k_heatmap,1000,very_large,grid,beta=0.5|K=very_large,30,1000,2000,False,completed,0,0,4.0,80.0,0.3892030000000002,0.0,1,1000,1.0,0.0354644320166227,4.096802802802803,7.0,-0.09132729297209215,0.3525671655179173,0.3006319008214893,705.1343310358345,0.07622853314236079,0.0,0.056,1001.0,0.06454704220501781,0.14868111605941517,0.3006319008214893,0.5198927963431073,0.7368202098065714,24,2664838569
beta_0.5_K_very_large,1.0,0.5,1.0,2,very_large,beta_k_heatmap,1000,very_large,grid,beta=0.5|K=very_large,30,1000,2000,False,completed,0,0,4.0,68.0,0.3949805000000002,0.0,1,1000,1.0,0.03660082917832543,4.063439439439439,7.0,-0.09681417052286491,0.3480485344099885,0.3000357255905115,696.097068819977,0.06419244896198804,0.0,0.057,1001.0,0.054734113692963944,0.13928707411338506,0.3000357255905115,0.5169602745722386,0.7282287182148737,25,3991965310
beta_0.5_K_very_large,1.0,0.5,1.0,2,very_large,beta_k_heatmap,1000,very_large,grid,beta=0.5|K=very_large,30,1000,2000,False,completed,0,0,4.0,61.0,0.38566650000000013,0.0,1,1000,1.0,0.024305913846393853,4.139835835835836,7.0,-0.05763402315321905,0.3422466672502966,0.2979730880119493,684.4933345005933,0.0571713998567706,0.0,0.063,1001.0,0.0587918320011633,0.1412600603062206,0.2979730880119493,0.5063197544025915,0.7054767929951353,26,1920602663
beta_0.5_K_very_large,1.0,0.5,1.0,2,very_large,beta_k_heatmap,1000,very_large,grid,beta=0.5|K=very_large,30,1000,2000,False,completed,0,0,4.0,90.0,0.3932125000000002,0.0,1,1000,1.0,0.029505697557245903,4.030064064064064,8.0,-0.07930084017163842,0.3370541153025445,0.28747085190602406,674.1082306050889,0.08625860329267143,0.0,0.057,1001.0,0.05181219601010909,0.13421440757264597,0.28747085190602406,0.4956933479973656,0.7105445977737405,27,2523237295
beta_0.5_K_very_large,1.0,0.5,1.0,2,very_large,beta_k_heatmap,1000,very_large,grid,beta=0.5|K=very_large,30,1000,2000,False,completed,0,0,4.0,91.0,0.3894415000000002,0.0,1,1000,1.0,0.025671575974385463,4.047141141141141,7.0,-0.08144188700212952,0.35012526730251836,0.310045046958601,700.2505346050367,0.08726161030770249,0.0,0.05,1001.0,0.0553443585707968,0.14155475757152813,0.310045046958601,0.5154727233397651,0.705551268606435,28,2544568658
beta_0.5_K_very_large,1.0,0.5,1.0,2,very_large,beta_k_heatmap,1000,very_large,grid,beta=0.5|K=very_large,30,1000,2000,False,completed,0,0,4.0,80.0,0.3903095000000001,0.0,1,1000,1.0,0.03761269922217428,4.0365745745745745,7.0,-0.10323323890621304,0.3474401487169962,0.29484562876604326,694.8802974339924,0.07622853314236079,0.0,0.056,1001.0,0.0564317426403264,0.13877049678325057,0.29484562876604326,0.5098471235430437,0.7242947182964695,29,2530817122
beta_1.0_K_8,1.0,1.0,1.0,2,8,beta_k_heatmap,1000,8,grid,beta=1.0|K=8,30,1000,2000,False,completed,0,0,4.0,8.0,0.27679450000000005,0.088,1,1000,1.0,0.008735714285714286,5.147085085085085,9.0,0.1107674527998686,0.36263834322871014,0.30726081708815045,725.2766864574203,0.004012028060124253,0.0,0.0,1001.0,0.05672738197367408,0.15147567552226077,0.30726081708815045,0.5402664714938044,0.7385526501002694,0,2517952081
beta_1.0_K_8,1.0,1.0,1.0,2,8,beta_k_heatmap,1000,8,grid,beta=1.0|K=8,30,1000,2000,False,completed,0,0,4.0,8.0,0.27925050000000007,0.094,1,1000,1.0,0.006311904761904762,5.132576576576577,9.0,0.11175328577911621,0.35931960069382435,0.3128700706129136,718.6392013876487,0.004012028060124253,0.0,0.0,1001.0,0.05726137440170163,0.14915269406769843,0.3128700706129136,0.5323143774813449,0.7434207823372853,1,1571190542
beta_1.0_K_8,1.0,1.0,1.0,2,8,beta_k_heatmap,1000,8,grid,beta=1.0|K=8,30,1000,2000,False,completed,0,0,4.0,8.0,0.27439900000000006,0.087,1,1000,1.0,0.006626190476190476,5.152692692692693,9.0,0.12437128486511237,0.35203655236709,0.3041792319058389,704.0731047341801,0.004012028060124253,0.0,0.0,1001.0,0.05369977846007253,0.13580172011797348,0.3041792319058389,0.5258255240133223,0.7423641231751712,2,442246507
beta_1.0_K_8,1.0,1.0,1.0,2,8,beta_k_heatmap,1000,8,grid,beta=1.0|K=8,30,1000,2000,False,completed,0,0,4.0,8.0,0.27592250000000007,0.093,1,1000,1.0,0.00675952380952381,5.151003003003003,9.0,0.12323383798903474,0.3476069359634165,0.2939782062657205,695.213871926833,0.004012028060124253,0.0,0.0,1001.0,0.05750736120223094,0.13742039253990868,0.2939782062657205,0.5173484632584653,0.7266454055010539,3,2117007724
beta_1.0_K_8,1.0,1.0,1.0,2,8,beta_k_heatmap,1000,8,grid,beta=1.0|K=8,30,1000,2000,False,completed,0,0,4.0,8.0,0.2759610000000001,0.085,1,1000,1.0,0.006416666666666667,5.147457457457458,9.0,0.125999600989927,0.3522329383922996,0.3075137165731381,704.4658767845991,0.004012028060124253,0.0,0.0,1001.0,0.05678348913856734,0.1414284322583535,0.3075137165731381,0.5201145135628686,0.7283033418928929,4,3537816561
beta_1.0_K_8,1.0,1.0,1.0,2,8,beta_k_heatmap,1000,8,grid,beta=1.0|K=8,30,1000,2000,False,completed,0,0,4.0,8.0,0.2742540000000002,0.087,1,1000,1.0,0.007185714285714286,5.157117117117117,9.0,0.13889515451779708,0.36469231789105233,0.31198122690335217,729.3846357821046,0.004012028060124253,0.0,0.0,1001.0,0.06278306128357199,0.1407316749238421,0.31198122690335217,0.5536725336735886,0.745260093734664,5,2447277224
beta_1.0_K_8,1.0,1.0,1.0,2,8,beta_k_heatmap,1000,8,grid,beta=1.0|K=8,30,1000,2000,False,completed,0,0,4.0,8.0,0.275077,0.086,1,1000,1.0,0.010064285714285715,5.166616616616617,9.0,0.1414108605605223,0.34875431004556956,0.29377157707696144,697.5086200911392,0.004012028060124253,0.0,0.0,1001.0,0.056547641657397826,0.13357607788757853,0.29377157707696144,0.523947518592183,0.7245064348509817,6,274303179
beta_1.0_K_8,1.0,1.0,1.0,2,8,beta_k_heatmap,1000,8,grid,beta=1.0|K=8,30,1000,2000,False,completed,0,0,4.0,8.0,0.2781150000000001,0.089,1,1000,1.0,0.0064571428571428575,5.140838838838839,9.0,0.11896678893436148,0.3568723201810964,0.31149591147554445,713.7446403621927,0.004012028060124253,0.0,0.0,1001.0,0.05562793541032092,0.14017511196904683,0.31149591147554445,0.5267027512672358,0.7454145256751411,7,3615480823
beta_1.0_K_8,1.0,1.0,1.0,2,8,beta_k_heatmap,1000,8,grid,beta=1.0|K=8,30,1000,2000,False,completed,0,0,4.0,8.0,0.2728860000000002,0.085,1,1000,1.0,0.006992857142857143,5.163213213213213,9.0,0.15575347182162236,0.34673419715349624,0.29481874287905274,693.4683943069924,0.004012028060124253,0.0,0.0,1001.0,0.050241368459884465,0.1304846209209462,0.29481874287905274,0.5231474054881422,0.7286943313674726,8,3885330618
beta_1.0_K_8,1.0,1.0,1.0,2,8,beta_k_heatmap,1000,8,grid,beta=1.0|K=8,30,1000,2000,False,completed,0,0,4.0,8.0,0.27608350000000015,0.084,1,1000,1.0,0.004754761904761905,5.153775775775776,9.0,0.13381234554224397,0.34976436368858854,0.3057844998693975,699.5287273771771,0.004012028060124253,0.0,0.0,1001.0,0.058294817203389575,0.13576935468929435,0.3057844998693975,0.5301228141481078,0.7140792715172126,9,3200531513
beta_1.0_K_8,1.0,1.0,1.0,2,8,beta_k_heatmap,1000,8,grid,beta=1.0|K=8,30,1000,2000,False,completed,0,0,4.0,8.0,0.2751060000000001,0.087,1,1000,1.0,0.009288095238095238,5.165547547547548,9.0,0.13038111056246385,0.36005094235519336,0.30553140875474905,720.1018847103867,0.004012028060124253,0.0,0.0,1001.0,0.06024070240410604,0.15069944819874137,0.30553140875474905,0.5385533603817501,0.733638371558038,10,389865261
beta_1.0_K_8,1.0,1.0,1.0,2,8,beta_k_heatmap,1000,8,grid,beta=1.0|K=8,30,1000,2000,False,completed,0,0,4.0,8.0,0.27683000000000013,0.093,1,1000,1.0,0.005752380952380952,5.149985985985986,9.0,0.13382019031843034,0.35305014654399247,0.3016430665737839,706.1002930879849,0.004012028060124253,0.0,0.0,1001.0,0.05621289430567138,0.141432122584831,0.3016430665737839,0.5226322555356576,0.7294045964502299,11,1759905526
beta_1.0_K_8,1.0,1.0,1.0,2,8,beta_k_heatmap,1000,8,grid,beta=1.0|K=8,30,1000,2000,False,completed,0,0,4.0,8.0,0.2739805000000002,0.087,1,1000,1.0,0.007149999999999999,5.161159159159159,9.0,0.14466874083068665,0.34757295520668585,0.30584474209643653,695.1459104133717,0.004012028060124253,0.0,0.0,1001.0,0.053225514991027234,0.1302482435223916,0.30584474209643653,0.5229398704895079,0.722248535542824,12,3966372593
beta_1.0_K_8,1.0,1.0,1.0,2,8,beta_k_heatmap,1000,8,grid,beta=1.0|K=8,30,1000,2000,False,completed,0,0,4.0,8.0,0.2733070000000002,0.094,1,1000,1.0,0.004088095238095238,5.143997997997998,9.0,0.16200174440224768,0.3490845622611385,0.29354988533690884,698.169124522277,0.004012028060124253,0.0,0.0,1001.0,0.05730910810055166,0.13544770319522376,0.29354988533690884,0.5304358593988185,0.7239767946144163,13,3885797192
beta_1.0_K_8,1.0,1.0,1.0,2,8,beta_k_heatmap,1000,8,grid,beta=1.0|K=8,30,1000,2000,False,completed,0,0,4.0,8.0,0.2764995000000001,0.085,1,1000,1.0,0.0141,5.166072072072072,9.0,0.11463722344819632,0.3512384900139166,0.30567241018168156,702.4769800278332,0.004012028060124253,0.0,0.0,1001.0,0.05738591408943585,0.14300118194658418,0.30567241018168156,0.5276037361703453,0.7120441474469144,14,4246007412
beta_1.0_K_8,1.0,1.0,1.0,2,8,beta_k_heatmap,1000,8,grid,beta=1.0|K=8,30,1000,2000,False,completed,0,0,4.0,8.0,0.2773985000000001,0.098,1,1000,1.0,0.009502380952380951,5.1446386386386385,9.0,0.13742996347455583,0.3551884231911307,0.303928192062348,710.3768463822614,0.004012028060124253,0.0,0.0,1001.0,0.05463565726786486,0.14609345095861004,0.303928192062348,0.5275672766188183,0.7280990597475577,15,1584214869
beta_1.0_K_8,1.0,1.0,1.0,2,8,beta_k_heatmap,1000,8,grid,beta=1.0|K=8,30,1000,2000,False,completed,0,0,4.0,8.0,0.27817800000000004,0.097,1,1000,1.0,0.008071428571428571,5.150902902902903,9.0,0.13198044865531888,0.3546767056560808,0.3020849113168985,709.3534113121616,0.004012028060124253,0.0,0.0,1001.0,0.055892506458846414,0.14422277411701417,0.3020849113168985,0.5242988275977659,0.7394841894843726,16,4140870663
beta_1.0_K_8,1.0,1.0,1.0,2,8,beta_k_heatmap,1000,8,grid,beta=1.0|K=8,30,1000,2000,False,completed,0,0,4.0,8.0,0.2773080000000001,0.094,1,1000,1.0,0.009209523809523808,5.156926926926927,9.0,0.1309044743665723,0.34211804088702424,0.29119177002451113,684.2360817740484,0.004012028060124253,0.0,0.0,1001.0,0.04948726652327944,0.1304223512739178,0.29119177002451113,0.507830165490229,0.7279791844888714,17,2254616583
beta_1.0_K_8,1.0,1.0,1.0,2,8,beta_k_heatmap,1000,8,grid,beta=1.0|K=8,30,1000,2000,False,completed,0,0,4.0,8.0,0.27760850000000015,0.089,1,1000,1.0,0.00809047619047619,5.137937937937938,9.0,0.10068206697167878,0.3433140318205977,0.29125754669484727,686.6280636411955,0.004012028060124253,0.0,0.0,1001.0,0.05161696031612538,0.1310425293695302,0.29125754669484727,0.5090943434887873,0.718847358639259,18,1146741327
beta_1.0_K_8,1.0,1.0,1.0,2,8,beta_k_heatmap,1000,8,grid,beta=1.0|K=8,30,1000,2000,False,completed,0,0,4.0,8.0,0.2736675000000002,0.082,1,1000,1.0,0.008061904761904761,5.171221221221221,9.0,0.1262305989613083,0.3414808777596802,0.2897156490087349,682.9617555193604,0.004012028060124253,0.0,0.0,1001.0,0.04823450971280191,0.12562368037545438,0.2897156490087349,0.512444584564343,0.7286370384544998,19,900547388
beta_1.0_K_8,1.0,1.0,1.0,2,8,beta_k_heatmap,1000,8,grid,beta=1.0|K=8,30,1000,2000,False,completed,0,0,4.0,8.0,0.2714040000000002,0.08,1,1000,1.0,0.008002380952380952,5.15747947947948,9.0,0.16058501128403482,0.36302008992573,0.318161350046116,726.0401798514599,0.004012028060124253,0.0,0.0,1001.0,0.04933301670194618,0.14217733983459988,0.318161350046116,0.5446085703979345,0.7550518701110958,20,2870746353
beta_1.0_K_8,1.0,1.0,1.0,2,8,beta_k_heatmap,1000,8,grid,beta=1.0|K=8,30,1000,2000,False,completed,0,0,4.0,8.0,0.2753260000000002,0.096,1,1000,1.0,0.0058095238095238096,5.152950950950951,9.0,0.1327517960901138,0.3485407789769289,0.30168049132244656,697.0815579538579,0.004012028060124253,0.0,0.0,1001.0,0.051053933524978376,0.13493131634326128,0.30168049132244656,0.5267632647583413,0.7286327934124676,21,1450536100
beta_1.0_K_8,1.0,1.0,1.0,2,8,beta_k_heatmap,1000,8,grid,beta=1.0|K=8,30,1000,2000,False,completed,0,0,4.0,8.0,0.2746255000000002,0.09,1,1000,1.0,0.007416666666666667,5.155345345345346,9.0,0.13957090770372735,0.34573523769476844,0.28748548959901243,691.4704753895369,0.004012028060124253,0.0,0.0,1001.0,0.05747855936049268,0.1399520536435747,0.28748548959901243,0.5100461331037542,0.7167830844818027,22,584462831
beta_1.0_K_8,1.0,1.0,1.0,2,8,beta_k_heatmap,1000,8,grid,beta=1.0|K=8,30,1000,2000,False,completed,0,0,4.0,8.0,0.27399400000000007,0.087,1,1000,1.0,0.007783333333333333,5.155583583583583,9.0,0.1365116861734485,0.35524707795451804,0.3018430192635249,710.4941559090361,0.004012028060124253,0.0,0.0,1001.0,0.053155928400912954,0.13720218371227816,0.3018430192635249,0.5428358813595158,0.7380583706008477,23,3697123503
beta_1.0_K_8,1.0,1.0,1.0,2,8,beta_k_heatmap,1000,8,grid,beta=1.0|K=8,30,1000,2000,False,completed,0,0,4.0,8.0,0.2756655000000001,0.086,1,1000,1.0,0.008402380952380951,5.148308308308308,9.0,0.1324580601146583,0.3504030252961744,0.3052356474239918,700.8060505923488,0.004012028060124253,0.0,0.0,1001.0,0.053773863107382545,0.14098683336702622,0.3052356474239918,0.5223053063276887,0.7155968686101313,24,1329604665
beta_1.0_K_8,1.0,1.0,1.0,2,8,beta_k_heatmap,1000,8,grid,beta=1.0|K=8,30,1000,2000,False,completed,0,0,4.0,8.0,0.27632750000000006,0.092,1,1000,1.0,0.007235714285714285,5.158736736736737,9.0,0.11578923956317756,0.34487493188383217,0.29208116789628025,689.7498637676644,0.004012028060124253,0.0,0.0,1001.0,0.053688994748721804,0.13349791275874867,0.29208116789628025,0.5160489186722975,0.7248533331069251,25,3759257223
beta_1.0_K_8,1.0,1.0,1.0,2,8,beta_k_heatmap,1000,8,grid,beta=1.0|K=8,30,1000,2000,False,completed,0,0,4.0,8.0,0.276173,0.089,1,1000,1.0,0.01115,5.160128128128128,9.0,0.1312638861759473,0.34618459803992413,0.30331541721047944,692.3691960798483,0.004012028060124253,0.0,0.0,1001.0,0.05195700172306863,0.13175256520220402,0.30331541721047944,0.5118799780217487,0.7085909288732454,26,1621163907
beta_1.0_K_8,1.0,1.0,1.0,2,8,beta_k_heatmap,1000,8,grid,beta=1.0|K=8,30,1000,2000,False,completed,0,0,4.0,8.0,0.2728765000000002,0.084,1,1000,1.0,0.00992142857142857,5.16158958958959,9.0,0.1359361899379849,0.3556408687945438,0.3120363140723231,711.2817375890876,0.004012028060124253,0.0,0.0,1001.0,0.05427631210734358,0.13393029393401024,0.3120363140723231,0.5366709730787772,0.7309542814636137,27,2575028874
beta_1.0_K_8,1.0,1.0,1.0,2,8,beta_k_heatmap,1000,8,grid,beta=1.0|K=8,30,1000,2000,False,completed,0,0,4.0,8.0,0.28063800000000017,0.096,1,1000,1.0,0.0072595238095238095,5.118890890890891,9.0,0.11605264049939124,0.34161264669516955,0.2871558367544635,683.2252933903391,0.004012028060124253,0.0,0.0,1001.0,0.05872432691543606,0.14122236718331604,0.2871558367544635,0.50384573951176,0.7109421373507512,28,482897405
beta_1.0_K_8,1.0,1.0,1.0,2,8,beta_k_heatmap,1000,8,grid,beta=1.0|K=8,30,1000,2000,False,completed,0,0,4.0,8.0,0.2767235000000001,0.093,1,1000,1.0,0.011392857142857142,5.151415415415415,9.0,0.12542815158093906,0.3516980684563848,0.29235118101229685,703.3961369127696,0.004012028060124253,0.0,0.0,1001.0,0.05357610535067865,0.1397431619521703,0.29235118101229685,0.5231317476997437,0.7312021257660476,29,4250055791
beta_1.0_K_16,1.0,1.0,1.0,2,16,beta_k_heatmap,1000,16,grid,beta=1.0|K=16,30,1000,2000,False,completed,0,0,4.0,16.0,0.3321255000000001,0.007,1,1000,1.0,0.00746512099012099,4.776488488488488,8.0,0.09481838137316206,0.35806067239140826,0.30389312537640384,716.1213447828165,0.012036084180372757,0.0,0.057,1001.0,0.06054241462210441,0.14772418081901997,0.30389312537640384,0.5355114625520929,0.7454826610979507,0,1642315337
beta_1.0_K_16,1.0,1.0,1.0,2,16,beta_k_heatmap,1000,16,grid,beta=1.0|K=16,30,1000,2000,False,completed,0,0,4.0,16.0,0.33645900000000006,0.005,1,1000,1.0,0.012041877566877567,4.76344944944945,8.0,0.05434741108002081,0.34028228498810315,0.2952866009401398,680.5645699762063,0.012036084180372757,0.0,0.068,1001.0,0.05128359183501308,0.13678667954263002,0.2952866009401398,0.5109921156133354,0.6902388250862121,1,290901544
beta_1.0_K_16,1.0,1.0,1.0,2,16,beta_k_heatmap,1000,16,grid,beta=1.0|K=16,30,1000,2000,False,completed,0,0,4.0,16.0,0.33401950000000014,0.006,1,1000,1.0,0.01181501554001554,4.789071071071071,8.0,0.0542699119461692,0.3524948816856301,0.30424876742669904,704.9897633712602,0.012036084180372757,0.0,0.063,1001.0,0.05274844075104275,0.14077097028233646,0.30424876742669904,0.5168760094723197,0.7245275880172671,2,2418656911
beta_1.0_K_16,1.0,1.0,1.0,2,16,beta_k_heatmap,1000,16,grid,beta=1.0|K=16,30,1000,2000,False,completed,0,0,4.0,16.0,0.3361565000000002,0.005,1,1000,1.0,0.011053721278721278,4.760304304304304,8.0,0.0632636606618741,0.3571035327159609,0.31750307403991024,714.2070654319218,0.012036084180372757,0.0,0.063,1001.0,0.06297402405401609,0.14091093303259458,0.31750307403991024,0.5245322172321321,0.737107579757269,3,2705191938
beta_1.0_K_16,1.0,1.0,1.0,2,16,beta_k_heatmap,1000,16,grid,beta=1.0|K=16,30,1000,2000,False,completed,0,0,4.0,16.0,0.33604500000000015,0.005,1,1000,1.0,0.01661376678876679,4.751813813813814,8.0,0.07895999548590538,0.35376744521308107,0.3154859478173486,707.5348904261622,0.012036084180372757,0.0,0.069,1001.0,0.053415738845459824,0.14481787149777745,0.3154859478173486,0.5212126059206712,0.719275359911377,4,259756771
beta_1.0_K_16,1.0,1.0,1.0,2,16,beta_k_heatmap,1000,16,grid,beta=1.0|K=16,30,1000,2000,False,completed,0,0,4.0,16.0,0.335172,0.005,1,1000,1.0,0.0113995115995116,4.779145145145145,8.0,0.05156875834445905,0.35270941088892466,0.3074105610991303,705.4188217778493,0.012036084180372757,0.0,0.062,1001.0,0.05720730293001624,0.14402935679909346,0.3074105610991303,0.5183730109385656,0.7215898151139586,5,1436248154
beta_1.0_K_16,1.0,1.0,1.0,2,16,beta_k_heatmap,1000,16,grid,beta=1.0|K=16,30,1000,2000,False,completed,0,0,4.0,16.0,0.3381020000000001,0.005,1,1000,1.0,0.008158139083139084,4.747799799799799,8.0,0.044905763561644094,0.3488717807244989,0.3094158658377887,697.7435614489979,0.012036084180372757,0.0,0.071,1001.0,0.054253720983605994,0.14074374768785006,0.3094158658377887,0.5149299618171366,0.7134887753528965,6,3865971230
beta_1.0_K_16,1.0,1.0,1.0,2,16,beta_k_heatmap,1000,16,grid,beta=1.0|K=16,30,1000,2000,False,completed,0,0,4.0,16.0,0.337183,0.001,1,1000,1.0,0.006554254079254079,4.7594594594594595,8.0,0.03310314111848667,0.34740896114581815,0.3033764584331774,694.8179222916363,0.012036084180372757,0.0,0.07,1001.0,0.054346637723906605,0.13727975887004107,0.3033764584331774,0.509833883535933,0.7310895808224369,7,2519970332
beta_1.0_K_16,1.0,1.0,1.0,2,16,beta_k_heatmap,1000,16,grid,beta=1.0|K=16,30,1000,2000,False,completed,0,0,4.0,16.0,0.33591300000000013,0.005,1,1000,1.0,0.008989774114774115,4.76605005005005,8.0,0.05880011420681993,0.3454029647784339,0.29318806956328186,690.8059295568678,0.012036084180372757,0.0,0.058,1001.0,0.050614373247985386,0.1364143909290183,0.29318806956328186,0.5186796940632873,0.722284241621625,8,392567625
beta_1.0_K_16,1.0,1.0,1.0,2,16,beta_k_heatmap,1000,16,grid,beta=1.0|K=16,30,1000,2000,False,completed,0,0,4.0,16.0,0.3354595,0.003,1,1000,1.0,0.007436829836829837,4.783275275275275,8.0,0.06859990803591084,0.36047613897947456,0.29650875466942694,720.9522779589491,0.012036084180372757,0.0,0.062,1001.0,0.05341948130187824,0.13761691829011083,0.29650875466942694,0.541523663242022,0.7636008660146368,9,4289808645
beta_1.0_K_16,1.0,1.0,1.0,2,16,beta_k_heatmap,1000,16,grid,beta=1.0|K=16,30,1000,2000,False,completed,0,0,4.0,16.0,0.33477250000000014,0.002,1,1000,1.0,0.0066547369297369294,4.778974974974975,8.0,0.05371768992730167,0.34348559654594324,0.29185617829914623,686.9711930918864,0.012036084180372757,0.0,0.066,1001.0,0.05679650296304257,0.14117328390798867,0.29185617829914623,0.5143967215183622,0.7042147808852062,10,3327099738
beta_1.0_K_16,1.0,1.0,1.0,2,16,beta_k_heatmap,1000,16,grid,beta=1.0|K=16,30,1000,2000,False,completed,0,0,4.0,16.0,0.34019200000000005,0.004,1,1000,1.0,0.006262878787878788,4.749723723723724,8.0,0.031947831620323705,0.3507851008451177,0.30162110627324146,701.5702016902354,0.012036084180372757,0.0,0.069,1001.0,0.05767655397341381,0.137294267273142,0.30162110627324146,0.5257720663218657,0.7206908639085597,11,3098200821
beta_1.0_K_16,1.0,1.0,1.0,2,16,beta_k_heatmap,1000,16,grid,beta=1.0|K=16,30,1000,2000,False,completed,0,0,4.0,16.0,0.3320335000000001,0.005,1,1000,1.0,0.011561846486846486,4.804046046046046,8.0,0.07428541190789004,0.3497976831995328,0.3043262889209662,699.5953663990656,0.012036084180372757,0.0,0.06,1001.0,0.05608077725646072,0.13843063905733483,0.3043262889209662,0.523585698017623,0.7105020111329665,12,3984013128
beta_1.0_K_16,1.0,1.0,1.0,2,16,beta_k_heatmap,1000,16,grid,beta=1.0|K=16,30,1000,2000,False,completed,0,0,4.0,16.0,0.33335800000000004,0.004,1,1000,1.0,0.01002950937950938,4.783423423423423,8.0,0.0609213396317738,0.34935009371932896,0.30810158611152916,698.700187438658,0.012036084180372757,0.0,0.064,1001.0,0.05108308143067043,0.13374042361618454,0.30810158611152916,0.5223521746002029,0.7179621538438942,13,1934783788
beta_1.0_K_16,1.0,1.0,1.0,2,16,beta_k_heatmap,1000,16,grid,beta=1.0|K=16,30,1000,2000,False,completed,0,0,4.0,16.0,0.3340470000000002,0.004,1,1000,1.0,0.01153051393051393,4.779653653653654,8.0,0.04919136550678394,0.35669656997603794,0.3110892653596483,713.3931399520759,0.012036084180372757,0.0,0.063,1001.0,0.055103516284031206,0.14000996279819639,0.3110892653596483,0.5303119375411014,0.738039145559433,14,1194879614
beta_1.0_K_16,1.0,1.0,1.0,2,16,beta_k_heatmap,1000,16,grid,beta=1.0|K=16,30,1000,2000,False,completed,0,0,4.0,16.0,0.33971400000000007,0.002,1,1000,1.0,0.011811735486735486,4.750436436436437,8.0,0.04471102524783386,0.34429786481279245,0.2864084318976114,688.5957296255849,0.012036084180372757,0.0,0.066,1001.0,0.05363456722158669,0.12758203553701455,0.2864084318976114,0.5220107411406725,0.7320813410357366,15,3408579676
beta_1.0_K_16,1.0,1.0,1.0,2,16,beta_k_heatmap,1000,16,grid,beta=1.0|K=16,30,1000,2000,False,completed,0,0,4.0,16.0,0.330573,0.004,1,1000,1.0,0.006988991563991564,4.806874874874875,8.0,0.07252353937081749,0.3461813549395036,0.29618124368832843,692.3627098790072,0.012036084180372757,0.0,0.068,1001.0,0.050397306488694275,0.1385610302727967,0.29618124368832843,0.5181564187210685,0.7136726124823708,16,3576752958
beta_1.0_K_16,1.0,1.0,1.0,2,16,beta_k_heatmap,1000,16,grid,beta=1.0|K=16,30,1000,2000,False,completed,0,0,4.0,16.0,0.338646,0.004,1,1000,1.0,0.010774211899211898,4.760486486486487,8.0,0.06867048352388332,0.3499891223833977,0.2949125447102211,699.9782447667953,0.012036084180372757,0.0,0.061,1001.0,0.05357601313456042,0.13559079589266024,0.2949125447102211,0.5238252940634515,0.7276860171554093,17,3745705347
beta_1.0_K_16,1.0,1.0,1.0,2,16,beta_k_heatmap,1000,16,grid,beta=1.0|K=16,30,1000,2000,False,completed,0,0,4.0,16.0,0.34072650000000015,0.004,1,1000,1.0,0.012182917082917083,4.728652652652652,8.0,0.08109311969322612,0.34992654297259246,0.3000300483465871,699.853085945185,0.012036084180372757,0.0,0.074,1001.0,0.04805024287052423,0.1328326918797989,0.3000300483465871,0.5196460940512262,0.7303270182983651,18,2774323472
beta_1.0_K_16,1.0,1.0,1.0,2,16,beta_k_heatmap,1000,16,grid,beta=1.0|K=16,30,1000,2000,False,completed,0,0,4.0,16.0,0.33580450000000006,0.003,1,1000,1.0,0.01729124209124209,4.76624024024024,9.0,0.06295476529630585,0.3481117251728106,0.29070918911575383,696.2234503456211,0.012036084180372757,0.0,0.061,1001.0,0.052743808867933825,0.12930092960405976,0.29070918911575383,0.526594157107102,0.7308447989341151,19,2966851770
beta_1.0_K_16,1.0,1.0,1.0,2,16,beta_k_heatmap,1000,16,grid,beta=1.0|K=16,30,1000,2000,False,completed,0,0,4.0,16.0,0.33182250000000013,0.005,1,1000,1.0,0.014348737373737373,4.79737937937938,9.0,0.08223976289129302,0.3410573901031416,0.29051022707126795,682.1147802062833,0.012036084180372757,0.0,0.067,1001.0,0.05849479604919127,0.13797864995071396,0.29051022707126795,0.49640095957496966,0.7188290131986691,20,2475358079
beta_1.0_K_16,1.0,1.0,1.0,2,16,beta_k_heatmap,1000,16,grid,beta=1.0|K=16,30,1000,2000,False,completed,0,0,4.0,16.0,0.3367410000000002,0.005,1,1000,1.0,0.009622391497391497,4.75367967967968,8.0,0.04665706047274561,0.3525462182439602,0.3039195808953734,705.0924364879204,0.012036084180372757,0.0,0.072,1001.0,0.05720338312941575,0.14792968828782924,0.3039195808953734,0.5229330760343934,0.7211953085492582,21,463143526
beta_1.0_K_16,1.0,1.0,1.0,2,16,beta_k_heatmap,1000,16,grid,beta=1.0|K=16,30,1000,2000,False,completed,0,0,4.0,16.0,0.3339660000000002,0.004,1,1000,1.0,0.0071035381285381284,4.749165165165165,8.0,0.08816654373071889,0.34902652776611875,0.284948436006633,698.0530555322375,0.012036084180372757,0.0,0.07,1001.0,0.05955502584637437,0.13959113931794695,0.284948436006633,0.5218838428323107,0.7323529924143553,22,3977827600
beta_1.0_K_16,1.0,1.0,1.0,2,16,beta_k_heatmap,1000,16,grid,beta=1.0|K=16,30,1000,2000,False,completed,0,0,4.0,16.0,0.3368215000000001,0.004,1,1000,1.0,0.010714280164280164,4.770726726726727,8.0,0.039607339385120725,0.34769389864642164,0.29190281435611143,695.3877972928433,0.012036084180372757,0.0,0.067,1001.0,0.05852616737276382,0.14255862566440736,0.29190281435611143,0.5246385829962539,0.7166164450100516,23,1946539915
beta_1.0_K_16,1.0,1.0,1.0,2,16,beta_k_heatmap,1000,16,grid,beta=1.0|K=16,30,1000,2000,False,completed,0,0,4.0,16.0,0.3346330000000002,0.001,1,1000,1.0,0.011152722277722278,4.780234234234234,8.0,0.06480989269431016,0.3460959503644509,0.29088952984612404,692.1919007289018,0.012036084180372757,0.0,0.068,1001.0,0.05055877759475542,0.11956530519466123,0.29088952984612404,0.5316492442815679,0.7445797821294667,24,498241157
beta_1.0_K_16,1.0,1.0,1.0,2,16,beta_k_heatmap,1000,16,grid,beta=1.0|K=16,30,1000,2000,False,completed,0,0,4.0,16.0,0.3386600000000002,0.003,1,1000,1.0,0.005596700521700521,4.7462722722722726,8.0,0.06631927156596817,0.3440853885705791,0.29411920603818364,688.1707771411582,0.012036084180372757,0.0,0.062,1001.0,0.057247926508161975,0.13132538203937466,0.29411920603818364,0.5095591275508883,0.7181933553293045,25,3690138957
beta_1.0_K_16,1.0,1.0,1.0,2,16,beta_k_heatmap,1000,16,grid,beta=1.0|K=16,30,1000,2000,False,completed,0,0,4.0,16.0,0.3353585000000001,0.003,1,1000,1.0,0.007331293706293706,4.771113113113113,8.0,0.05975312065015748,0.34170852277998826,0.28420710100372537,683.4170455599765,0.012036084180372757,0.0,0.067,1001.0,0.04813670478477507,0.13511258095181816,0.28420710100372537,0.511951564881749,0.7105065419280965,26,2470813486
beta_1.0_K_16,1.0,1.0,1.0,2,16,beta_k_heatmap,1000,16,grid,beta=1.0|K=16,30,1000,2000,False,completed,0,0,4.0,16.0,0.333585,0.004,1,1000,1.0,0.010986111111111111,4.77194994994995,8.0,0.055273533880873325,0.34697727631512304,0.30228601527034205,693.9545526302461,0.012036084180372757,0.0,0.066,1001.0,0.05726274745555016,0.13935279087086747,0.30228601527034205,0.5216399073656011,0.7194939535888689,27,3825131146
beta_1.0_K_16,1.0,1.0,1.0,2,16,beta_k_heatmap,1000,16,grid,beta=1.0|K=16,30,1000,2000,False,completed,0,0,4.0,16.0,0.3359555000000001,0.004,1,1000,1.0,0.010817155067155066,4.759367367367368,8.0,0.06109529392061624,0.35779143192837026,0.3139211310461687,715.5828638567406,0.012036084180372757,0.0,0.061,1001.0,0.06121685246861886,0.14680782249940474,0.3139211310461687,0.5360614798675813,0.7212908074079378,28,1820051555
beta_1.0_K_16,1.0,1.0,1.0,2,16,beta_k_heatmap,1000,16,grid,beta=1.0|K=16,30,1000,2000,False,completed,0,0,4.0,16.0,0.341005,0.004,1,1000,1.0,0.014574558774558774,4.744348348348348,8.0,0.03911291263731007,0.3367513302309972,0.2940459132287335,673.5026604619943,0.012036084180372757,0.0,0.069,1001.0,0.05489317064908292,0.13248106475687324,0.2940459132287335,0.4978159015088795,0.7013966602555141,29,1393737269
beta_1.0_K_32,1.0,1.0,1.0,2,32,beta_k_heatmap,1000,32,grid,beta=1.0|K=32,30,1000,2000,False,completed,0,0,4.0,27.0,0.3572565000000001,0.0,1,1000,1.0,0.014043157189724022,4.529485485485486,8.0,0.041131445877269995,0.34181722671851256,0.2908565280605995,683.6344534370251,0.02306916134571445,0.0,0.064,1001.0,0.04607378077734577,0.1269213468421743,0.2908565280605995,0.5218122437418824,0.7208960898636251,0,2509492366
beta_1.0_K_32,1.0,1.0,1.0,2,32,beta_k_heatmap,1000,32,grid,beta=1.0|K=32,30,1000,2000,False,completed,0,0,4.0,24.0,0.357526,0.0,1,1000,1.0,0.011841960271597504,4.539727727727728,8.0,0.00815159046610582,0.34918504254490607,0.30089960261019344,698.3700850898122,0.02006014030062126,0.0,0.069,1001.0,0.05044726975942902,0.13510551222114356,0.30089960261019344,0.5346636346347995,0.7216479767908842,1,4077096806
beta_1.0_K_32,1.0,1.0,1.0,2,32,beta_k_heatmap,1000,32,grid,beta=1.0|K=32,30,1000,2000,False,completed,0,0,4.0,27.0,0.3632485000000001,0.0,1,1000,1.0,0.016885036087312975,4.5107607607607605,8.0,0.007939888133541517,0.34710717332987706,0.2902773807020118,694.2143466597541,0.02306916134571445,0.0,0.07,1001.0,0.04896992092244441,0.12885293764927014,0.2902773807020118,0.5303936242831719,0.7398921881701855,2,2501904762
beta_1.0_K_32,1.0,1.0,1.0,2,32,beta_k_heatmap,1000,32,grid,beta=1.0|K=32,30,1000,2000,False,completed,0,0,4.0,29.0,0.35854700000000017,0.0,1,1000,1.0,0.00768049299632197,4.538766766766766,8.0,0.03813998554464003,0.34878357626371803,0.2987180279184255,697.5671525274361,0.025075175375776578,0.0,0.068,1001.0,0.05630384525466731,0.13820481201143545,0.2987180279184255,0.5079723439704684,0.7218520523857339,3,3571372275
beta_1.0_K_32,1.0,1.0,1.0,2,32,beta_k_heatmap,1000,32,grid,beta=1.0|K=32,30,1000,2000,False,completed,0,0,4.0,31.0,0.3583875000000001,0.0,1,1000,1.0,0.013730915440460316,4.493417417417417,8.0,0.012105386235975665,0.3646050177274255,0.3057817614741436,729.210035454851,0.027081189405838705,0.0,0.067,1001.0,0.05737976501991554,0.14363044544949857,0.3057817614741436,0.5495233959266212,0.7617677673929859,4,1122738742
beta_1.0_K_32,1.0,1.0,1.0,2,32,beta_k_heatmap,1000,32,grid,beta=1.0|K=32,30,1000,2000,False,completed,0,0,4.0,31.0,0.35958500000000004,0.0,1,1000,1.0,0.01753193491096717,4.545147147147147,8.0,0.03351305807022904,0.3381916205984805,0.2920602104344301,676.3832411969611,0.027081189405838705,0.0,0.064,1001.0,0.05465270924842259,0.13312935022109607,0.2920602104344301,0.5020599652315687,0.6937681977625376,5,2369416607
beta_1.0_K_32,1.0,1.0,1.0,2,32,beta_k_heatmap,1000,32,grid,beta=1.0|K=32,30,1000,2000,False,completed,0,0,4.0,30.0,0.36193850000000016,0.0,1,1000,1.0,0.014248502688841298,4.484002002002002,8.0,-0.02590213019994737,0.35526543612046757,0.3128213881297884,710.5308722409352,0.02607818239080764,0.0,0.065,1001.0,0.05466943964170201,0.1393909288554879,0.3128213881297884,0.5321626879365293,0.7248690002679189,6,2539377852
beta_1.0_K_32,1.0,1.0,1.0,2,32,beta_k_heatmap,1000,32,grid,beta=1.0|K=32,30,1000,2000,False,completed,0,0,4.0,32.0,0.3621105,0.001,1,1000,1.0,0.013281143271509805,4.466630630630631,8.0,-0.002028151876075551,0.3476306975100939,0.2999240835902858,695.2613950201878,0.02808419642086977,0.0,0.069,1001.0,0.06120324753123398,0.14432274194032998,0.2999240835902858,0.5197671443024048,0.6977455015493802,7,3769929195
beta_1.0_K_32,1.0,1.0,1.0,2,32,beta_k_heatmap,1000,32,grid,beta=1.0|K=32,30,1000,2000,False,completed,0,0,4.0,30.0,0.3668220000000002,0.0,1,1000,1.0,0.019486823556420427,4.4619099099099095,8.0,0.014407671445393894,0.3524621777605266,0.30625531293235514,704.9243555210531,0.02607818239080764,0.0,0.068,1001.0,0.05835636171734504,0.1348717594361194,0.30625531293235514,0.5163576018664765,0.733218078297851,8,3229286385
beta_1.0_K_32,1.0,1.0,1.0,2,32,beta_k_heatmap,1000,32,grid,beta=1.0|K=32,30,1000,2000,False,completed,0,0,4.0,29.0,0.36285350000000016,0.0,1,1000,1.0,0.013087474500996463,4.46808008008008,8.0,0.024597804295226178,0.34055531029433245,0.29215616388224375,681.1106205886649,0.025075175375776578,0.0,0.067,1001.0,0.055341890318655614,0.12920711686393316,0.29215616388224375,0.5026305643033615,0.7056295944771556,9,4050192091
beta_1.0_K_32,1.0,1.0,1.0,2,32,beta_k_heatmap,1000,32,grid,beta=1.0|K=32,30,1000,2000,False,completed,0,0,4.0,30.0,0.36450400000000016,0.0,1,1000,1.0,0.012260797016420343,4.466260260260261,8.0,0.017136869991704322,0.34413732160070254,0.2988641334526583,688.2746432014051,0.02607818239080764,0.0,0.059,1001.0,0.06006786435421409,0.14117434119380987,0.2988641334526583,0.5086480809187102,0.7115286711083791,10,4138664300
beta_1.0_K_32,1.0,1.0,1.0,2,32,beta_k_heatmap,1000,32,grid,beta=1.0|K=32,30,1000,2000,False,completed,0,0,4.0,30.0,0.35890050000000007,0.0,1,1000,1.0,0.014565800744818828,4.52350950950951,8.0,0.015862992037260992,0.347287234227285,0.28740058212364983,694.57446845457,0.02607818239080764,0.0,0.064,1001.0,0.04853262768372755,0.13835476824209542,0.28740058212364983,0.5188270968489255,0.7356991461608711,11,304874641
beta_1.0_K_32,1.0,1.0,1.0,2,32,beta_k_heatmap,1000,32,grid,beta=1.0|K=32,30,1000,2000,False,completed,0,0,4.0,30.0,0.3581700000000001,0.0,1,1000,1.0,0.01411435811267206,4.539671671671671,8.0,0.0352123762547479,0.3437087879761745,0.29709472481399174,687.417575952349,0.02607818239080764,0.0,0.062,1001.0,0.05660044698933834,0.14007394791172223,0.29709472481399174,0.5100313417419184,0.7067702208584582,12,2830191013
beta_1.0_K_32,1.0,1.0,1.0,2,32,beta_k_heatmap,1000,32,grid,beta=1.0|K=32,30,1000,2000,False,completed,0,0,4.0,31.0,0.36144350000000003,0.0,1,1000,1.0,0.017461748524837985,4.476944944944945,8.0,0.003029226864494481,0.3367581325249958,0.29387105306268035,673.5162650499916,0.027081189405838705,0.0,0.062,1001.0,0.05469334872316586,0.1316341158394634,0.29387105306268035,0.5101679532166937,0.6847757688301236,13,867575290
beta_1.0_K_32,1.0,1.0,1.0,2,32,beta_k_heatmap,1000,32,grid,beta=1.0|K=32,30,1000,2000,False,completed,0,0,4.0,27.0,0.370201,0.0,1,1000,1.0,0.015343062709713673,4.4662242242242245,8.0,-0.015175773128068289,0.3492422032103384,0.30684760321186466,698.4844064206768,0.02306916134571445,0.0,0.067,1001.0,0.05643550247154447,0.13829122584464787,0.30684760321186466,0.5201227849945533,0.7125416937355374,14,2685930386
beta_1.0_K_32,1.0,1.0,1.0,2,32,beta_k_heatmap,1000,32,grid,beta=1.0|K=32,30,1000,2000,False,completed,0,0,4.0,29.0,0.35873750000000015,0.0,1,1000,1.0,0.011398961928052653,4.507687687687688,8.0,0.029093674104132,0.35532928802864194,0.2999987618900577,710.6585760572839,0.025075175375776578,0.0,0.064,1001.0,0.0626468010147717,0.14551669112689064,0.2999987618900577,0.5284881141833849,0.7268833763353851,15,2443951358
beta_1.0_K_32,1.0,1.0,1.0,2,32,beta_k_heatmap,1000,32,grid,beta=1.0|K=32,30,1000,2000,False,completed,0,0,4.0,28.0,0.3609580000000001,0.0,1,1000,1.0,0.011286199480387797,4.535103103103103,8.0,0.006811130072602657,0.3504836408972948,0.3036143552265559,700.9672817945896,0.024072168360745515,0.0,0.07,1001.0,0.05265039095954922,0.1405731931920621,0.3036143552265559,0.5218186007490924,0.7262179532439936,16,1868622584
beta_1.0_K_32,1.0,1.0,1.0,2,32,beta_k_heatmap,1000,32,grid,beta=1.0|K=32,30,1000,2000,False,completed,0,0,4.0,30.0,0.36575350000000006,0.0,1,1000,1.0,0.018828971523088565,4.482434434434435,8.0,-0.014717174162682367,0.3408617987930357,0.2924465153547816,681.7235975860714,0.02607818239080764,0.0,0.069,1001.0,0.052766229970453916,0.1391041642182328,0.2924465153547816,0.5048237364178774,0.7046758153631311,17,111742989
beta_1.0_K_32,1.0,1.0,1.0,2,32,beta_k_heatmap,1000,32,grid,beta=1.0|K=32,30,1000,2000,False,completed,0,0,4.0,27.0,0.35934200000000005,0.0,1,1000,1.0,0.01369948157444725,4.540012012012012,8.0,0.011125920816749655,0.35495096588479885,0.3081008668507911,709.9019317695977,0.02306916134571445,0.0,0.067,1001.0,0.06254322497972861,0.1444997494848284,0.3081008668507911,0.517267885975656,0.7362146768946787,18,1948292655
beta_1.0_K_32,1.0,1.0,1.0,2,32,beta_k_heatmap,1000,32,grid,beta=1.0|K=32,30,1000,2000,False,completed,0,0,4.0,28.0,0.36091950000000006,0.0,1,1000,1.0,0.01172035696309892,4.533159159159159,8.0,0.03535432345810279,0.3523751124839305,0.3013489934018742,704.750224967861,0.024072168360745515,0.0,0.069,1001.0,0.058207198840204824,0.13964888861507652,0.3013489934018742,0.5235574653884125,0.7288301779974873,19,3316161311
beta_1.0_K_32,1.0,1.0,1.0,2,32,beta_k_heatmap,1000,32,grid,beta=1.0|K=32,30,1000,2000,False,completed,0,0,4.0,31.0,0.3631205000000002,0.0,1,1000,1.0,0.010385701724588997,4.480166166166166,8.0,0.019686842552437786,0.3486916986957218,0.2923091714582383,697.3833973914436,0.027081189405838705,0.0,0.067,1001.0,0.05549329640819494,0.14435529870572394,0.2923091714582383,0.5266339024893588,0.7214811371349381,20,4067674726
beta_1.0_K_32,1.0,1.0,1.0,2,32,beta_k_heatmap,1000,32,grid,beta=1.0|K=32,30,1000,2000,False,completed,0,0,4.0,27.0,0.3624565000000002,0.0,1,1000,1.0,0.014922484583413375,4.49595995995996,8.0,0.005167028234845947,0.3513346944653472,0.2993418185387643,702.6693889306944,0.02306916134571445,0.0,0.073,1001.0,0.0545261037243226,0.14112201385835127,0.2993418185387643,0.5280737796917815,0.7292270063269871,21,1567301682
beta_1.0_K_32,1.0,1.0,1.0,2,32,beta_k_heatmap,1000,32,grid,beta=1.0|K=32,30,1000,2000,False,completed,0,0,4.0,26.0,0.3616410000000001,0.0,1,1000,1.0,0.019762838991074286,4.525319319319319,8.0,-0.018672596889889072,0.3549102146157715,0.315167221192548,709.820429231543,0.022066154330683388,0.0,0.069,1001.0,0.05245270599319398,0.13759962381426957,0.315167221192548,0.5383444593505661,0.7157193853989421,22,363988051
beta_1.0_K_32,1.0,1.0,1.0,2,32,beta_k_heatmap,1000,32,grid,beta=1.0|K=32,30,1000,2000,False,completed,0,0,4.0,31.0,0.35989250000000017,0.0,1,1000,1.0,0.00933647076141721,4.514076076076076,8.0,0.0025085677149251223,0.3539877325575419,0.30221000664997966,707.9754651150838,0.027081189405838705,0.0,0.063,1001.0,0.057548764058262196,0.1393171036429891,0.30221000664997966,0.5293109151065727,0.729286957312757,23,3478104538
beta_1.0_K_32,1.0,1.0,1.0,2,32,beta_k_heatmap,1000,32,grid,beta=1.0|K=32,30,1000,2000,False,completed,0,0,4.0,31.0,0.360128,0.0,1,1000,1.0,0.019328572879854778,4.506484484484485,8.0,0.014103592257550788,0.3442189227885606,0.29051397006252944,688.4378455771212,0.027081189405838705,0.0,0.063,1001.0,0.05166241206813876,0.12948191994073294,0.29051397006252944,0.5148545071529754,0.7200892521986288,24,1084883833
beta_1.0_K_32,1.0,1.0,1.0,2,32,beta_k_heatmap,1000,32,grid,beta=1.0|K=32,30,1000,2000,False,completed,0,0,4.0,28.0,0.3581070000000002,0.0,1,1000,1.0,0.011611546018481002,4.539981981981982,8.0,0.004722934880144185,0.35083433497626265,0.2987957681330107,701.6686699525253,0.024072168360745515,0.0,0.069,1001.0,0.05388730714275937,0.13651749113103417,0.2987957681330107,0.5230483043210056,0.7290365703233502,25,3047493152
beta_1.0_K_32,1.0,1.0,1.0,2,32,beta_k_heatmap,1000,32,grid,beta=1.0|K=32,30,1000,2000,False,completed,0,0,4.0,30.0,0.35997500000000016,0.0,1,1000,1.0,0.012714931927220605,4.5286146146146145,8.0,0.0072994122918572935,0.3545525814127996,0.29713599765582116,709.1051628255992,0.02607818239080764,0.0,0.063,1001.0,0.05046212092132572,0.1379695096611564,0.29713599765582116,0.5267421563307673,0.7600659554467958,26,584852360
beta_1.0_K_32,1.0,1.0,1.0,2,32,beta_k_heatmap,1000,32,grid,beta=1.0|K=32,30,1000,2000,False,completed,0,0,4.0,29.0,0.3716415000000002,0.0,1,1000,1.0,0.012498725530125845,4.466388388388388,8.0,-0.017964818318442145,0.3523252643184694,0.30288836276140974,704.6505286369388,0.025075175375776578,0.0,0.073,1001.0,0.05532541516338184,0.13997189838772267,0.30288836276140974,0.5320789014662066,0.7349530701807626,27,2395771875
beta_1.0_K_32,1.0,1.0,1.0,2,32,beta_k_heatmap,1000,32,grid,beta=1.0|K=32,30,1000,2000,False,completed,0,0,4.0,31.0,0.3631280000000001,0.0,1,1000,1.0,0.014799131542673438,4.513645645645646,8.0,0.014773317310321839,0.34902854842228376,0.29366459444563864,698.0570968445675,0.027081189405838705,0.0,0.063,1001.0,0.054849126014577386,0.13992670857144696,0.29366459444563864,0.5221668976375727,0.7234536607814526,28,472169188
beta_1.0_K_32,1.0,1.0,1.0,2,32,beta_k_heatmap,1000,32,grid,beta=1.0|K=32,30,1000,2000,False,completed,0,0,4.0,28.0,0.3528920000000002,0.0,1,1000,1.0,0.01296305251069755,4.537193193193193,8.0,0.037635982049503545,0.34246848538174096,0.28393534222290306,684.9369707634819,0.024072168360745515,0.0,0.059,1001.0,0.05202480019064644,0.12843483414386628,0.28393534222290306,0.5114290427731689,0.7282663760597418,29,3174996570
beta_1.0_K_very_large,1.0,1.0,1.0,2,very_large,beta_k_heatmap,1000,very_large,grid,beta=1.0|K=very_large,30,1000,2000,False,completed,0,0,4.0,88.0,0.39497550000000015,0.0,1,1000,1.0,0.037608371915379225,3.9555595595595596,7.0,-0.09928213887205894,0.35139351140562536,0.3127203105419576,702.7870228112507,0.0842525892626093,0.0,0.051,1001.0,0.05646975856203191,0.1401155678295473,0.3127203105419576,0.5230368167579038,0.7084899915867323,0,2551743312
beta_1.0_K_very_large,1.0,1.0,1.0,2,very_large,beta_k_heatmap,1000,very_large,grid,beta=1.0|K=very_large,30,1000,2000,False,completed,0,0,4.0,70.0,0.3917290000000002,0.0,1,1000,1.0,0.023335778269400156,4.090930930930931,7.0,-0.10014494338490572,0.35313519167199775,0.31290829008804355,706.2703833439955,0.06619846299205016,0.0,0.059,1001.0,0.05757198407026272,0.13739289267968868,0.31290829008804355,0.5199440021860586,0.7254066472353125,1,3346782486
beta_1.0_K_very_large,1.0,1.0,1.0,2,very_large,beta_k_heatmap,1000,very_large,grid,beta=1.0|K=very_large,30,1000,2000,False,completed,0,0,4.0,71.0,0.388066,0.0,1,1000,1.0,0.034813133499604854,4.1352932932932935,7.0,-0.06533951176424406,0.34606838680546387,0.2900008121445682,692.1367736109278,0.06720147000708122,0.0,0.06,1001.0,0.05758460726737521,0.14528171839637477,0.2900008121445682,0.5207586352482139,0.7205201142666668,2,2727159082
beta_1.0_K_very_large,1.0,1.0,1.0,2,very_large,beta_k_heatmap,1000,very_large,grid,beta=1.0|K=very_large,30,1000,2000,False,completed,0,0,4.0,68.0,0.38363900000000006,0.0,1,1000,1.0,0.02754836084926177,4.18563963963964,8.0,-0.06535994604539237,0.3437317095575047,0.2992994734853161,687.4634191150094,0.06419244896198804,0.0,0.058,1001.0,0.055878136649517234,0.1366608559099325,0.2992994734853161,0.5126936176123479,0.703694580986294,3,1430313712
beta_1.0_K_very_large,1.0,1.0,1.0,2,very_large,beta_k_heatmap,1000,very_large,grid,beta=1.0|K=very_large,30,1000,2000,False,completed,0,0,4.0,85.0,0.3876895,0.0,1,1000,1.0,0.037711487945429986,4.065937937937938,7.0,-0.07800201967793848,0.342764018091804,0.2881299395493814,685.528036183608,0.08124356821751612,0.0,0.052,1001.0,0.05361071427076722,0.13388647244834045,0.2881299395493814,0.5128939454866002,0.7246096344391083,4,1346190994
beta_1.0_K_very_large,1.0,1.0,1.0,2,very_large,beta_k_heatmap,1000,very_large,grid,beta=1.0|K=very_large,30,1000,2000,False,completed,0,0,4.0,70.0,0.38886900000000013,0.0,1,1000,1.0,0.02653822434680254,4.086306306306306,8.0,-0.08839252539099866,0.35256037232875415,0.30641936784797785,705.1207446575083,0.06619846299205016,0.0,0.059,1001.0,0.05321063086909852,0.13574466388355585,0.30641936784797785,0.527873584834367,0.7343871740108503,5,2113963274
beta_1.0_K_very_large,1.0,1.0,1.0,2,very_large,beta_k_heatmap,1000,very_large,grid,beta=1.0|K=very_large,30,1000,2000,False,completed,0,0,4.0,78.0,0.39292550000000004,0.0,1,1000,1.0,0.034191597787812694,4.012064064064064,7.0,-0.09885059351938341,0.35116334124669335,0.2959185983097269,702.3266824933867,0.07422251911229867,0.0,0.05,1001.0,0.05950176597006419,0.1380878975702754,0.2959185983097269,0.525115935880996,0.7406402791361137,6,864914977
beta_1.0_K_very_large,1.0,1.0,1.0,2,very_large,beta_k_heatmap,1000,very_large,grid,beta=1.0|K=very_large,30,1000,2000,False,completed,0,0,4.0,60.0,0.38550450000000014,0.0,1,1000,1.0,0.013472889448062008,4.2048188188188185,8.0,-0.07908910499592879,0.3545499686722801,0.3017619805659735,709.0999373445602,0.05616839284173954,0.0,0.056,1001.0,0.05656848758821603,0.14633598644903892,0.3017619805659735,0.5248609687456485,0.7229869754524463,7,2804064125
beta_1.0_K_very_large,1.0,1.0,1.0,2,very_large,beta_k_heatmap,1000,very_large,grid,beta=1.0|K=very_large,30,1000,2000,False,completed,0,0,4.0,83.0,0.3885080000000001,0.0,1,1000,1.0,0.027739669170564786,4.13782982982983,8.0,-0.06015019408779769,0.3519374341798811,0.30041569638335597,703.8748683597622,0.07923755418745398,0.0,0.064,1001.0,0.054753473439783776,0.13558341301540416,0.30041569638335597,0.5245770938014879,0.7342656871376979,8,4251094928
beta_1.0_K_very_large,1.0,1.0,1.0,2,very_large,beta_k_heatmap,1000,very_large,grid,beta=1.0|K=very_large,30,1000,2000,False,completed,0,0,4.0,65.0,0.38534350000000006,0.0,1,1000,1.0,0.02887255030049898,4.139051051051051,8.0,-0.06665803617435762,0.3472631540931358,0.2927289307129559,694.5263081862715,0.06118342791689485,0.0,0.053,1001.0,0.05536841385478788,0.135868726464644,0.2927289307129559,0.5131858221505271,0.7192980086557804,9,746903690
beta_1.0_K_very_large,1.0,1.0,1.0,2,very_large,beta_k_heatmap,1000,very_large,grid,beta=1.0|K=very_large,30,1000,2000,False,completed,0,0,4.0,66.0,0.38936800000000016,0.0,1,1000,1.0,0.026936140422173634,4.096048048048048,7.0,-0.07927069299121058,0.358659853794975,0.3156351361485086,717.31970758995,0.06218643493192592,0.0,0.057,1001.0,0.05717423975427982,0.1334483419423253,0.3156351361485086,0.5304111539376213,0.7362911032764233,10,114187079
beta_1.0_K_very_large,1.0,1.0,1.0,2,very_large,beta_k_heatmap,1000,very_large,grid,beta=1.0|K=very_large,30,1000,2000,False,completed,0,0,4.0,65.0,0.3829275000000001,0.0,1,1000,1.0,0.027172584445305202,4.119541541541541,7.0,-0.06717770911882251,0.34566421555615273,0.29942254068228225,691.3284311123055,0.06118342791689485,0.0,0.06,1001.0,0.059512479831158406,0.14370366382675115,0.29942254068228225,0.5086157374097432,0.7043448705337726,11,938014413
beta_1.0_K_very_large,1.0,1.0,1.0,2,very_large,beta_k_heatmap,1000,very_large,grid,beta=1.0|K=very_large,30,1000,2000,False,completed,0,0,4.0,69.0,0.3901490000000001,0.0,1,1000,1.0,0.03055737813110912,4.0976996996996995,7.0,-0.07350018788932755,0.3570973602535838,0.3085039392840325,714.1947205071676,0.0651954559770191,0.0,0.055,1001.0,0.05555845189121193,0.13432481774240376,0.3085039392840325,0.5334954464095875,0.7409587222557074,12,109306369
beta_1.0_K_very_large,1.0,1.0,1.0,2,very_large,beta_k_heatmap,1000,very_large,grid,beta=1.0|K=very_large,30,1000,2000,False,completed,0,0,4.0,65.0,0.3928045,0.0,1,1000,1.0,0.03458120362668553,4.133861861861861,8.0,-0.11511331425095694,0.3422513819466069,0.29321920344459007,684.5027638932138,0.06118342791689485,0.0,0.057,1001.0,0.04982968939655109,0.1300359149255121,0.29321920344459007,0.5042875768631019,0.7087183313866551,13,1240213742
beta_1.0_K_very_large,1.0,1.0,1.0,2,very_large,beta_k_heatmap,1000,very_large,grid,beta=1.0|K=very_large,30,1000,2000,False,completed,0,0,4.0,54.0,0.38434100000000004,0.0,1,1000,1.0,0.02346557160782631,4.177013013013013,8.0,-0.07728163504118277,0.3528347555841153,0.30759641875072763,705.6695111682307,0.050150350751553156,0.0,0.057,1001.0,0.058004455149698916,0.13956530537257972,0.30759641875072763,0.5245526303419914,0.7333673510378743,14,986920730
beta_1.0_K_very_large,1.0,1.0,1.0,2,very_large,beta_k_heatmap,1000,very_large,grid,beta=1.0|K=very_large,30,1000,2000,False,completed,0,0,4.0,71.0,0.39330900000000013,0.0,1,1000,1.0,0.03957382607365741,4.092064064064064,8.0,-0.0768361152868686,0.3469678789181406,0.30194294432919944,693.9357578362813,0.06720147000708122,0.0,0.063,1001.0,0.052741836862869027,0.13755671792336943,0.30194294432919944,0.5125096286784426,0.716559871058746,15,4199108814
beta_1.0_K_very_large,1.0,1.0,1.0,2,very_large,beta_k_heatmap,1000,very_large,grid,beta=1.0|K=very_large,30,1000,2000,False,completed,0,0,4.0,88.0,0.38302800000000015,0.0,1,1000,1.0,0.03038956865825019,4.169671671671671,8.0,-0.052753629210862754,0.3523180723500911,0.31167345503907373,704.6361447001822,0.0842525892626093,0.0,0.06,1001.0,0.06322872471957194,0.15103469367865258,0.31167345503907373,0.5160128766051231,0.7179139613751148,16,157825608
beta_1.0_K_very_large,1.0,1.0,1.0,2,very_large,beta_k_heatmap,1000,very_large,grid,beta=1.0|K=very_large,30,1000,2000,False,completed,0,0,4.0,63.0,0.3868355000000001,0.0,1,1000,1.0,0.03307874345460871,4.15395995995996,8.0,-0.07125714402099366,0.3606253076086487,0.3045884818241238,721.2506152172974,0.05917741388683272,0.0,0.061,1001.0,0.06109855595807197,0.1389246048419311,0.3045884818241238,0.5354940753188239,0.7534197933592708,17,1749080989
beta_1.0_K_very_large,1.0,1.0,1.0,2,very_large,beta_k_heatmap,1000,very_large,grid,beta=1.0|K=very_large,30,1000,2000,False,completed,0,0,4.0,73.0,0.3891175,0.0,1,1000,1.0,0.029172585930991212,4.1306446446446445,7.0,-0.10696777549907162,0.3460026393988998,0.29693787872976457,692.0052787977996,0.06920748403714336,0.0,0.054,1001.0,0.05438074018707004,0.13438282004002644,0.29693787872976457,0.5193303160708772,0.7159519725471087,18,2471769082
beta_1.0_K_very_large,1.0,1.0,1.0,2,very_large,beta_k_heatmap,1000,very_large,grid,beta=1.0|K=very_large,30,1000,2000,False,completed,0,0,4.0,74.0,0.38615200000000005,0.0,1,1000,1.0,0.02642726785134301,4.157157157157157,7.0,-0.08222178978979543,0.351012488272391,0.3006815587607336,702.024976544782,0.07021049105217442,0.0,0.061,1001.0,0.05565632786577205,0.1464190222787133,0.3006815587607336,0.5122847801457765,0.7300974565611542,19,2025855780
beta_1.0_K_very_large,1.0,1.0,1.0,2,very_large,beta_k_heatmap,1000,very_large,grid,beta=1.0|K=very_large,30,1000,2000,False,completed,0,0,4.0,71.0,0.38511700000000015,0.0,1,1000,1.0,0.03393170332979806,4.127761761761762,7.0,-0.0646771939774704,0.35390341205383125,0.312773833360213,707.8068241076625,0.06720147000708122,0.0,0.057,1001.0,0.061309612460591335,0.14555061350025586,0.312773833360213,0.5157062124427179,0.7153590837900907,20,2236385780
beta_1.0_K_very_large,1.0,1.0,1.0,2,very_large,beta_k_heatmap,1000,very_large,grid,beta=1.0|K=very_large,30,1000,2000,False,completed,0,0,4.0,85.0,0.38885900000000007,0.0,1,1000,1.0,0.03026032132849515,4.123397397397397,8.0,-0.0710619190061095,0.3512452001197149,0.2961568460246883,702.4904002394297,0.08124356821751612,0.0,0.06,1001.0,0.05873656434517735,0.14016151861499218,0.2961568460246883,0.5236686328445465,0.7265257601618169,21,2063947826
beta_1.0_K_very_large,1.0,1.0,1.0,2,very_large,beta_k_heatmap,1000,very_large,grid,beta=1.0|K=very_large,30,1000,2000,False,completed,0,0,4.0,103.0,0.3894280000000001,0.0,1,1000,1.0,0.04713390282310295,4.082292292292292,7.0,-0.07226962365521455,0.35462942141597226,0.3008320218966646,709.2588428319445,0.09929769448807525,0.0,0.06,1001.0,0.05454064807141381,0.13864621170199984,0.3008320218966646,0.5290382473719655,0.7327354906798682,22,2028948206
beta_1.0_K_very_large,1.0,1.0,1.0,2,very_large,beta_k_heatmap,1000,very_large,grid,beta=1.0|K=very_large,30,1000,2000,False,completed,0,0,4.0,63.0,0.39173500000000017,0.0,1,1000,1.0,0.02611671494177298,4.090302302302303,7.0,-0.08648472123711082,0.3545675907133016,0.3095096865754353,709.1351814266031,0.05917741388683272,0.0,0.057,1001.0,0.055039296980643304,0.1444987796349222,0.3095096865754353,0.5259294891064998,0.7244550015232017,23,2602907121
beta_1.0_K_very_large,1.0,1.0,1.0,2,very_large,beta_k_heatmap,1000,very_large,grid,beta=1.0|K=very_large,30,1000,2000,False,completed,0,0,4.0,73.0,0.385958,0.0,1,1000,1.0,0.023962897664589672,4.190546546546546,8.0,-0.0653895813785317,0.3567493938885325,0.3085916936905061,713.498787777065,0.06920748403714336,0.0,0.061,1001.0,0.05258532336213365,0.12970117941698367,0.3085916936905061,0.5273649495871159,0.7577376100892054,24,3121350102
beta_1.0_K_very_large,1.0,1.0,1.0,2,very_large,beta_k_heatmap,1000,very_large,grid,beta=1.0|K=very_large,30,1000,2000,False,completed,0,0,4.0,74.0,0.3901540000000001,0.0,1,1000,1.0,0.02188605454728911,4.108446446446447,8.0,-0.08038742043520056,0.3481742652835705,0.2989068033965406,696.348530567141,0.07021049105217442,0.0,0.056,1001.0,0.058050930383509114,0.14335514408250197,0.2989068033965406,0.515570351785942,0.7170257658355431,25,2630702598
beta_1.0_K_very_large,1.0,1.0,1.0,2,very_large,beta_k_heatmap,1000,very_large,grid,beta=1.0|K=very_large,30,1000,2000,False,completed,0,0,4.0,76.0,0.38392550000000014,0.0,1,1000,1.0,0.029939841069821064,4.101139139139139,7.0,-0.0774790235081186,0.3603703707411858,0.31893102728972145,720.7407414823715,0.07221650508223655,0.0,0.056,1001.0,0.054428714801926334,0.1416676752811475,0.31893102728972145,0.5308919524124527,0.7395689250056181,26,3813855391
beta_1.0_K_very_large,1.0,1.0,1.0,2,very_large,beta_k_heatmap,1000,very_large,grid,beta=1.0|K=very_large,30,1000,2000,False,completed,0,0,4.0,75.0,0.3849195000000001,0.0,1,1000,1.0,0.028202118240509826,4.159309309309309,7.0,-0.06921340446998833,0.35158370888671053,0.30385197002462405,703.1674177734211,0.07121349806720548,0.0,0.063,1001.0,0.060456094152319124,0.1374721345650923,0.30385197002462405,0.5214824430531873,0.735503835548143,27,4212635996
beta_1.0_K_very_large,1.0,1.0,1.0,2,very_large,beta_k_heatmap,1000,very_large,grid,beta=1.0|K=very_large,30,1000,2000,False,completed,0,0,4.0,88.0,0.3849205000000002,0.0,1,1000,1.0,0.03460468582125417,4.186696696696696,8.0,-0.061366415456700275,0.34907706540080075,0.30563780240207183,698.1541308016015,0.0842525892626093,0.0,0.058,1001.0,0.0549999336316068,0.1359321235533311,0.30563780240207183,0.5144583439172503,0.7212066311681321,28,2465108295
beta_1.0_K_very_large,1.0,1.0,1.0,2,very_large,beta_k_heatmap,1000,very_large,grid,beta=1.0|K=very_large,30,1000,2000,False,completed,0,0,4.0,54.0,0.3897805000000001,0.0,1,1000,1.0,0.0230034990905712,4.098978978978979,8.0,-0.1018592442778111,0.3498770025657342,0.30988134870760237,699.7540051314684,0.050150350751553156,0.0,0.051,1001.0,0.06457929921464449,0.144952711485213,0.30988134870760237,0.5177993365167556,0.7030513257518416,29,3360170777
beta_2.0_K_8,1.0,2.0,1.0,2,8,beta_k_heatmap,1000,8,grid,beta=2.0|K=8,30,1000,2000,False,completed,0,0,4.0,8.0,0.24940550000000017,0.027,1,1000,1.0,0.005464285714285714,5.254464464464465,9.0,0.16930773051344508,0.3554297354374317,0.29708413183958515,710.8594708748634,0.004012028060124253,0.0,0.0,1001.0,0.054774610616766646,0.13713915863392317,0.29708413183958515,0.5444886809359566,0.7398101721181746,0,2093102300
beta_2.0_K_8,1.0,2.0,1.0,2,8,beta_k_heatmap,1000,8,grid,beta=2.0|K=8,30,1000,2000,False,completed,0,0,4.0,8.0,0.24558800000000014,0.022,1,1000,1.0,0.005166666666666666,5.270476476476476,9.0,0.2147117296222665,0.3495892042390417,0.2928385469301492,699.1784084780834,0.004012028060124253,0.0,0.0,1001.0,0.052139222189030325,0.13250574109019203,0.2928385469301492,0.525635987001596,0.7267788298621914,1,2604684836
beta_2.0_K_8,1.0,2.0,1.0,2,8,beta_k_heatmap,1000,8,grid,beta=2.0|K=8,30,1000,2000,False,completed,0,0,4.0,8.0,0.2434025000000002,0.02,1,1000,1.0,0.006266666666666667,5.299865865865866,9.0,0.1781484640080525,0.3543671617842267,0.29397720870323896,708.7343235684534,0.004012028060124253,0.0,0.0,1001.0,0.059889839925882614,0.1427119038813821,0.29397720870323896,0.5264773599805981,0.7313129757234762,2,3921045783
beta_2.0_K_8,1.0,2.0,1.0,2,8,beta_k_heatmap,1000,8,grid,beta=2.0|K=8,30,1000,2000,False,completed,0,0,4.0,8.0,0.24348650000000016,0.018,1,1000,1.0,0.008007142857142857,5.287935935935936,9.0,0.19887001641208307,0.3540320527890061,0.29968896439574577,708.0641055780122,0.004012028060124253,0.0,0.0,1001.0,0.06276971367183588,0.14195779191651214,0.29968896439574577,0.5322392807700425,0.7202254421873342,3,3070954911
beta_2.0_K_8,1.0,2.0,1.0,2,8,beta_k_heatmap,1000,8,grid,beta=2.0|K=8,30,1000,2000,False,completed,0,0,4.0,8.0,0.2470420000000002,0.028,1,1000,1.0,0.008488095238095237,5.262526526526527,9.0,0.18568789484192685,0.34346923002935964,0.28699786658916604,686.9384600587193,0.004012028060124253,0.0,0.0,1001.0,0.05639300517627604,0.13479570685352393,0.28699786658916604,0.5148882851411443,0.7196882366440475,4,2313998581
beta_2.0_K_8,1.0,2.0,1.0,2,8,beta_k_heatmap,1000,8,grid,beta=2.0|K=8,30,1000,2000,False,completed,0,0,4.0,8.0,0.24702650000000004,0.031,1,1000,1.0,0.004028571428571428,5.255173173173173,9.0,0.21574261302902942,0.357113920519993,0.3071693158683638,714.2278410399861,0.004012028060124253,0.0,0.0,1001.0,0.05650075222822582,0.13900903674602133,0.3071693158683638,0.5325182663428811,0.7353088638579239,5,2970901575
beta_2.0_K_8,1.0,2.0,1.0,2,8,beta_k_heatmap,1000,8,grid,beta=2.0|K=8,30,1000,2000,False,completed,0,0,4.0,8.0,0.24838500000000008,0.023,1,1000,1.0,0.0077666666666666665,5.266994994994995,9.0,0.16029133365346074,0.34389170506398953,0.29395261791147087,687.7834101279791,0.004012028060124253,0.0,0.0,1001.0,0.04950067713666089,0.1307419935437531,0.29395261791147087,0.5118923657421853,0.7098438329710287,6,2623697466
beta_2.0_K_8,1.0,2.0,1.0,2,8,beta_k_heatmap,1000,8,grid,beta=2.0|K=8,30,1000,2000,False,completed,0,0,4.0,8.0,0.2422550000000001,0.018,1,1000,1.0,0.008883333333333333,5.289343343343344,9.0,0.1914502854954836,0.3415584412599077,0.2916520979441313,683.1168825198154,0.004012028060124253,0.0,0.0,1001.0,0.05602208099607732,0.13552131609523116,0.2916520979441313,0.5074050618480972,0.7060849986303462,7,3739758618
beta_2.0_K_8,1.0,2.0,1.0,2,8,beta_k_heatmap,1000,8,grid,beta=2.0|K=8,30,1000,2000,False,completed,0,0,4.0,8.0,0.24860650000000017,0.025,1,1000,1.0,0.009683333333333334,5.266378378378378,9.0,0.18096680652262218,0.34460536470929615,0.2974251592190186,689.2107294185923,0.004012028060124253,0.0,0.0,1001.0,0.053255170168023905,0.13454663259007119,0.2974251592190186,0.5136852143330951,0.704274567596466,8,3442865501
beta_2.0_K_8,1.0,2.0,1.0,2,8,beta_k_heatmap,1000,8,grid,beta=2.0|K=8,30,1000,2000,False,completed,0,0,4.0,8.0,0.24281750000000013,0.02,1,1000,1.0,0.0059595238095238095,5.296770770770771,9.0,0.20315060242334554,0.349877008330423,0.2900117673805325,699.754016660846,0.004012028060124253,0.0,0.0,1001.0,0.05040655762795554,0.13069172837044832,0.2900117673805325,0.5190777528406109,0.7313958290074599,9,1201109275
beta_2.0_K_8,1.0,2.0,1.0,2,8,beta_k_heatmap,1000,8,grid,beta=2.0|K=8,30,1000,2000,False,completed,0,0,4.0,8.0,0.24706650000000008,0.032,1,1000,1.0,0.005976190476190476,5.263175175175175,9.0,0.16770252648115247,0.35360539428741405,0.29848911952196266,707.2107885748281,0.004012028060124253,0.0,0.0,1001.0,0.05849870340241412,0.144118406893881,0.29848911952196266,0.5221015311939134,0.7277586265177398,10,2769538481
beta_2.0_K_8,1.0,2.0,1.0,2,8,beta_k_heatmap,1000,8,grid,beta=2.0|K=8,30,1000,2000,False,completed,0,0,4.0,8.0,0.24522000000000022,0.025,1,1000,1.0,0.005497619047619048,5.276478478478478,9.0,0.21814413914683453,0.3470442808937728,0.30020510168254605,694.0885617875456,0.004012028060124253,0.0,0.0,1001.0,0.055977438318018095,0.13928050213108367,0.30020510168254605,0.5076530770506185,0.7215557875513557,11,3069691432
beta_2.0_K_8,1.0,2.0,1.0,2,8,beta_k_heatmap,1000,8,grid,beta=2.0|K=8,30,1000,2000,False,completed,0,0,4.0,8.0,0.2495995000000002,0.024,1,1000,1.0,0.004797619047619047,5.246102102102102,9.0,0.17608397773062032,0.3528154391521529,0.30733832525139226,705.6308783043058,0.004012028060124253,0.0,0.0,1001.0,0.055163671644320005,0.13969621801279347,0.30733832525139226,0.5213904597726471,0.7226897272504497,12,123183332
beta_2.0_K_8,1.0,2.0,1.0,2,8,beta_k_heatmap,1000,8,grid,beta=2.0|K=8,30,1000,2000,False,completed,0,0,4.0,8.0,0.24468650000000003,0.024,1,1000,1.0,0.005385714285714285,5.274122122122122,9.0,0.2201151834743405,0.34930596314969375,0.2905781249003144,698.6119262993875,0.004012028060124253,0.0,0.0,1001.0,0.05664005096359882,0.13000519204669808,0.2905781249003144,0.52199115844451,0.7353636719397906,13,844743276
beta_2.0_K_8,1.0,2.0,1.0,2,8,beta_k_heatmap,1000,8,grid,beta=2.0|K=8,30,1000,2000,False,completed,0,0,4.0,8.0,0.2438070000000001,0.023,1,1000,1.0,0.005733333333333333,5.275607607607608,9.0,0.21293740739469116,0.36094867002947495,0.31191837446852655,721.8973400589499,0.004012028060124253,0.0,0.0,1001.0,0.05559368172486141,0.14122726600992097,0.31191837446852655,0.5306873359244964,0.7572162210324068,14,1642178519
beta_2.0_K_8,1.0,2.0,1.0,2,8,beta_k_heatmap,1000,8,grid,beta=2.0|K=8,30,1000,2000,False,completed,0,0,4.0,8.0,0.24390400000000012,0.025,1,1000,1.0,0.007354761904761905,5.287613613613614,9.0,0.2067269936955551,0.36237112359491025,0.31114993209689734,724.7422471898205,0.004012028060124253,0.0,0.0,1001.0,0.058464794859412375,0.1446311435195801,0.31114993209689734,0.5423473383132875,0.7474813433785357,15,2223095128
beta_2.0_K_8,1.0,2.0,1.0,2,8,beta_k_heatmap,1000,8,grid,beta=2.0|K=8,30,1000,2000,False,completed,0,0,4.0,8.0,0.24319350000000006,0.023,1,1000,1.0,0.006161904761904762,5.296058058058058,9.0,0.20896247605197957,0.33889343691535306,0.2904570112254644,677.7868738307061,0.004012028060124253,0.0,0.0,1001.0,0.045482127634623455,0.13322307648764398,0.2904570112254644,0.5027312859849797,0.7157226393937829,16,1136638091
beta_2.0_K_8,1.0,2.0,1.0,2,8,beta_k_heatmap,1000,8,grid,beta=2.0|K=8,30,1000,2000,False,completed,0,0,4.0,8.0,0.24253750000000007,0.015,1,1000,1.0,0.006116666666666666,5.280498498498498,9.0,0.1894570924115587,0.3486144218953317,0.2916858883865555,697.2288437906634,0.004012028060124253,0.0,0.0,1001.0,0.04907933094891464,0.13537735306647636,0.2916858883865555,0.525904519867007,0.7378020829290624,17,3183598754
beta_2.0_K_8,1.0,2.0,1.0,2,8,beta_k_heatmap,1000,8,grid,beta=2.0|K=8,30,1000,2000,False,completed,0,0,4.0,8.0,0.2456965000000002,0.024,1,1000,1.0,0.005757142857142857,5.282462462462463,9.0,0.19374526945419376,0.3452271773783037,0.3024209028348417,690.4543547566075,0.004012028060124253,0.0,0.0,1001.0,0.05817016036220281,0.13465565660969642,0.3024209028348417,0.5127931746032723,0.7017850976909114,18,4240492567
beta_2.0_K_8,1.0,2.0,1.0,2,8,beta_k_heatmap,1000,8,grid,beta=2.0|K=8,30,1000,2000,False,completed,0,0,4.0,8.0,0.2483565000000001,0.026,1,1000,1.0,0.010747619047619048,5.25603003003003,9.0,0.18053876437583122,0.35636503969700856,0.3057629400135924,712.7300793940171,0.004012028060124253,0.0,0.0,1001.0,0.053870849959089424,0.14110696675167078,0.3057629400135924,0.5289711343909655,0.7349398977568987,19,3059219427
beta_2.0_K_8,1.0,2.0,1.0,2,8,beta_k_heatmap,1000,8,grid,beta=2.0|K=8,30,1000,2000,False,completed,0,0,4.0,8.0,0.25060950000000015,0.032,1,1000,1.0,0.007480952380952381,5.248542542542543,9.0,0.18423613666547722,0.35732170538906616,0.31559329441347583,714.6434107781323,0.004012028060124253,0.0,0.0,1001.0,0.061606025567360174,0.1470817052674178,0.31559329441347583,0.52325320311361,0.7314957391186151,20,3326774299
beta_2.0_K_8,1.0,2.0,1.0,2,8,beta_k_heatmap,1000,8,grid,beta=2.0|K=8,30,1000,2000,False,completed,0,0,4.0,8.0,0.24321500000000018,0.02,1,1000,1.0,0.0077904761904761905,5.282734734734735,10.0,0.21496513397179695,0.3542529860274725,0.3027149879335032,708.505972054945,0.004012028060124253,0.0,0.0,1001.0,0.05554694314707807,0.13907826391150804,0.3027149879335032,0.5323416587423795,0.7367936355451576,21,2753842373
beta_2.0_K_8,1.0,2.0,1.0,2,8,beta_k_heatmap,1000,8,grid,beta=2.0|K=8,30,1000,2000,False,completed,0,0,4.0,8.0,0.25182550000000004,0.024,1,1000,1.0,0.006307142857142857,5.247421421421421,9.0,0.16756173102605784,0.3502873388903784,0.3017293311284236,700.5746777807568,0.004012028060124253,0.0,0.0,1001.0,0.05616332457143196,0.13893023597789014,0.3017293311284236,0.5233071320642139,0.7328799907586936,22,3656763898
beta_2.0_K_8,1.0,2.0,1.0,2,8,beta_k_heatmap,1000,8,grid,beta=2.0|K=8,30,1000,2000,False,completed,0,0,4.0,8.0,0.24850000000000017,0.031,1,1000,1.0,0.007883333333333332,5.249773773773774,9.0,0.20213680637413872,0.3626069703558919,0.30965774517403943,725.2139407117838,0.004012028060124253,0.0,0.0,1001.0,0.058948310062052096,0.144732810284542,0.30965774517403943,0.5492718609615862,0.75295209752886,23,52237905
beta_2.0_K_8,1.0,2.0,1.0,2,8,beta_k_heatmap,1000,8,grid,beta=2.0|K=8,30,1000,2000,False,completed,0,0,4.0,8.0,0.24593350000000003,0.022,1,1000,1.0,0.005773809523809524,5.256782782782783,9.0,0.2093435632505957,0.3710472171665863,0.3201947069868737,742.0944343331726,0.004012028060124253,0.0,0.0,1001.0,0.06096214801508229,0.15456768858154207,0.3201947069868737,0.5525002511956123,0.7613232366488701,24,555338202
beta_2.0_K_8,1.0,2.0,1.0,2,8,beta_k_heatmap,1000,8,grid,beta=2.0|K=8,30,1000,2000,False,completed,0,0,4.0,8.0,0.24263000000000012,0.021,1,1000,1.0,0.008657142857142856,5.278166166166166,9.0,0.20146714710231234,0.3509816553896068,0.29909760031148913,701.9633107792135,0.004012028060124253,0.0,0.0,1001.0,0.054456554281849236,0.14380694740802769,0.29909760031148913,0.522377530579953,0.7339305533478738,25,2150055359
beta_2.0_K_8,1.0,2.0,1.0,2,8,beta_k_heatmap,1000,8,grid,beta=2.0|K=8,30,1000,2000,False,completed,0,0,4.0,8.0,0.24298200000000003,0.023,1,1000,1.0,0.005526190476190476,5.3011931931931935,9.0,0.18723189207868587,0.3449009813568649,0.2911696226386482,689.8019627137298,0.004012028060124253,0.0,0.0,1001.0,0.0517866401246181,0.13059076900685532,0.2911696226386482,0.5084004086344879,0.7242056363936614,26,1501895466
beta_2.0_K_8,1.0,2.0,1.0,2,8,beta_k_heatmap,1000,8,grid,beta=2.0|K=8,30,1000,2000,False,completed,0,0,4.0,8.0,0.24568000000000012,0.02,1,1000,1.0,0.00629047619047619,5.282600600600601,10.0,0.18439780734003672,0.337701133423078,0.2871085562264685,675.402266846156,0.004012028060124253,0.0,0.0,1001.0,0.04990565605552552,0.13213718700283855,0.2871085562264685,0.4826953395790641,0.7178473806498101,27,361115822
beta_2.0_K_8,1.0,2.0,1.0,2,8,beta_k_heatmap,1000,8,grid,beta=2.0|K=8,30,1000,2000,False,completed,0,0,4.0,8.0,0.2460030000000002,0.029,1,1000,1.0,0.009459523809523808,5.2633013013013015,9.0,0.18084819273444705,0.3506788801849675,0.2934809107494427,701.357760369935,0.004012028060124253,0.0,0.0,1001.0,0.05345776666013867,0.134454593519235,0.2934809107494427,0.534520340699197,0.7371509693759154,28,1357471347
beta_2.0_K_8,1.0,2.0,1.0,2,8,beta_k_heatmap,1000,8,grid,beta=2.0|K=8,30,1000,2000,False,completed,0,0,4.0,8.0,0.24887800000000015,0.027,1,1000,1.0,0.01338095238095238,5.267975975975976,9.0,0.18533055421166575,0.3492533446801657,0.2924908140190705,698.5066893603314,0.004012028060124253,0.0,0.0,1001.0,0.05920753223748279,0.13887517110507486,0.2924908140190705,0.5198962271611738,0.730453153208545,29,893172067
beta_2.0_K_16,1.0,2.0,1.0,2,16,beta_k_heatmap,1000,16,grid,beta=2.0|K=16,30,1000,2000,False,completed,0,0,4.0,14.0,0.3202165000000001,0.0,1,1000,1.0,0.008608513708513708,4.906186186186186,8.0,0.10994012838122223,0.34871015906946295,0.29241179732103023,697.420318138926,0.01003007015031063,0.0,0.048,1001.0,0.051139388180130356,0.137018267164217,0.29241179732103023,0.5319394429819769,0.7216037806232866,0,2514403432
beta_2.0_K_16,1.0,2.0,1.0,2,16,beta_k_heatmap,1000,16,grid,beta=2.0|K=16,30,1000,2000,False,completed,0,0,4.0,14.0,0.3107865000000001,0.0,1,1000,1.0,0.007126640026640026,4.9174134134134135,9.0,0.11217691243049019,0.33830897772009383,0.2847140546287571,676.6179554401876,0.01003007015031063,0.0,0.044,1001.0,0.05075814494596313,0.1300109013187992,0.2847140546287571,0.49542950451692885,0.7153012204356308,1,893462439
beta_2.0_K_16,1.0,2.0,1.0,2,16,beta_k_heatmap,1000,16,grid,beta=2.0|K=16,30,1000,2000,False,completed,0,0,4.0,14.0,0.3130615000000001,0.0,1,1000,1.0,0.009585569985569985,4.925025025025025,8.0,0.11226574926817431,0.33975525016327,0.29620390160742316,679.5105003265401,0.01003007015031063,0.0,0.048,1001.0,0.05591217502475892,0.13861605856301404,0.29620390160742316,0.49640984278366196,0.701429132904047,2,3340763367
beta_2.0_K_16,1.0,2.0,1.0,2,16,beta_k_heatmap,1000,16,grid,beta=2.0|K=16,30,1000,2000,False,completed,0,0,4.0,14.0,0.31440200000000007,0.0,1,1000,1.0,0.00457029082029082,4.916286286286287,8.0,0.11618130424747614,0.34738893154750633,0.29191518788565973,694.7778630950127,0.01003007015031063,0.0,0.044,1001.0,0.05551907623152925,0.13392269994012804,0.29191518788565973,0.5248696753735302,0.7346017770928646,3,987285866
beta_2.0_K_16,1.0,2.0,1.0,2,16,beta_k_heatmap,1000,16,grid,beta=2.0|K=16,30,1000,2000,False,completed,0,0,4.0,14.0,0.3119480000000001,0.0,1,1000,1.0,0.006776295926295926,4.92323923923924,8.0,0.12608244781324504,0.3467769166249535,0.3015580178066374,693.553833249907,0.01003007015031063,0.0,0.048,1001.0,0.05684994209669154,0.13913438931490799,0.3015580178066374,0.5122041946261114,0.7228481618170745,4,4128980521
beta_2.0_K_16,1.0,2.0,1.0,2,16,beta_k_heatmap,1000,16,grid,beta=2.0|K=16,30,1000,2000,False,completed,0,0,4.0,16.0,0.3142555,0.001,1,1000,1.0,0.006787043512043512,4.911847847847848,8.0,0.09476397728373448,0.34657224546498167,0.2911396731208894,693.1444909299634,0.012036084180372757,0.0,0.049,1001.0,0.052587748945758704,0.14010704039640876,0.2911396731208894,0.5212145257580971,0.7172197717425077,5,1104074183
beta_2.0_K_16,1.0,2.0,1.0,2,16,beta_k_heatmap,1000,16,grid,beta=2.0|K=16,30,1000,2000,False,completed,0,0,4.0,14.0,0.3110820000000001,0.0,1,1000,1.0,0.009828116328116329,4.923025025025025,8.0,0.11291535480177244,0.34969701727785685,0.2969238659639561,699.3940345557137,0.01003007015031063,0.0,0.045,1001.0,0.05649399194485726,0.13483952315666684,0.2969238659639561,0.5178439126488222,0.7287950961053309,6,4078774542
beta_2.0_K_16,1.0,2.0,1.0,2,16,beta_k_heatmap,1000,16,grid,beta=2.0|K=16,30,1000,2000,False,completed,0,0,4.0,14.0,0.31788700000000003,0.0,1,1000,1.0,0.009424220224220224,4.8867367367367365,9.0,0.09814445412770356,0.35776441592892066,0.2990814613114391,715.5288318578413,0.01003007015031063,0.0,0.046,1001.0,0.05323953993292272,0.13481672820522192,0.2990814613114391,0.5339366106256775,0.7478366197111095,7,2000838681
beta_2.0_K_16,1.0,2.0,1.0,2,16,beta_k_heatmap,1000,16,grid,beta=2.0|K=16,30,1000,2000,False,completed,0,0,4.0,15.0,0.31783850000000013,0.0,1,1000,1.0,0.01000961260961261,4.91187987987988,9.0,0.10510587649918285,0.3528157856479129,0.29939125946079825,705.6315712958258,0.011033077165341694,0.0,0.047,1001.0,0.05878552795134664,0.13977028125750182,0.29939125946079825,0.537869140103423,0.7294016231095681,8,2059129631
beta_2.0_K_16,1.0,2.0,1.0,2,16,beta_k_heatmap,1000,16,grid,beta=2.0|K=16,30,1000,2000,False,completed,0,0,4.0,14.0,0.3076555000000001,0.0,1,1000,1.0,0.008967127317127318,4.948004004004004,9.0,0.13113383304356166,0.3537569706247615,0.30323257460252895,707.5139412495231,0.01003007015031063,0.0,0.049,1001.0,0.05506216152008207,0.14628654679556602,0.30323257460252895,0.5158729492140716,0.7361597378853175,9,1864354532
beta_2.0_K_16,1.0,2.0,1.0,2,16,beta_k_heatmap,1000,16,grid,beta=2.0|K=16,30,1000,2000,False,completed,0,0,4.0,15.0,0.3115800000000002,0.0,1,1000,1.0,0.006215096015096015,4.927163163163163,9.0,0.10251972849243335,0.346097859557674,0.28749319174725996,692.1957191153481,0.011033077165341694,0.0,0.046,1001.0,0.0587663322840652,0.14517975312486653,0.28749319174725996,0.5125061104103205,0.7112251157151779,10,3168754415
beta_2.0_K_16,1.0,2.0,1.0,2,16,beta_k_heatmap,1000,16,grid,beta=2.0|K=16,30,1000,2000,False,completed,0,0,4.0,14.0,0.3134960000000002,0.0,1,1000,1.0,0.007746936396936396,4.91326926926927,8.0,0.10233101136017084,0.36322040834589964,0.31633870957706356,726.4408166917992,0.01003007015031063,0.0,0.049,1001.0,0.056971132798765596,0.14453253951874517,0.31633870957706356,0.5451862879231805,0.7393369006125587,11,2773868558
beta_2.0_K_16,1.0,2.0,1.0,2,16,beta_k_heatmap,1000,16,grid,beta=2.0|K=16,30,1000,2000,False,completed,0,0,4.0,15.0,0.31838450000000007,0.0,1,1000,1.0,0.00887908202908203,4.8850970970970975,8.0,0.10444759369899713,0.36553416577886094,0.3133839517868757,731.0683315577219,0.011033077165341694,0.0,0.051,1001.0,0.05459055708238211,0.1424571573894902,0.3133839517868757,0.5494014216440813,0.7576371989885382,12,3698348319
beta_2.0_K_16,1.0,2.0,1.0,2,16,beta_k_heatmap,1000,16,grid,beta=2.0|K=16,30,1000,2000,False,completed,0,0,4.0,14.0,0.3082360000000002,0.0,1,1000,1.0,0.008766694416694417,4.9752272272272275,9.0,0.12837714190210456,0.34939657561069326,0.29385010741644224,698.7931512213866,0.01003007015031063,0.0,0.041,1001.0,0.05072108262867921,0.1286922443914126,0.29385010741644224,0.5291127788502371,0.7277025182320997,13,1421382581
beta_2.0_K_16,1.0,2.0,1.0,2,16,beta_k_heatmap,1000,16,grid,beta=2.0|K=16,30,1000,2000,False,completed,0,0,4.0,15.0,0.31560500000000014,0.0,1,1000,1.0,0.00436012321012321,4.899597597597597,9.0,0.11867019604263665,0.3475486321223964,0.2975382914894882,695.0972642447928,0.011033077165341694,0.0,0.046,1001.0,0.059543094357835745,0.14173689043573073,0.2975382914894882,0.5257856891614917,0.706341004097998,14,253486006
beta_2.0_K_16,1.0,2.0,1.0,2,16,beta_k_heatmap,1000,16,grid,beta=2.0|K=16,30,1000,2000,False,completed,0,0,4.0,14.0,0.3149005,0.0,1,1000,1.0,0.006642340992340992,4.901191191191192,9.0,0.11358570985050875,0.3621941017908288,0.32047753727204514,724.3882035816575,0.01003007015031063,0.0,0.055,1001.0,0.0579194307728644,0.14346293579543606,0.32047753727204514,0.5388904020235252,0.7569908754870568,15,3080082334
beta_2.0_K_16,1.0,2.0,1.0,2,16,beta_k_heatmap,1000,16,grid,beta=2.0|K=16,30,1000,2000,False,completed,0,0,4.0,14.0,0.31254650000000006,0.0,1,1000,1.0,0.005779564879564879,4.9272452452452455,9.0,0.11485967819487972,0.3527831999341613,0.30056505307034986,705.5663998683226,0.01003007015031063,0.0,0.044,1001.0,0.06003546738092199,0.14532508708022732,0.30056505307034986,0.5149794261581877,0.7308219029675539,16,2144392768
beta_2.0_K_16,1.0,2.0,1.0,2,16,beta_k_heatmap,1000,16,grid,beta=2.0|K=16,30,1000,2000,False,completed,0,0,4.0,14.0,0.3169525000000002,0.0,1,1000,1.0,0.005216888666888667,4.895461461461461,8.0,0.09440574625611553,0.35665583031648557,0.30905609758276525,713.3116606329711,0.01003007015031063,0.0,0.047,1001.0,0.05130943868998252,0.12883892751272927,0.30905609758276525,0.5369704338582413,0.732091721242904,17,2146948740
beta_2.0_K_16,1.0,2.0,1.0,2,16,beta_k_heatmap,1000,16,grid,beta=2.0|K=16,30,1000,2000,False,completed,0,0,4.0,14.0,0.3146395000000002,0.0,1,1000,1.0,0.0067553613053613045,4.9255515515515516,9.0,0.09753914272856701,0.3518256962008505,0.29762095933981114,703.6513924017011,0.01003007015031063,0.0,0.045,1001.0,0.05698401842225733,0.14005102387156204,0.29762095933981114,0.5276694564160537,0.7363053234653737,18,2521111775
beta_2.0_K_16,1.0,2.0,1.0,2,16,beta_k_heatmap,1000,16,grid,beta=2.0|K=16,30,1000,2000,False,completed,0,0,4.0,15.0,0.3127690000000001,0.0,1,1000,1.0,0.006578488178488178,4.922414414414415,8.0,0.1050558097910738,0.3409004335543984,0.28713895368011383,681.8008671087969,0.011033077165341694,0.0,0.049,1001.0,0.052627434386442906,0.13332345613789243,0.28713895368011383,0.5052908859369781,0.7121354338365469,19,1412010416
beta_2.0_K_16,1.0,2.0,1.0,2,16,beta_k_heatmap,1000,16,grid,beta=2.0|K=16,30,1000,2000,False,completed,0,0,4.0,14.0,0.3105220000000002,0.0,1,1000,1.0,0.009980153180153179,4.93026026026026,9.0,0.1262362517532399,0.3538400196292906,0.3126276976251,707.6800392585812,0.01003007015031063,0.0,0.041,1001.0,0.055954659698563086,0.1391735667355291,0.3126276976251,0.5272595395673481,0.7215570625809794,20,1241028730
beta_2.0_K_16,1.0,2.0,1.0,2,16,beta_k_heatmap,1000,16,grid,beta=2.0|K=16,30,1000,2000,False,completed,0,0,4.0,14.0,0.3140655000000001,0.0,1,1000,1.0,0.005868426018426018,4.908454454454454,9.0,0.11837938905957661,0.3561817753862415,0.30590035661533876,712.363550772483,0.01003007015031063,0.0,0.049,1001.0,0.05381863862763302,0.14952048676459426,0.30590035661533876,0.5224447500118806,0.735784559628834,21,1898348202
beta_2.0_K_16,1.0,2.0,1.0,2,16,beta_k_heatmap,1000,16,grid,beta=2.0|K=16,30,1000,2000,False,completed,0,0,4.0,14.0,0.31130100000000005,0.0,1,1000,1.0,0.0051419358419358425,4.9400760760760765,9.0,0.0911087205951662,0.3549678898224301,0.30667789718204613,709.9357796448602,0.01003007015031063,0.0,0.048,1001.0,0.04991360465805308,0.13250048550986104,0.30667789718204613,0.5431117417096744,0.7291578725047246,22,664517381
beta_2.0_K_16,1.0,2.0,1.0,2,16,beta_k_heatmap,1000,16,grid,beta=2.0|K=16,30,1000,2000,False,completed,0,0,4.0,15.0,0.3147080000000002,0.0,1,1000,1.0,0.008656227106227106,4.906422422422422,8.0,0.11421498036412057,0.35133795555849967,0.31016767212270124,702.6759111169994,0.011033077165341694,0.0,0.05,1001.0,0.05700729145543571,0.13850474682192765,0.31016767212270124,0.5116998311955759,0.7243300165702421,23,3404443231
beta_2.0_K_16,1.0,2.0,1.0,2,16,beta_k_heatmap,1000,16,grid,beta=2.0|K=16,30,1000,2000,False,completed,0,0,4.0,14.0,0.31494050000000007,0.0,1,1000,1.0,0.007261116661116661,4.909611611611612,8.0,0.1144973904254712,0.3475170293109797,0.29232133292692086,695.0340586219594,0.01003007015031063,0.0,0.05,1001.0,0.05653031622432802,0.13622459169456852,0.29232133292692086,0.5208136406785886,0.7186856878054008,24,660479043
beta_2.0_K_16,1.0,2.0,1.0,2,16,beta_k_heatmap,1000,16,grid,beta=2.0|K=16,30,1000,2000,False,completed,0,0,4.0,16.0,0.31150200000000017,0.001,1,1000,1.0,0.008157209457209458,4.92578978978979,9.0,0.13846705829879097,0.3480893256750412,0.3025246561686022,696.1786513500824,0.012036084180372757,0.0,0.047,1001.0,0.05664261234549209,0.14372977147723184,0.3025246561686022,0.5138850216770517,0.7111513750197294,25,1548211525
beta_2.0_K_16,1.0,2.0,1.0,2,16,beta_k_heatmap,1000,16,grid,beta=2.0|K=16,30,1000,2000,False,completed,0,0,4.0,14.0,0.31750500000000015,0.0,1,1000,1.0,0.008357442557442557,4.900884884884885,8.0,0.11975750347843275,0.34880404834616674,0.2989003563841174,697.6080966923334,0.01003007015031063,0.0,0.05,1001.0,0.05463700559149758,0.13777571060667843,0.2989003563841174,0.5193784083653706,0.7291130346439598,26,4167507866
beta_2.0_K_16,1.0,2.0,1.0,2,16,beta_k_heatmap,1000,16,grid,beta=2.0|K=16,30,1000,2000,False,completed,0,0,4.0,14.0,0.3165795,0.0,1,1000,1.0,0.004646742146742147,4.892066066066066,8.0,0.11287387227163521,0.3507387277146041,0.3008719624911594,701.4774554292082,0.01003007015031063,0.0,0.053,1001.0,0.05067012560597666,0.13884386872320845,0.3008719624911594,0.5248163799378801,0.7258777603251433,27,2299289318
beta_2.0_K_16,1.0,2.0,1.0,2,16,beta_k_heatmap,1000,16,grid,beta=2.0|K=16,30,1000,2000,False,completed,0,0,4.0,14.0,0.3125770000000001,0.0,1,1000,1.0,0.011097752247752246,4.945619619619619,8.0,0.10543967019363995,0.3490929176189687,0.30533647862361224,698.1858352379375,0.01003007015031063,0.0,0.043,1001.0,0.05689925310026507,0.14163734004182238,0.30533647862361224,0.5168554555292135,0.7084385621318214,28,3678406555
beta_2.0_K_16,1.0,2.0,1.0,2,16,beta_k_heatmap,1000,16,grid,beta=2.0|K=16,30,1000,2000,False,completed,0,0,4.0,15.0,0.31482600000000005,0.0,1,1000,1.0,0.006703923853923854,4.907417417417418,8.0,0.11464038319024797,0.35100106269820197,0.2874768274074113,702.0021253964039,0.011033077165341694,0.0,0.05,1001.0,0.05387337587288922,0.129491019909734,0.2874768274074113,0.5282752828704725,0.754251532241286,29,1079751646
beta_2.0_K_32,1.0,2.0,1.0,2,32,beta_k_heatmap,1000,32,grid,beta=2.0|K=32,30,1000,2000,False,completed,0,0,4.0,24.0,0.3453670000000002,0.0,1,1000,1.0,0.015979645950809633,4.656456456456456,8.0,0.0787226815684044,0.36146254617149076,0.31862782688965163,722.9250923429815,0.02006014030062126,0.0,0.065,1001.0,0.057878998852718,0.14697881624783837,0.31862782688965163,0.5369060796463181,0.7242715416093687,0,3389244392
beta_2.0_K_32,1.0,2.0,1.0,2,32,beta_k_heatmap,1000,32,grid,beta=2.0|K=32,30,1000,2000,False,completed,0,0,4.0,25.0,0.34942550000000017,0.0,1,1000,1.0,0.013515080001212052,4.610434434434435,8.0,0.04991535398051756,0.3509288853251704,0.2960589347078003,701.8577706503409,0.021063147315652325,0.0,0.063,1001.0,0.0597395556532014,0.13913536082140038,0.2960589347078003,0.5248869108389029,0.7390462291906176,1,1241744572
beta_2.0_K_32,1.0,2.0,1.0,2,32,beta_k_heatmap,1000,32,grid,beta=2.0|K=32,30,1000,2000,False,completed,0,0,4.0,24.0,0.3451115,0.0,1,1000,1.0,0.010757170105884603,4.635995995995996,8.0,0.07454790599085837,0.3492870565269994,0.3034564407732938,698.5741130539988,0.02006014030062126,0.0,0.062,1001.0,0.049880058519690955,0.13403348744277982,0.3034564407732938,0.5234674333942817,0.7213396784501892,2,349573525
beta_2.0_K_32,1.0,2.0,1.0,2,32,beta_k_heatmap,1000,32,grid,beta=2.0|K=32,30,1000,2000,False,completed,0,0,4.0,23.0,0.3450780000000002,0.0,1,1000,1.0,0.011092214094142348,4.631333333333333,8.0,0.05470604978720062,0.35173174940380336,0.29416920535849733,703.4634988076067,0.019057133285590198,0.0,0.064,1001.0,0.052017273612579865,0.13606956744011256,0.29416920535849733,0.5331557533601802,0.7262822606053823,3,4284972867
beta_2.0_K_32,1.0,2.0,1.0,2,32,beta_k_heatmap,1000,32,grid,beta=2.0|K=32,30,1000,2000,False,completed,0,0,4.0,23.0,0.3467395000000002,0.0,1,1000,1.0,0.011280397174578759,4.6432932932932935,8.0,0.053521648421775,0.35552805313200175,0.30331273654170754,711.0561062640035,0.019057133285590198,0.0,0.064,1001.0,0.05424462538883689,0.14033837564899962,0.30331273654170754,0.5331709227831299,0.7338871043735551,4,1357060328
beta_2.0_K_32,1.0,2.0,1.0,2,32,beta_k_heatmap,1000,32,grid,beta=2.0|K=32,30,1000,2000,False,completed,0,0,4.0,24.0,0.3472630000000001,0.0,1,1000,1.0,0.00986976912088973,4.637793793793794,8.0,0.05660278662111388,0.3615918777079456,0.3162151866838017,723.1837554158911,0.02006014030062126,0.0,0.069,1001.0,0.062427339835313955,0.15265925136272185,0.3162151866838017,0.5241218070583211,0.7413254675481866,5,410555066
beta_2.0_K_32,1.0,2.0,1.0,2,32,beta_k_heatmap,1000,32,grid,beta=2.0|K=32,30,1000,2000,False,completed,0,0,4.0,23.0,0.3430740000000001,0.0,1,1000,1.0,0.008576754780419473,4.654632632632633,8.0,0.06095107032349282,0.3523876350121478,0.3078599991944031,704.7752700242957,0.019057133285590198,0.0,0.062,1001.0,0.05516211498672118,0.1323605997507173,0.3078599991944031,0.5232751409110736,0.7291292818178348,6,3687089836
beta_2.0_K_32,1.0,2.0,1.0,2,32,beta_k_heatmap,1000,32,grid,beta=2.0|K=32,30,1000,2000,False,completed,0,0,4.0,23.0,0.3423010000000002,0.0,1,1000,1.0,0.007403830417873358,4.670744744744745,8.0,0.060227557714624395,0.35067842708841623,0.30060647384717376,701.3568541768325,0.019057133285590198,0.0,0.064,1001.0,0.06107719424317517,0.13640318492482842,0.30060647384717376,0.5198364946542643,0.7231083553184365,7,1213402280
beta_2.0_K_32,1.0,2.0,1.0,2,32,beta_k_heatmap,1000,32,grid,beta=2.0|K=32,30,1000,2000,False,completed,0,0,4.0,22.0,0.3473590000000002,0.0,1,1000,1.0,0.007830123471299941,4.649985985985986,8.0,0.045670485847738446,0.3574748158286001,0.3057585314579274,714.9496316572001,0.018054126270559138,0.0,0.062,1001.0,0.05133447374095348,0.13958613249005514,0.3057585314579274,0.5448693829785572,0.740052219982287,8,3480408640
beta_2.0_K_32,1.0,2.0,1.0,2,32,beta_k_heatmap,1000,32,grid,beta=2.0|K=32,30,1000,2000,False,completed,0,0,4.0,22.0,0.3475225000000002,0.0,1,1000,1.0,0.014568485951612887,4.644176176176177,8.0,0.03098028461937987,0.3492268323482672,0.29437981932475116,698.4536646965344,0.018054126270559138,0.0,0.064,1001.0,0.052346290970645894,0.12822055702697957,0.29437981932475116,0.5212110570163755,0.7424347057874161,9,3469519601
beta_2.0_K_32,1.0,2.0,1.0,2,32,beta_k_heatmap,1000,32,grid,beta=2.0|K=32,30,1000,2000,False,completed,0,0,4.0,22.0,0.3394125000000001,0.0,1,1000,1.0,0.012324384095436727,4.710574574574575,8.0,0.07589100448119765,0.3506954771587806,0.2928408586149741,701.3909543175612,0.018054126270559138,0.0,0.066,1001.0,0.06114109961071214,0.12988257256038677,0.2928408586149741,0.5198211618114146,0.7410095109611493,10,3955593948
beta_2.0_K_32,1.0,2.0,1.0,2,32,beta_k_heatmap,1000,32,grid,beta=2.0|K=32,30,1000,2000,False,completed,0,0,4.0,22.0,0.3494035000000002,0.0,1,1000,1.0,0.012025618078172257,4.634522522522523,8.0,0.05085697191645553,0.3447932953987862,0.298340023493918,689.5865907975724,0.018054126270559138,0.0,0.065,1001.0,0.05520177657193527,0.13296419609077342,0.298340023493918,0.5108970564500254,0.7172426912477642,11,339990855
beta_2.0_K_32,1.0,2.0,1.0,2,32,beta_k_heatmap,1000,32,grid,beta=2.0|K=32,30,1000,2000,False,completed,0,0,4.0,23.0,0.341774,0.0,1,1000,1.0,0.006067557896404309,4.677755755755756,8.0,0.06207979642774322,0.3586875379165424,0.3206732794102811,717.3750758330848,0.019057133285590198,0.0,0.063,1001.0,0.05594222292862883,0.14155651866131141,0.3206732794102811,0.5333324685841516,0.7313199336330104,12,2641231306
beta_2.0_K_32,1.0,2.0,1.0,2,32,beta_k_heatmap,1000,32,grid,beta=2.0|K=32,30,1000,2000,False,completed,0,0,4.0,23.0,0.3508660000000001,0.0,1,1000,1.0,0.012770908195840893,4.657093093093093,8.0,0.034865588468279814,0.35795127778942853,0.3093424648869928,715.9025555788571,0.019057133285590198,0.0,0.067,1001.0,0.05504906455535645,0.14679052749049598,0.3093424648869928,0.5410196081254535,0.7244675642897181,13,2006411200
beta_2.0_K_32,1.0,2.0,1.0,2,32,beta_k_heatmap,1000,32,grid,beta=2.0|K=32,30,1000,2000,False,completed,0,0,4.0,25.0,0.3464825,0.0,1,1000,1.0,0.01116767094282305,4.629727727727728,8.0,0.08595132797514864,0.3522353411804792,0.30860907760659767,704.4706823609584,0.021063147315652325,0.0,0.064,1001.0,0.051407440584297706,0.14369767986895104,0.30860907760659767,0.5127940530225801,0.7267673239258804,14,190427902
beta_2.0_K_32,1.0,2.0,1.0,2,32,beta_k_heatmap,1000,32,grid,beta=2.0|K=32,30,1000,2000,False,completed,0,0,4.0,24.0,0.3451860000000002,0.0,1,1000,1.0,0.013903400169923256,4.679061061061061,8.0,0.05057544605649231,0.35349546723763964,0.30681158077132586,706.9909344752792,0.02006014030062126,0.0,0.071,1001.0,0.05345236543908136,0.1333287771300703,0.30681158077132586,0.5278049941097581,0.7348012000693976,15,2818159353
beta_2.0_K_32,1.0,2.0,1.0,2,32,beta_k_heatmap,1000,32,grid,beta=2.0|K=32,30,1000,2000,False,completed,0,0,4.0,20.0,0.3430390000000001,0.0,1,1000,1.0,0.009240846374128107,4.697123123123123,8.0,0.031146121972331565,0.36603036814845585,0.3199306494169295,732.0607362969117,0.01604811224049701,0.0,0.065,1001.0,0.052899029442843894,0.1436077210362941,0.3199306494169295,0.5476713978406914,0.7575879625132111,16,3193063256
beta_2.0_K_32,1.0,2.0,1.0,2,32,beta_k_heatmap,1000,32,grid,beta=2.0|K=32,30,1000,2000,False,completed,0,0,4.0,24.0,0.34343650000000014,0.0,1,1000,1.0,0.007927949482428552,4.664252252252252,8.0,0.06618034153706777,0.3600760442885255,0.31462195310480406,720.152088577051,0.02006014030062126,0.0,0.069,1001.0,0.060230730612439665,0.14450516895403145,0.31462195310480406,0.536479218398279,0.7365906364339543,17,1230289527
beta_2.0_K_32,1.0,2.0,1.0,2,32,beta_k_heatmap,1000,32,grid,beta=2.0|K=32,30,1000,2000,False,completed,0,0,4.0,23.0,0.34748750000000017,0.0,1,1000,1.0,0.011723881514755119,4.66628028028028,8.0,0.052115894163038,0.3393848233520937,0.28835553690722815,678.7696467041874,0.019057133285590198,0.0,0.067,1001.0,0.05170208716132278,0.1353379255867016,0.28835553690722815,0.5093318816003366,0.7084536166679369,18,2518410176
beta_2.0_K_32,1.0,2.0,1.0,2,32,beta_k_heatmap,1000,32,grid,beta=2.0|K=32,30,1000,2000,False,completed,0,0,4.0,23.0,0.34640650000000006,0.0,1,1000,1.0,0.0074899571992148375,4.631425425425426,8.0,0.08487684095491661,0.35213541222936895,0.303244515896703,704.2708244587379,0.019057133285590198,0.0,0.063,1001.0,0.05628375663418087,0.14119072378739284,0.303244515896703,0.5176840680451525,0.7273700491214266,19,2304613346
beta_2.0_K_32,1.0,2.0,1.0,2,32,beta_k_heatmap,1000,32,grid,beta=2.0|K=32,30,1000,2000,False,completed,0,0,4.0,23.0,0.3436595,0.0,1,1000,1.0,0.008089347729938657,4.662490490490491,8.0,0.05902440636127891,0.3600843552379912,0.31417712710343004,720.1687104759824,0.019057133285590198,0.0,0.062,1001.0,0.05902990869990963,0.15081498849236447,0.31417712710343004,0.52178080810646,0.7410188530527622,20,664834578
beta_2.0_K_32,1.0,2.0,1.0,2,32,beta_k_heatmap,1000,32,grid,beta=2.0|K=32,30,1000,2000,False,completed,0,0,4.0,22.0,0.34375050000000007,0.0,1,1000,1.0,0.006380294241362353,4.640354354354354,8.0,0.059262473892406776,0.3568338412531799,0.3092041744361541,713.6676825063598,0.018054126270559138,0.0,0.058,1001.0,0.05760225515331707,0.1389289854949357,0.3092041744361541,0.5321042578507065,0.7350136540037012,21,4140289899
beta_2.0_K_32,1.0,2.0,1.0,2,32,beta_k_heatmap,1000,32,grid,beta=2.0|K=32,30,1000,2000,False,completed,0,0,4.0,23.0,0.3471970000000002,0.0,1,1000,1.0,0.016971445046256594,4.663279279279279,8.0,0.039739258339635444,0.33987817483358773,0.2939639109535225,679.7563496671754,0.019057133285590198,0.0,0.062,1001.0,0.05290737753776121,0.13320569690403508,0.2939639109535225,0.5028185331235762,0.7077698643719401,22,1296035781
beta_2.0_K_32,1.0,2.0,1.0,2,32,beta_k_heatmap,1000,32,grid,beta=2.0|K=32,30,1000,2000,False,completed,0,0,4.0,25.0,0.3464035000000001,0.0,1,1000,1.0,0.01470803548188997,4.634424424424425,8.0,0.06892255254178165,0.33893400361360304,0.29338364231452085,677.8680072272061,0.021063147315652325,0.0,0.063,1001.0,0.05542868411936482,0.12999764870075206,0.29338364231452085,0.5025656806706762,0.6974314032974934,23,1537424180
beta_2.0_K_32,1.0,2.0,1.0,2,32,beta_k_heatmap,1000,32,grid,beta=2.0|K=32,30,1000,2000,False,completed,0,0,4.0,21.0,0.3413995000000001,0.0,1,1000,1.0,0.011437297858660088,4.680674674674675,8.0,0.05509475550513576,0.3418449161085608,0.29217695444205993,683.6898322171216,0.017051119255528074,0.0,0.063,1001.0,0.054561468400385685,0.13134568541724947,0.29217695444205993,0.5069277302505686,0.7214621155613506,24,564451770
beta_2.0_K_32,1.0,2.0,1.0,2,32,beta_k_heatmap,1000,32,grid,beta=2.0|K=32,30,1000,2000,False,completed,0,0,4.0,25.0,0.3471765000000002,0.0,1,1000,1.0,0.0064331493409747545,4.622676676676677,8.0,0.07593270421012677,0.33261655351493785,0.2831302193369129,665.2331070298757,0.021063147315652325,0.0,0.061,1001.0,0.05139455326298058,0.12931449637723774,0.2831302193369129,0.4854127067166799,0.6931410378109908,25,3222519362
beta_2.0_K_32,1.0,2.0,1.0,2,32,beta_k_heatmap,1000,32,grid,beta=2.0|K=32,30,1000,2000,False,completed,0,0,4.0,23.0,0.3452445000000002,0.0,1,1000,1.0,0.010559572031967375,4.671421421421422,8.0,0.05832085876548162,0.3588296524471531,0.3088317928962802,717.6593048943062,0.019057133285590198,0.0,0.065,1001.0,0.060790005665945133,0.14553137444133762,0.3088317928962802,0.5311992235004392,0.7409857275399065,26,872521736
beta_2.0_K_32,1.0,2.0,1.0,2,32,beta_k_heatmap,1000,32,grid,beta=2.0|K=32,30,1000,2000,False,completed,0,0,4.0,23.0,0.3453280000000001,0.0,1,1000,1.0,0.0099624551892522,4.692496496496497,8.0,0.03217832281624716,0.3498105215046809,0.2942378469979476,699.6210430093618,0.019057133285590198,0.0,0.07,1001.0,0.05140402304899157,0.1346375464973952,0.2942378469979476,0.5237453974022354,0.7392204130136121,27,3824585194
beta_2.0_K_32,1.0,2.0,1.0,2,32,beta_k_heatmap,1000,32,grid,beta=2.0|K=32,30,1000,2000,False,completed,0,0,4.0,26.0,0.3472390000000001,0.0,1,1000,1.0,0.007455851661238658,4.629807807807808,8.0,0.05279467193209827,0.34807227192684065,0.30488962872294434,696.1445438536813,0.022066154330683388,0.0,0.062,1001.0,0.05586792711124631,0.13943218918402595,0.30488962872294434,0.513434774002881,0.7045360232708777,28,997051015
beta_2.0_K_32,1.0,2.0,1.0,2,32,beta_k_heatmap,1000,32,grid,beta=2.0|K=32,30,1000,2000,False,completed,0,0,4.0,22.0,0.34123250000000005,0.0,1,1000,1.0,0.007288276051433945,4.696184184184184,8.0,0.0697722626918609,0.36132767916355885,0.3118082187704825,722.6553583271177,0.018054126270559138,0.0,0.063,1001.0,0.0489351222950697,0.13947012471418882,0.3118082187704825,0.5370638961453146,0.7422483735945931,29,3323257646
beta_2.0_K_very_large,1.0,2.0,1.0,2,very_large,beta_k_heatmap,1000,very_large,grid,beta=2.0|K=very_large,30,1000,2000,False,completed,0,0,4.0,92.0,0.3912765,0.0,1,1000,1.0,0.038605746466978695,4.045219219219219,7.0,-0.07155939643368621,0.3467352314028321,0.29616311441764986,693.4704628056642,0.08826461732273355,0.0,0.061,1001.0,0.05684829844742417,0.1293673750708339,0.29616311441764986,0.5213304114282086,0.7335189648298496,0,3436947723
beta_2.0_K_very_large,1.0,2.0,1.0,2,very_large,beta_k_heatmap,1000,very_large,grid,beta=2.0|K=very_large,30,1000,2000,False,completed,0,0,4.0,69.0,0.3883190000000001,0.0,1,1000,1.0,0.02043353039030114,4.0748408408408405,8.0,-0.09204015195517581,0.35418631812024537,0.2992023752409723,708.3726362404907,0.0651954559770191,0.0,0.051,1001.0,0.0641439308907045,0.13841087819359316,0.2992023752409723,0.5321375118234595,0.7361677264729519,1,2572042014
beta_2.0_K_very_large,1.0,2.0,1.0,2,very_large,beta_k_heatmap,1000,very_large,grid,beta=2.0|K=very_large,30,1000,2000,False,completed,0,0,4.0,100.0,0.38681200000000016,0.0,1,1000,1.0,0.0372780533798109,3.999087087087087,7.0,-0.07139435786110654,0.34232535383706963,0.29539869511215644,684.6507076741393,0.09628867344298206,0.0,0.059,1001.0,0.05578474620494665,0.13800414700612249,0.29539869511215644,0.510486117171642,0.7010398195035551,2,1078174210
beta_2.0_K_very_large,1.0,2.0,1.0,2,very_large,beta_k_heatmap,1000,very_large,grid,beta=2.0|K=very_large,30,1000,2000,False,completed,0,0,4.0,108.0,0.38181450000000017,0.0,1,1000,1.0,0.04044609361004411,4.091131131131131,8.0,-0.051407212485308676,0.35817310783263784,0.3042941378433411,716.3462156652756,0.10431272956323057,0.0,0.056,1001.0,0.05955400233058446,0.13837441040606313,0.3042941378433411,0.5426963341410699,0.7333996601493349,3,300310136
beta_2.0_K_very_large,1.0,2.0,1.0,2,very_large,beta_k_heatmap,1000,very_large,grid,beta=2.0|K=very_large,30,1000,2000,False,completed,0,0,4.0,76.0,0.3869680000000002,0.0,1,1000,1.0,0.03030717543470938,4.034354354354354,7.0,-0.07305063012448439,0.35316487991229756,0.3022649222905373,706.3297598245952,0.07221650508223655,0.0,0.053,1001.0,0.05928962743048575,0.1423353561084314,0.3022649222905373,0.5245318340313266,0.7258583483973037,4,641555411
beta_2.0_K_very_large,1.0,2.0,1.0,2,very_large,beta_k_heatmap,1000,very_large,grid,beta=2.0|K=very_large,30,1000,2000,False,completed,0,0,4.0,81.0,0.38873350000000007,0.0,1,1000,1.0,0.023876110351769942,4.0542862862862865,7.0,-0.08287575826227453,0.34828268349731356,0.3090841144394755,696.5653669946271,0.07723154015739186,0.0,0.054,1001.0,0.05809601545527153,0.14279808251329557,0.3090841144394755,0.5003654776991652,0.7091946136315729,5,2321260143
beta_2.0_K_very_large,1.0,2.0,1.0,2,very_large,beta_k_heatmap,1000,very_large,grid,beta=2.0|K=very_large,30,1000,2000,False,completed,0,0,4.0,95.0,0.38254900000000003,0.0,1,1000,1.0,0.03328294318838888,4.120734734734735,8.0,-0.05165618067318471,0.34785307747573746,0.2961384573369069,695.7061549514749,0.09127363836782675,0.0,0.059,1001.0,0.0658954630941136,0.15141416216654707,0.2961384573369069,0.508277141142971,0.7135997963282701,6,3738228631
beta_2.0_K_very_large,1.0,2.0,1.0,2,very_large,beta_k_heatmap,1000,very_large,grid,beta=2.0|K=very_large,30,1000,2000,False,completed,0,0,4.0,76.0,0.38916300000000015,0.0,1,1000,1.0,0.029526499230836636,4.080718718718718,7.0,-0.07482018363866705,0.3451154070538272,0.299448334255741,690.2308141076544,0.07221650508223655,0.0,0.062,1001.0,0.05506086586423986,0.14974299857206466,0.299448334255741,0.5015417654445268,0.7091306410872371,7,2761241288
beta_2.0_K_very_large,1.0,2.0,1.0,2,very_large,beta_k_heatmap,1000,very_large,grid,beta=2.0|K=very_large,30,1000,2000,False,completed,0,0,4.0,77.0,0.3862650000000001,0.0,1,1000,1.0,0.030031551532528587,4.104592592592593,7.0,-0.07344634054638309,0.3486544353585291,0.28902517121639176,697.3088707170582,0.07321951209726761,0.0,0.058,1001.0,0.0532873235638644,0.13420501103497912,0.28902517121639176,0.5358622518229308,0.7243407812892972,8,2717049272
beta_2.0_K_very_large,1.0,2.0,1.0,2,very_large,beta_k_heatmap,1000,very_large,grid,beta=2.0|K=very_large,30,1000,2000,False,completed,0,0,4.0,57.0,0.3862145000000001,0.0,1,1000,1.0,0.024284502903996353,4.141665665665665,8.0,-0.07216814980573187,0.34545378204431854,0.29541478909481445,690.9075640886371,0.05315937179664634,0.0,0.058,1001.0,0.05793831858808299,0.1348056457536697,0.29541478909481445,0.5185332047929335,0.7258188447275813,9,853873243
beta_2.0_K_very_large,1.0,2.0,1.0,2,very_large,beta_k_heatmap,1000,very_large,grid,beta=2.0|K=very_large,30,1000,2000,False,completed,0,0,4.0,66.0,0.38250150000000005,0.0,1,1000,1.0,0.03341681686066735,4.2141521521521526,8.0,-0.0730952039635776,0.3595822906063837,0.31057535337406195,719.1645812127674,0.06218643493192592,0.0,0.058,1001.0,0.05833235828758783,0.13745301208225577,0.31057535337406195,0.5369935876406474,0.7478151009377344,10,209028411
beta_2.0_K_very_large,1.0,2.0,1.0,2,very_large,beta_k_heatmap,1000,very_large,grid,beta=2.0|K=very_large,30,1000,2000,False,completed,0,0,4.0,102.0,0.38798900000000014,0.0,1,1000,1.0,0.038583801658767236,4.063931931931932,8.0,-0.06510006255533579,0.3391742344956943,0.29313620246399713,678.3484689913886,0.09829468747304419,0.0,0.061,1001.0,0.05395290203016886,0.1357116378269138,0.29313620246399713,0.5110051871646629,0.6961611451056368,11,1940821380
beta_2.0_K_very_large,1.0,2.0,1.0,2,very_large,beta_k_heatmap,1000,very_large,grid,beta=2.0|K=very_large,30,1000,2000,False,completed,0,0,4.0,67.0,0.38475950000000014,0.0,1,1000,1.0,0.030072253575803686,4.169177177177177,8.0,-0.07806228823590579,0.345487898843787,0.29987202547085595,690.975797687574,0.06318944194695697,0.0,0.059,1001.0,0.061691117502291344,0.13987203227281308,0.29987202547085595,0.5010084862936008,0.718206214832113,12,3583438062
beta_2.0_K_very_large,1.0,2.0,1.0,2,very_large,beta_k_heatmap,1000,very_large,grid,beta=2.0|K=very_large,30,1000,2000,False,completed,0,0,4.0,108.0,0.3874580000000001,0.0,1,1000,1.0,0.03348040755661727,4.029151151151151,7.0,-0.08333988023353042,0.35512145748476664,0.3181029157978268,710.2429149695333,0.10431272956323057,0.0,0.053,1001.0,0.055683258121550734,0.14670636069085757,0.3181029157978268,0.5187960430864824,0.7269557023408321,13,664872428
beta_2.0_K_very_large,1.0,2.0,1.0,2,very_large,beta_k_heatmap,1000,very_large,grid,beta=2.0|K=very_large,30,1000,2000,False,completed,0,0,4.0,103.0,0.3926035000000001,0.0,1,1000,1.0,0.04203697888669784,4.015377377377377,7.0,-0.08655927187177491,0.3572818585184997,0.3115461561590629,714.5637170369994,0.09929769448807525,0.0,0.053,1001.0,0.058806211912628026,0.15380905046254573,0.3115461561590629,0.5280360716239778,0.7234804195392313,14,3544693321
beta_2.0_K_very_large,1.0,2.0,1.0,2,very_large,beta_k_heatmap,1000,very_large,grid,beta=2.0|K=very_large,30,1000,2000,False,completed,0,0,4.0,53.0,0.3897140000000001,0.0,1,1000,1.0,0.03099433252203538,4.168886886886887,8.0,-0.05759671474549101,0.34700192823675413,0.29443699835250803,694.0038564735082,0.049147343736522096,0.0,0.06,1001.0,0.05170131745179558,0.13414444714894397,0.29443699835250803,0.513341345452942,0.7219527573529199,15,3449729844
beta_2.0_K_very_large,1.0,2.0,1.0,2,very_large,beta_k_heatmap,1000,very_large,grid,beta=2.0|K=very_large,30,1000,2000,False,completed,0,0,4.0,77.0,0.38437600000000005,0.0,1,1000,1.0,0.02949348737061437,4.057157157157157,7.0,-0.06143684297371053,0.3443037731530759,0.29591138676996603,688.6075463061518,0.07321951209726761,0.0,0.056,1001.0,0.05018694015953685,0.1377800342153098,0.29591138676996603,0.5136713967717719,0.7061233793516585,16,2888537171
beta_2.0_K_very_large,1.0,2.0,1.0,2,very_large,beta_k_heatmap,1000,very_large,grid,beta=2.0|K=very_large,30,1000,2000,False,completed,0,0,4.0,81.0,0.3896860000000002,0.0,1,1000,1.0,0.034844443782901593,4.026490490490491,7.0,-0.06968390720422468,0.34601130872816066,0.30438495663428805,692.0226174563213,0.07723154015739186,0.0,0.052,1001.0,0.05624577225037084,0.13958555103821788,0.30438495663428805,0.5158646592542062,0.7068378031875814,17,1418730073
beta_2.0_K_very_large,1.0,2.0,1.0,2,very_large,beta_k_heatmap,1000,very_large,grid,beta=2.0|K=very_large,30,1000,2000,False,completed,0,0,4.0,95.0,0.38925500000000013,0.0,1,1000,1.0,0.03591148249346547,4.112368368368369,8.0,-0.07598147125069057,0.3493536132116832,0.30268912509630386,698.7072264233664,0.09127363836782675,0.0,0.06,1001.0,0.057133167541002707,0.1393841315074514,0.30268912509630386,0.5156584268796679,0.7230379617968687,18,1269081535
beta_2.0_K_very_large,1.0,2.0,1.0,2,very_large,beta_k_heatmap,1000,very_large,grid,beta=2.0|K=very_large,30,1000,2000,False,completed,0,0,4.0,109.0,0.3874660000000001,0.0,1,1000,1.0,0.032338963254118204,3.996066066066066,7.0,-0.0745949348087213,0.35223013624536387,0.3104758854047205,704.4602724907278,0.10531573657826163,0.0,0.053,1001.0,0.054492395649382304,0.14141508857825352,0.3104758854047205,0.5228075402604049,0.7140387532208804,19,2302355311
beta_2.0_K_very_large,1.0,2.0,1.0,2,very_large,beta_k_heatmap,1000,very_large,grid,beta=2.0|K=very_large,30,1000,2000,False,completed,0,0,4.0,75.0,0.3829865000000001,0.0,1,1000,1.0,0.0292278607445229,4.143935935935936,8.0,-0.06188910515886521,0.3445729939215521,0.2947779396830959,689.1459878431042,0.07121349806720548,0.0,0.055,1001.0,0.056887210424131585,0.13656080478978389,0.2947779396830959,0.5103518841815433,0.7061950448045975,20,295214382
beta_2.0_K_very_large,1.0,2.0,1.0,2,very_large,beta_k_heatmap,1000,very_large,grid,beta=2.0|K=very_large,30,1000,2000,False,completed,0,0,4.0,64.0,0.3871660000000001,0.0,1,1000,1.0,0.030858989701253805,4.1222302302302305,8.0,-0.07781667901451866,0.3397138669226207,0.27953657406015,679.4277338452414,0.06018042090186379,0.0,0.054,1001.0,0.057466001330262424,0.13070960372317536,0.27953657406015,0.5102907698776277,0.7056219512653386,21,355758994
beta_2.0_K_very_large,1.0,2.0,1.0,2,very_large,beta_k_heatmap,1000,very_large,grid,beta=2.0|K=very_large,30,1000,2000,False,completed,0,0,4.0,84.0,0.38624250000000004,0.0,1,1000,1.0,0.033521066348854586,4.001755755755756,7.0,-0.08778106865036116,0.35891318501680636,0.31268150329509725,717.8263700336128,0.08024056120248504,0.0,0.055,1001.0,0.05326385245202014,0.14133849166629953,0.31268150329509725,0.543993176514615,0.7442715833365161,22,1954131203
beta_2.0_K_very_large,1.0,2.0,1.0,2,very_large,beta_k_heatmap,1000,very_large,grid,beta=2.0|K=very_large,30,1000,2000,False,completed,0,0,4.0,74.0,0.38625050000000005,0.0,1,1000,1.0,0.029435300553997568,4.0505465465465464,8.0,-0.0712438018889926,0.36339832866344457,0.32017946236027783,726.7966573268891,0.07021049105217442,0.0,0.053,1001.0,0.062368688663303834,0.14858323409066582,0.32017946236027783,0.5372784702873965,0.7405716469730742,23,1982617244
beta_2.0_K_very_large,1.0,2.0,1.0,2,very_large,beta_k_heatmap,1000,very_large,grid,beta=2.0|K=very_large,30,1000,2000,False,completed,0,0,4.0,60.0,0.3860705000000002,0.0,1,1000,1.0,0.03110459641370581,4.113209209209209,8.0,-0.0850011946671228,0.34508476435095814,0.2957676265740131,690.1695287019163,0.05616839284173954,0.0,0.053,1001.0,0.057320635778677395,0.14237628106065386,0.2957676265740131,0.5153619938472892,0.694128951040388,24,753334857
beta_2.0_K_very_large,1.0,2.0,1.0,2,very_large,beta_k_heatmap,1000,very_large,grid,beta=2.0|K=very_large,30,1000,2000,False,completed,0,0,4.0,116.0,0.3947385000000001,0.0,1,1000,1.0,0.03822259535623967,3.964930930930931,7.0,-0.07699971049052991,0.36460769646637986,0.3265568304514217,729.2153929327598,0.11233678568347907,0.0,0.056,1001.0,0.07404221060188684,0.16170590271577795,0.3265568304514217,0.5336888024380178,0.7304613386981719,25,1534463849
beta_2.0_K_very_large,1.0,2.0,1.0,2,very_large,beta_k_heatmap,1000,very_large,grid,beta=2.0|K=very_large,30,1000,2000,False,completed,0,0,4.0,86.0,0.3885390000000002,0.0,1,1000,1.0,0.028090105222099485,4.056930930930931,7.0,-0.07388267417831017,0.353825974978747,0.30858264394613955,707.651949957494,0.08224657523254718,0.0,0.055,1001.0,0.06357573798950006,0.14804660565457264,0.30858264394613955,0.5244905363475078,0.7152413278638418,26,1330361574
beta_2.0_K_very_large,1.0,2.0,1.0,2,very_large,beta_k_heatmap,1000,very_large,grid,beta=2.0|K=very_large,30,1000,2000,False,completed,0,0,4.0,95.0,0.3900385000000002,0.0,1,1000,1.0,0.031942606577438,4.0571031031031035,7.0,-0.09157933836751071,0.3568722179907501,0.3134702233719837,713.7444359815001,0.09127363836782675,0.0,0.053,1001.0,0.06176870804925731,0.14278331123718088,0.3134702233719837,0.5304007700447856,0.7231228731335079,27,472342921
beta_2.0_K_very_large,1.0,2.0,1.0,2,very_large,beta_k_heatmap,1000,very_large,grid,beta=2.0|K=very_large,30,1000,2000,False,completed,0,0,4.0,77.0,0.38850150000000006,0.0,1,1000,1.0,0.028986715844761684,4.1553133133133136,7.0,-0.0840418095090106,0.34823811117964376,0.30088348304433066,696.4762223592875,0.07321951209726761,0.0,0.054,1001.0,0.05166526356593393,0.1404730555051959,0.30088348304433066,0.5179271771105036,0.7141372086589326,28,633382580
beta_2.0_K_very_large,1.0,2.0,1.0,2,very_large,beta_k_heatmap,1000,very_large,grid,beta=2.0|K=very_large,30,1000,2000,False,completed,0,0,4.0,84.0,0.3879910000000002,0.0,1,1000,1.0,0.03717442481308626,4.063993993993994,7.0,-0.0824116903771906,0.355033237593975,0.30903804182940464,710.06647518795,0.08024056120248504,0.0,0.059,1001.0,0.05581834682959155,0.1440740462571991,0.30903804182940464,0.5267478599311592,0.7213421087139614,29,3257706967
