label,finalNodeCount,status,terminationReason,truncationEvents,crossingCount,generatedIntersectionNodes,splitEvents,meanEdgeLength,totalNetworkLength
off|uniform|complete|k3|phi0,4430,done,completed,0,,4360,64,0.010521296993885473,93.92361826441562
off|uniform|complete|k3|phi0.5,4430,done,completed,0,,4360,64,0.010521296993885473,93.92361826441562
off|uniform|complete|k4|phi0,4430,done,completed,0,,4360,64,0.010521296993885473,93.92361826441562
off|uniform|complete|k4|phi0.5,4430,done,completed,0,,4360,64,0.010521296993885473,93.92361826441562
off|uniform|ring|k3|phi0,4430,done,completed,0,,4360,64,0.010521296993885473,93.92361826441562
off|uniform|ring|k3|phi0.5,4430,done,completed,0,,4360,64,0.010521296993885473,93.92361826441562
off|uniform|ring|k4|phi0,4430,done,completed,0,,4360,64,0.010521296993885473,93.92361826441562
off|uniform|ring|k4|phi0.5,4430,done,completed,0,,4360,64,0.010521296993885473,93.92361826441562
grid_bias|uniform_lattice|complete|a90|rook|k3|phi0|q6|s0,4430,done,completed,0,,4360,64,0.010521296993885473,93.92361826441562
grid_bias|uniform_lattice|complete|a90|rook|k3|phi0|q6|s0.1,4430,done,completed,0,,4360,64,0.010521296993885473,93.92361826441562
grid_bias|uniform_lattice|complete|a90|rook|k3|phi0|q12|s0,4430,done,completed,0,,4360,64,0.010521296993885473,93.92361826441562
grid_bias|uniform_lattice|complete|a90|rook|k3|phi0|q12|s0.1,4430,done,completed,0,,4360,64,0.010521296993885473,93.92361826441562
grid_bias|uniform_lattice|complete|a90|rook|k3|phi0|q18|s0,4430,done,completed,0,,4360,64,0.010521296993885473,93.92361826441562
grid_bias|uniform_lattice|complete|a90|rook|k3|phi0|q18|s0.1,4430,done,completed,0,,4360,64,0.010521296993885473,93.92361826441562
grid_bias|uniform_lattice|complete|a90|queen|k3|phi0|q6|s0,4430,done,completed,0,,4360,64,0.010521296993885473,93.92361826441562
grid_bias|uniform_lattice|complete|a90|queen|k3|phi0|q6|s0.1,4430,done,completed,0,,4360,64,0.010521296993885473,93.92361826441562
grid_bias|uniform_lattice|complete|a90|queen|k3|phi0|q12|s0,4430,done,completed,0,,4360,64,0.010521296993885473,93.92361826441562
grid_bias|uniform_lattice|complete|a90|queen|k3|phi0|q12|s0.1,4430,done,completed,0,,4360,64,0.010521296993885473,93.92361826441562
grid_bias|uniform_lattice|complete|a90|queen|k3|phi0|q18|s0,4430,done,completed,0,,4360,64,0.010521296993885473,93.92361826441562
grid_bias|uniform_lattice|complete|a90|queen|k3|phi0|q18|s0.1,4430,done,completed,0,,4360,64,0.010521296993885473,93.92361826441562
grid_bias|uniform_lattice|complete|a60|rook|k3|phi0|q6|s0,4430,done,completed,0,,4360,64,0.010521296993885473,93.92361826441562
grid_bias|uniform_lattice|complete|a60|rook|k3|phi0|q6|s0.1,4430,done,completed,0,,4360,64,0.010521296993885473,93.92361826441562
grid_bias|uniform_lattice|complete|a60|rook|k3|phi0|q12|s0,4430,done,completed,0,,4360,64,0.010521296993885473,93.92361826441562
grid_bias|uniform_lattice|complete|a60|rook|k3|phi0|q12|s0.1,4430,done,completed,0,,4360,64,0.010521296993885473,93.92361826441562
grid_bias|uniform_lattice|complete|a60|rook|k3|phi0|q18|s0,4430,done,completed,0,,4360,64,0.010521296993885473,93.92361826441562
grid_bias|uniform_lattice|complete|a60|rook|k3|phi0|q18|s0.1,4430,done,completed,0,,4360,64,0.010521296993885473,93.92361826441562
grid_bias|uniform_lattice|complete|a60|queen|k3|phi0|q6|s0,4430,done,completed,0,,4360,64,0.010521296993885473,93.92361826441562
grid_bias|uniform_lattice|complete|a60|queen|k3|phi0|q6|s0.1,4430,done,completed,0,,4360,64,0.010521296993885473,93.92361826441562
grid_bias|uniform_lattice|complete|a60|queen|k3|phi0|q12|s0,4430,done,completed,0,,4360,64,0.010521296993885473,93.92361826441562
grid_bias|uniform_lattice|complete|a60|queen|k3|phi0|q12|s0.1,4430,done,completed,0,,4360,64,0.010521296993885473,93.92361826441562
grid_bias|uniform_lattice|complete|a60|queen|k3|phi0|q18|s0,4430,done,completed,0,,4360,64,0.010521296993885473,93.92361826441562
grid_bias|uniform_lattice|complete|a60|queen|k3|phi0|q18|s0.1,4430,done,completed,0,,4360,64,0.010521296993885473,93.92361826441562
grid_bias|uniform_lattice|complete|a90|rook|k3|phi0.5|q6|s0,4430,done,completed,0,,4360,64,0.010521296993885473,93.92361826441562
grid_bias|uniform_lattice|complete|a90|rook|k3|phi0.5|q6|s0.1,4430,done,completed,0,,4360,64,0.010521296993885473,93.92361826441562
grid_bias|uniform_lattice|complete|a90|rook|k3|phi0.5|q12|s0,4430,done,completed,0,,4360,64,0.010521296993885473,93.92361826441562
grid_bias|uniform_lattice|complete|a90|rook|k3|phi0.5|q12|s0.1,4430,done,completed,0,,4360,64,0.010521296993885473,93.92361826441562
grid_bias|uniform_lattice|complete|a90|rook|k3|phi0.5|q18|s0,4430,done,completed,0,,4360,64,0.010521296993885473,93.92361826441562
grid_bias|uniform_lattice|complete|a90|rook|k3|phi0.5|q18|s0.1,4430,done,completed,0,,4360,64,0.010521296993885473,93.92361826441562
grid_bias|uniform_lattice|complete|a90|queen|k3|phi0.5|q6|s0,4430,done,completed,0,,4360,64,0.010521296993885473,93.92361826441562
grid_bias|uniform_lattice|complete|a90|queen|k3|phi0.5|q6|s0.1,4430,done,completed,0,,4360,64,0.010521296993885473,93.92361826441562
grid_bias|uniform_lattice|complete|a90|queen|k3|phi0.5|q12|s0,4430,done,completed,0,,4360,64,0.010521296993885473,93.92361826441562
grid_bias|uniform_lattice|complete|a90|queen|k3|phi0.5|q12|s0.1,4430,done,completed,0,,4360,64,0.010521296993885473,93.92361826441562
grid_bias|uniform_lattice|complete|a90|queen|k3|phi0.5|q18|s0,4430,done,completed,0,,4360,64,0.010521296993885473,93.92361826441562
grid_bias|uniform_lattice|complete|a90|queen|k3|phi0.5|q18|s0.1,4430,done,completed,0,,4360,64,0.010521296993885473,93.92361826441562
grid_bias|uniform_lattice|complete|a60|rook|k3|phi0.5|q6|s0,4430,done,completed,0,,4360,64,0.010521296993885473,93.92361826441562
grid_bias|uniform_lattice|complete|a60|rook|k3|phi0.5|q6|s0.1,4430,done,completed,0,,4360,64,0.010521296993885473,93.92361826441562
grid_bias|uniform_lattice|complete|a60|rook|k3|phi0.5|q12|s0,4430,done,completed,0,,4360,64,0.010521296993885473,93.92361826441562
grid_bias|uniform_lattice|complete|a60|rook|k3|phi0.5|q12|s0.1,4430,done,completed,0,,4360,64,0.010521296993885473,93.92361826441562
grid_bias|uniform_lattice|complete|a60|rook|k3|phi0.5|q18|s0,4430,done,completed,0,,4360,64,0.010521296993885473,93.92361826441562
grid_bias|uniform_lattice|complete|a60|rook|k3|phi0.5|q18|s0.1,4430,done,completed,0,,4360,64,0.010521296993885473,93.92361826441562
grid_bias|uniform_lattice|complete|a60|queen|k3|phi0.5|q6|s0,4430,done,completed,0,,4360,64,0.010521296993885473,93.92361826441562
grid_bias|uniform_lattice|complete|a60|queen|k3|phi0.5|q6|s0.1,4430,done,completed,0,,4360,64,0.010521296993885473,93.92361826441562
grid_bias|uniform_lattice|complete|a60|queen|k3|phi0.5|q12|s0,4430,done,completed,0,,4360,64,0.010521296993885473,93.92361826441562
grid_bias|uniform_lattice|complete|a60|queen|k3|phi0.5|q12|s0.1,4430,done,completed,0,,4360,64,0.010521296993885473,93.92361826441562
grid_bias|uniform_lattice|complete|a60|queen|k3|phi0.5|q18|s0,4430,done,completed,0,,4360,64,0.010521296993885473,93.92361826441562
grid_bias|uniform_lattice|complete|a60|queen|k3|phi0.5|q18|s0.1,4430,done,completed,0,,4360,64,0.010521296993885473,93.92361826441562
grid_bias|uniform_lattice|complete|a90|rook|k4|phi0|q6|s0,4430,done,completed,0,,4360,64,0.010521296993885473,93.92361826441562
grid_bias|uniform_lattice|complete|a90|rook|k4|phi0|q6|s0.1,4430,done,completed,0,,4360,64,0.010521296993885473,93.92361826441562
grid_bias|uniform_lattice|complete|a90|rook|k4|phi0|q12|s0,4430,done,completed,0,,4360,64,0.010521296993885473,93.92361826441562
grid_bias|uniform_lattice|complete|a90|rook|k4|phi0|q12|s0.1,4430,done,completed,0,,4360,64,0.010521296993885473,93.92361826441562
grid_bias|uniform_lattice|complete|a90|rook|k4|phi0|q18|s0,4430,done,completed,0,,4360,64,0.010521296993885473,93.92361826441562
grid_bias|uniform_lattice|complete|a90|rook|k4|phi0|q18|s0.1,4430,done,completed,0,,4360,64,0.010521296993885473,93.92361826441562
grid_bias|uniform_lattice|complete|a90|queen|k4|phi0|q6|s0,4430,done,completed,0,,4360,64,0.010521296993885473,93.92361826441562
grid_bias|uniform_lattice|complete|a90|queen|k4|phi0|q6|s0.1,4430,done,completed,0,,4360,64,0.010521296993885473,93.92361826441562
grid_bias|uniform_lattice|complete|a90|queen|k4|phi0|q12|s0,4430,done,completed,0,,4360,64,0.010521296993885473,93.92361826441562
grid_bias|uniform_lattice|complete|a90|queen|k4|phi0|q12|s0.1,4430,done,completed,0,,4360,64,0.010521296993885473,93.92361826441562
grid_bias|uniform_lattice|complete|a90|queen|k4|phi0|q18|s0,4430,done,completed,0,,4360,64,0.010521296993885473,93.92361826441562
grid_bias|uniform_lattice|complete|a90|queen|k4|phi0|q18|s0.1,4430,done,completed,0,,4360,64,0.010521296993885473,93.92361826441562
grid_bias|uniform_lattice|complete|a60|rook|k4|phi0|q6|s0,4430,done,completed,0,,4360,64,0.010521296993885473,93.92361826441562
grid_bias|uniform_lattice|complete|a60|rook|k4|phi0|q6|s0.1,4430,done,completed,0,,4360,64,0.010521296993885473,93.92361826441562
grid_bias|uniform_lattice|complete|a60|rook|k4|phi0|q12|s0,4430,done,completed,0,,4360,64,0.010521296993885473,93.92361826441562
grid_bias|uniform_lattice|complete|a60|rook|k4|phi0|q12|s0.1,4430,done,completed,0,,4360,64,0.010521296993885473,93.92361826441562
grid_bias|uniform_lattice|complete|a60|rook|k4|phi0|q18|s0,4430,done,completed,0,,4360,64,0.010521296993885473,93.92361826441562
grid_bias|uniform_lattice|complete|a60|rook|k4|phi0|q18|s0.1,4430,done,completed,0,,4360,64,0.010521296993885473,93.92361826441562
grid_bias|uniform_lattice|complete|a60|queen|k4|phi0|q6|s0,4430,done,completed,0,,4360,64,0.010521296993885473,93.92361826441562
grid_bias|uniform_lattice|complete|a60|queen|k4|phi0|q6|s0.1,4430,done,completed,0,,4360,64,0.010521296993885473,93.92361826441562
grid_bias|uniform_lattice|complete|a60|queen|k4|phi0|q12|s0,4430,done,completed,0,,4360,64,0.010521296993885473,93.92361826441562
grid_bias|uniform_lattice|complete|a60|queen|k4|phi0|q12|s0.1,4430,done,completed,0,,4360,64,0.010521296993885473,93.92361826441562
grid_bias|uniform_lattice|complete|a60|queen|k4|phi0|q18|s0,4430,done,completed,0,,4360,64,0.010521296993885473,93.92361826441562
grid_bias|uniform_lattice|complete|a60|queen|k4|phi0|q18|s0.1,4430,done,completed,0,,4360,64,0.010521296993885473,93.92361826441562
grid_bias|uniform_lattice|complete|a90|rook|k4|phi0.5|q6|s0,4430,done,completed,0,,4360,64,0.010521296993885473,93.92361826441562
grid_bias|uniform_lattice|complete|a90|rook|k4|phi0.5|q6|s0.1,4430,done,completed,0,,4360,64,0.010521296993885473,93.92361826441562
grid_bias|uniform_lattice|complete|a90|rook|k4|phi0.5|q12|s0,4430,done,completed,0,,4360,64,0.010521296993885473,93.92361826441562
grid_bias|uniform_lattice|complete|a90|rook|k4|phi0.5|q12|s0.1,4430,done,completed,0,,4360,64,0.010521296993885473,93.92361826441562
grid_bias|uniform_lattice|complete|a90|rook|k4|phi0.5|q18|s0,4430,done,completed,0,,4360,64,0.010521296993885473,93.92361826441562
grid_bias|uniform_lattice|complete|a90|rook|k4|phi0.5|q18|s0.1,4430,done,completed,0,,4360,64,0.010521296993885473,93.92361826441562
grid_bias|uniform_lattice|complete|a90|queen|k4|phi0.5|q6|s0,4430,done,completed,0,,4360,64,0.010521296993885473,93.92361826441562
grid_bias|uniform_lattice|complete|a90|queen|k4|phi0.5|q6|s0.1,4430,done,completed,0,,4360,64,0.010521296993885473,93.92361826441562
grid_bias|uniform_lattice|complete|a90|queen|k4|phi0.5|q12|s0,4430,done,completed,0,,4360,64,0.010521296993885473,93.92361826441562
grid_bias|uniform_lattice|complete|a90|queen|k4|phi0.5|q12|s0.1,4430,done,completed,0,,4360,64,0.010521296993885473,93.92361826441562
grid_bias|uniform_lattice|complete|a90|queen|k4|phi0.5|q18|s0,4430,done,completed,0,,4360,64,0.010521296993885473,93.92361826441562
grid_bias|uniform_lattice|complete|a90|queen|k4|phi0.5|q18|s0.1,4430,done,completed,0,,4360,64,0.010521296993885473,93.92361826441562
grid_bias|uniform_lattice|complete|a60|rook|k4|phi0.5|q6|s0,4430,done,completed,0,,4360,64,0.010521296993885473,93.92361826441562
grid_bias|uniform_lattice|complete|a60|rook|k4|phi0.5|q6|s0.1,4430,done,completed,0,,4360,64,0.010521296993885473,93.92361826441562
grid_bias|uniform_lattice|complete|a60|rook|k4|phi0.5|q12|s0,4430,done,completed,0,,4360,64,0.010521296993885473,93.92361826441562
grid_bias|uniform_lattice|complete|a60|rook|k4|phi0.5|q12|s0.1,4430,done,completed,0,,4360,64,0.010521296993885473,93.92361826441562
grid_bias|uniform_lattice|complete|a60|rook|k4|phi0.5|q18|s0,4430,done,completed,0,,4360,64,0.010521296993885473,93.92361826441562
grid_bias|uniform_lattice|complete|a60|rook|k4|phi0.5|q18|s0.1,4430,done,completed,0,,4360,64,0.010521296993885473,93.92361826441562
grid_bias|uniform_lattice|complete|a60|queen|k4|phi0.5|q6|s0,4430,done,completed,0,,4360,64,0.010521296993885473,93.92361826441562
grid_bias|uniform_lattice|complete|a60|queen|k4|phi0.5|q6|s0.1,4430,done,completed,0,,4360,64,0.010521296993885473,93.92361826441562
grid_bias|uniform_lattice|complete|a60|queen|k4|phi0.5|q12|s0,4430,done,completed,0,,4360,64,0.010521296993885473,93.92361826441562
grid_bias|uniform_lattice|complete|a60|queen|k4|phi0.5|q12|s0.1,4430,done,completed,0,,4360,64,0.010521296993885473,93.92361826441562
grid_bias|uniform_lattice|complete|a60|queen|k4|phi0.5|q18|s0,4430,done,completed,0,,4360,64,0.010521296993885473,93.92361826441562
grid_bias|uniform_lattice|complete|a60|queen|k4|phi0.5|q18|s0.1,4430,done,completed,0,,4360,64,0.010521296993885473,93.92361826441562
grid_bias|uniform_lattice|ring|a90|rook|k3|phi0|q6|s0,4430,done,completed,0,,4360,64,0.010521296993885473,93.92361826441562
grid_bias|uniform_lattice|ring|a90|rook|k3|phi0|q6|s0.1,4430,done,completed,0,,4360,64,0.010521296993885473,93.92361826441562
grid_bias|uniform_lattice|ring|a90|rook|k3|phi0|q12|s0,4430,done,completed,0,,4360,64,0.010521296993885473,93.92361826441562
grid_bias|uniform_lattice|ring|a90|rook|k3|phi0|q12|s0.1,4430,done,completed,0,,4360,64,0.010521296993885473,93.92361826441562
grid_bias|uniform_lattice|ring|a90|rook|k3|phi0|q18|s0,4430,done,completed,0,,4360,64,0.010521296993885473,93.92361826441562
grid_bias|uniform_lattice|ring|a90|rook|k3|phi0|q18|s0.1,4430,done,completed,0,,4360,64,0.010521296993885473,93.92361826441562
grid_bias|uniform_lattice|ring|a90|queen|k3|phi0|q6|s0,4430,done,completed,0,,4360,64,0.010521296993885473,93.92361826441562
grid_bias|uniform_lattice|ring|a90|queen|k3|phi0|q6|s0.1,4430,done,completed,0,,4360,64,0.010521296993885473,93.92361826441562
grid_bias|uniform_lattice|ring|a90|queen|k3|phi0|q12|s0,4430,done,completed,0,,4360,64,0.010521296993885473,93.92361826441562
grid_bias|uniform_lattice|ring|a90|queen|k3|phi0|q12|s0.1,4430,done,completed,0,,4360,64,0.010521296993885473,93.92361826441562
grid_bias|uniform_lattice|ring|a90|queen|k3|phi0|q18|s0,4430,done,completed,0,,4360,64,0.010521296993885473,93.92361826441562
grid_bias|uniform_lattice|ring|a90|queen|k3|phi0|q18|s0.1,4430,done,completed,0,,4360,64,0.010521296993885473,93.92361826441562
grid_bias|uniform_lattice|ring|a60|rook|k3|phi0|q6|s0,4430,done,completed,0,,4360,64,0.010521296993885473,93.92361826441562
grid_bias|uniform_lattice|ring|a60|rook|k3|phi0|q6|s0.1,4430,done,completed,0,,4360,64,0.010521296993885473,93.92361826441562
grid_bias|uniform_lattice|ring|a60|rook|k3|phi0|q12|s0,4430,done,completed,0,,4360,64,0.010521296993885473,93.92361826441562
grid_bias|uniform_lattice|ring|a60|rook|k3|phi0|q12|s0.1,4430,done,completed,0,,4360,64,0.010521296993885473,93.92361826441562
grid_bias|uniform_lattice|ring|a60|rook|k3|phi0|q18|s0,4430,done,completed,0,,4360,64,0.010521296993885473,93.92361826441562
grid_bias|uniform_lattice|ring|a60|rook|k3|phi0|q18|s0.1,4430,done,completed,0,,4360,64,0.010521296993885473,93.92361826441562
grid_bias|uniform_lattice|ring|a60|queen|k3|phi0|q6|s0,4430,done,completed,0,,4360,64,0.010521296993885473,93.92361826441562
grid_bias|uniform_lattice|ring|a60|queen|k3|phi0|q6|s0.1,4430,done,completed,0,,4360,64,0.010521296993885473,93.92361826441562
grid_bias|uniform_lattice|ring|a60|queen|k3|phi0|q12|s0,4430,done,completed,0,,4360,64,0.010521296993885473,93.92361826441562
grid_bias|uniform_lattice|ring|a60|queen|k3|phi0|q12|s0.1,4430,done,completed,0,,4360,64,0.010521296993885473,93.92361826441562
grid_bias|uniform_lattice|ring|a60|queen|k3|phi0|q18|s0,4430,done,completed,0,,4360,64,0.010521296993885473,93.92361826441562
grid_bias|uniform_lattice|ring|a60|queen|k3|phi0|q18|s0.1,4430,done,completed,0,,4360,64,0.010521296993885473,93.92361826441562
grid_bias|uniform_lattice|ring|a90|rook|k3|phi0.5|q6|s0,4430,done,completed,0,,4360,64,0.010521296993885473,93.92361826441562
grid_bias|uniform_lattice|ring|a90|rook|k3|phi0.5|q6|s0.1,4430,done,completed,0,,4360,64,0.010521296993885473,93.92361826441562
grid_bias|uniform_lattice|ring|a90|rook|k3|phi0.5|q12|s0,4430,done,completed,0,,4360,64,0.010521296993885473,93.92361826441562
grid_bias|uniform_lattice|ring|a90|rook|k3|phi0.5|q12|s0.1,4430,done,completed,0,,4360,64,0.010521296993885473,93.92361826441562
grid_bias|uniform_lattice|ring|a90|rook|k3|phi0.5|q18|s0,4430,done,completed,0,,4360,64,0.010521296993885473,93.92361826441562
grid_bias|uniform_lattice|ring|a90|rook|k3|phi0.5|q18|s0.1,4430,done,completed,0,,4360,64,0.010521296993885473,93.92361826441562
grid_bias|uniform_lattice|ring|a90|queen|k3|phi0.5|q6|s0,4430,done,completed,0,,4360,64,0.010521296993885473,93.92361826441562
grid_bias|uniform_lattice|ring|a90|queen|k3|phi0.5|q6|s0.1,4430,done,completed,0,,4360,64,0.010521296993885473,93.92361826441562
grid_bias|uniform_lattice|ring|a90|queen|k3|phi0.5|q12|s0,4430,done,completed,0,,4360,64,0.010521296993885473,93.92361826441562
grid_bias|uniform_lattice|ring|a90|queen|k3|phi0.5|q12|s0.1,4430,done,completed,0,,4360,64,0.010521296993885473,93.92361826441562
grid_bias|uniform_lattice|ring|a90|queen|k3|phi0.5|q18|s0,4430,done,completed,0,,4360,64,0.010521296993885473,93.92361826441562
grid_bias|uniform_lattice|ring|a90|queen|k3|phi0.5|q18|s0.1,4430,done,completed,0,,4360,64,0.010521296993885473,93.92361826441562
grid_bias|uniform_lattice|ring|a60|rook|k3|phi0.5|q6|s0,4430,done,completed,0,,4360,64,0.010521296993885473,93.92361826441562
grid_bias|uniform_lattice|ring|a60|rook|k3|phi0.5|q6|s0.1,4430,done,completed,0,,4360,64,0.010521296993885473,93.92361826441562
grid_bias|uniform_lattice|ring|a60|rook|k3|phi0.5|q12|s0,4430,done,completed,0,,4360,64,0.010521296993885473,93.92361826441562
grid_bias|uniform_lattice|ring|a60|rook|k3|phi0.5|q12|s0.1,4430,done,completed,0,,4360,64,0.010521296993885473,93.92361826441562
grid_bias|uniform_lattice|ring|a60|rook|k3|phi0.5|q18|s0,4430,done,completed,0,,4360,64,0.010521296993885473,93.92361826441562
grid_bias|uniform_lattice|ring|a60|rook|k3|phi0.5|q18|s0.1,4430,done,completed,0,,4360,64,0.010521296993885473,93.92361826441562
grid_bias|uniform_lattice|ring|a60|queen|k3|phi0.5|q6|s0,4430,done,completed,0,,4360,64,0.010521296993885473,93.92361826441562
grid_bias|uniform_lattice|ring|a60|queen|k3|phi0.5|q6|s0.1,4430,done,completed,0,,4360,64,0.010521296993885473,93.92361826441562
grid_bias|uniform_lattice|ring|a60|queen|k3|phi0.5|q12|s0,4430,done,completed,0,,4360,64,0.010521296993885473,93.92361826441562
grid_bias|uniform_lattice|ring|a60|queen|k3|phi0.5|q12|s0.1,4430,done,completed,0,,4360,64,0.010521296993885473,93.92361826441562
grid_bias|uniform_lattice|ring|a60|queen|k3|phi0.5|q18|s0,4430,done,completed,0,,4360,64,0.010521296993885473,93.92361826441562
grid_bias|uniform_lattice|ring|a60|queen|k3|phi0.5|q18|s0.1,4430,done,completed,0,,4360,64,0.010521296993885473,93.92361826441562
grid_bias|uniform_lattice|ring|a90|rook|k4|phi0|q6|s0,4430,done,completed,0,,4360,64,0.010521296993885473,93.92361826441562
grid_bias|uniform_lattice|ring|a90|rook|k4|phi0|q6|s0.1,4430,done,completed,0,,4360,64,0.010521296993885473,93.92361826441562
grid_bias|uniform_lattice|ring|a90|rook|k4|phi0|q12|s0,4430,done,completed,0,,4360,64,0.010521296993885473,93.92361826441562
grid_bias|uniform_lattice|ring|a90|rook|k4|phi0|q12|s0.1,4430,done,completed,0,,4360,64,0.010521296993885473,93.92361826441562
grid_bias|uniform_lattice|ring|a90|rook|k4|phi0|q18|s0,4430,done,completed,0,,4360,64,0.010521296993885473,93.92361826441562
grid_bias|uniform_lattice|ring|a90|rook|k4|phi0|q18|s0.1,4430,done,completed,0,,4360,64,0.010521296993885473,93.92361826441562
grid_bias|uniform_lattice|ring|a90|queen|k4|phi0|q6|s0,4430,done,completed,0,,4360,64,0.010521296993885473,93.92361826441562
grid_bias|uniform_lattice|ring|a90|queen|k4|phi0|q6|s0.1,4430,done,completed,0,,4360,64,0.010521296993885473,93.92361826441562
grid_bias|uniform_lattice|ring|a90|queen|k4|phi0|q12|s0,4430,done,completed,0,,4360,64,0.010521296993885473,93.92361826441562
grid_bias|uniform_lattice|ring|a90|queen|k4|phi0|q12|s0.1,4430,done,completed,0,,4360,64,0.010521296993885473,93.92361826441562
grid_bias|uniform_lattice|ring|a90|queen|k4|phi0|q18|s0,4430,done,completed,0,,4360,64,0.010521296993885473,93.92361826441562
grid_bias|uniform_lattice|ring|a90|queen|k4|phi0|q18|s0.1,4430,done,completed,0,,4360,64,0.010521296993885473,93.92361826441562
grid_bias|uniform_lattice|ring|a60|rook|k4|phi0|q6|s0,4430,done,completed,0,,4360,64,0.010521296993885473,93.92361826441562
grid_bias|uniform_lattice|ring|a60|rook|k4|phi0|q6|s0.1,4430,done,completed,0,,4360,64,0.010521296993885473,93.92361826441562
grid_bias|uniform_lattice|ring|a60|rook|k4|phi0|q12|s0,4430,done,completed,0,,4360,64,0.010521296993885473,93.92361826441562
grid_bias|uniform_lattice|ring|a60|rook|k4|phi0|q12|s0.1,4430,done,completed,0,,4360,64,0.010521296993885473,93.92361826441562
grid_bias|uniform_lattice|ring|a60|rook|k4|phi0|q18|s0,4430,done,completed,0,,4360,64,0.010521296993885473,93.92361826441562
grid_bias|uniform_lattice|ring|a60|rook|k4|phi0|q18|s0.1,4430,done,completed,0,,4360,64,0.010521296993885473,93.92361826441562
grid_bias|uniform_lattice|ring|a60|queen|k4|phi0|q6|s0,4430,done,completed,0,,4360,64,0.010521296993885473,93.92361826441562
grid_bias|uniform_lattice|ring|a60|queen|k4|phi0|q6|s0.1,4430,done,completed,0,,4360,64,0.010521296993885473,93.92361826441562
grid_bias|uniform_lattice|ring|a60|queen|k4|phi0|q12|s0,4430,done,completed,0,,4360,64,0.010521296993885473,93.92361826441562
grid_bias|uniform_lattice|ring|a60|queen|k4|phi0|q12|s0.1,4430,done,completed,0,,4360,64,0.010521296993885473,93.92361826441562
grid_bias|uniform_lattice|ring|a60|queen|k4|phi0|q18|s0,4430,done,completed,0,,4360,64,0.010521296993885473,93.92361826441562
grid_bias|uniform_lattice|ring|a60|queen|k4|phi0|q18|s0.1,4430,done,completed,0,,4360,64,0.010521296993885473,93.92361826441562
grid_bias|uniform_lattice|ring|a90|rook|k4|phi0.5|q6|s0,4430,done,completed,0,,4360,64,0.010521296993885473,93.92361826441562
grid_bias|uniform_lattice|ring|a90|rook|k4|phi0.5|q6|s0.1,4430,done,completed,0,,4360,64,0.010521296993885473,93.92361826441562
grid_bias|uniform_lattice|ring|a90|rook|k4|phi0.5|q12|s0,4430,done,completed,0,,4360,64,0.010521296993885473,93.92361826441562
grid_bias|uniform_lattice|ring|a90|rook|k4|phi0.5|q12|s0.1,4430,done,completed,0,,4360,64,0.010521296993885473,93.92361826441562
grid_bias|uniform_lattice|ring|a90|rook|k4|phi0.5|q18|s0,4430,done,completed,0,,4360,64,0.010521296993885473,93.92361826441562
grid_bias|uniform_lattice|ring|a90|rook|k4|phi0.5|q18|s0.1,4430,done,completed,0,,4360,64,0.010521296993885473,93.92361826441562
grid_bias|uniform_lattice|ring|a90|queen|k4|phi0.5|q6|s0,4430,done,completed,0,,4360,64,0.010521296993885473,93.92361826441562
grid_bias|uniform_lattice|ring|a90|queen|k4|phi0.5|q6|s0.1,4430,done,completed,0,,4360,64,0.010521296993885473,93.92361826441562
grid_bias|uniform_lattice|ring|a90|queen|k4|phi0.5|q12|s0,4430,done,completed,0,,4360,64,0.010521296993885473,93.92361826441562
grid_bias|uniform_lattice|ring|a90|queen|k4|phi0.5|q12|s0.1,4430,done,completed,0,,4360,64,0.010521296993885473,93.92361826441562
grid_bias|uniform_lattice|ring|a90|queen|k4|phi0.5|q18|s0,4430,done,completed,0,,4360,64,0.010521296993885473,93.92361826441562
grid_bias|uniform_lattice|ring|a90|queen|k4|phi0.5|q18|s0.1,4430,done,completed,0,,4360,64,0.010521296993885473,93.92361826441562
grid_bias|uniform_lattice|ring|a60|rook|k4|phi0.5|q6|s0,4430,done,completed,0,,4360,64,0.010521296993885473,93.92361826441562
grid_bias|uniform_lattice|ring|a60|rook|k4|phi0.5|q6|s0.1,4430,done,completed,0,,4360,64,0.010521296993885473,93.92361826441562
grid_bias|uniform_lattice|ring|a60|rook|k4|phi0.5|q12|s0,4430,done,completed,0,,4360,64,0.010521296993885473,93.92361826441562
grid_bias|uniform_lattice|ring|a60|rook|k4|phi0.5|q12|s0.1,4430,done,completed,0,,4360,64,0.010521296993885473,93.92361826441562
grid_bias|uniform_lattice|ring|a60|rook|k4|phi0.5|q18|s0,4430,done,completed,0,,4360,64,0.010521296993885473,93.92361826441562
grid_bias|uniform_lattice|ring|a60|rook|k4|phi0.5|q18|s0.1,4430,done,completed,0,,4360,64,0.010521296993885473,93.92361826441562
grid_bias|uniform_lattice|ring|a60|queen|k4|phi0.5|q6|s0,4430,done,completed,0,,4360,64,0.010521296993885473,93.92361826441562
grid_bias|uniform_lattice|ring|a60|queen|k4|phi0.5|q6|s0.1,4430,done,completed,0,,4360,64,0.010521296993885473,93.92361826441562
grid_bias|uniform_lattice|ring|a60|queen|k4|phi0.5|q12|s0,4430,done,completed,0,,4360,64,0.010521296993885473,93.92361826441562
grid_bias|uniform_lattice|ring|a60|queen|k4|phi0.5|q12|s0.1,4430,done,completed,0,,4360,64,0.010521296993885473,93.92361826441562
grid_bias|uniform_lattice|ring|a60|queen|k4|phi0.5|q18|s0,4430,done,completed,0,,4360,64,0.010521296993885473,93.92361826441562
grid_bias|uniform_lattice|ring|a60|queen|k4|phi0.5|q18|s0.1,4430,done,completed,0,,4360,64,0.010521296993885473,93.92361826441562
grid_bias|uniform_lattice|cross|a90|rook|k3|phi0|q6|s0,4430,done,completed,0,,4360,64,0.010521296993885473,93.92361826441562
grid_bias|uniform_lattice|cross|a90|rook|k3|phi0|q6|s0.1,4430,done,completed,0,,4360,64,0.010521296993885473,93.92361826441562
grid_bias|uniform_lattice|cross|a90|rook|k3|phi0|q12|s0,4430,done,completed,0,,4360,64,0.010521296993885473,93.92361826441562
grid_bias|uniform_lattice|cross|a90|rook|k3|phi0|q12|s0.1,4430,done,completed,0,,4360,64,0.010521296993885473,93.92361826441562
grid_bias|uniform_lattice|cross|a90|rook|k3|phi0|q18|s0,4430,done,completed,0,,4360,64,0.010521296993885473,93.92361826441562
grid_bias|uniform_lattice|cross|a90|rook|k3|phi0|q18|s0.1,4430,done,completed,0,,4360,64,0.010521296993885473,93.92361826441562
grid_bias|uniform_lattice|cross|a90|queen|k3|phi0|q6|s0,4430,done,completed,0,,4360,64,0.010521296993885473,93.92361826441562
grid_bias|uniform_lattice|cross|a90|queen|k3|phi0|q6|s0.1,4430,done,completed,0,,4360,64,0.010521296993885473,93.92361826441562
grid_bias|uniform_lattice|cross|a90|queen|k3|phi0|q12|s0,4430,done,completed,0,,4360,64,0.010521296993885473,93.92361826441562
grid_bias|uniform_lattice|cross|a90|queen|k3|phi0|q12|s0.1,4430,done,completed,0,,4360,64,0.010521296993885473,93.92361826441562
grid_bias|uniform_lattice|cross|a90|queen|k3|phi0|q18|s0,4430,done,completed,0,,4360,64,0.010521296993885473,93.92361826441562
grid_bias|uniform_lattice|cross|a90|queen|k3|phi0|q18|s0.1,4430,done,completed,0,,4360,64,0.010521296993885473,93.92361826441562
grid_bias|uniform_lattice|cross|a60|rook|k3|phi0|q6|s0,4430,done,completed,0,,4360,64,0.010521296993885473,93.92361826441562
grid_bias|uniform_lattice|cross|a60|rook|k3|phi0|q6|s0.1,4430,done,completed,0,,4360,64,0.010521296993885473,93.92361826441562
grid_bias|uniform_lattice|cross|a60|rook|k3|phi0|q12|s0,4430,done,completed,0,,4360,64,0.010521296993885473,93.92361826441562
grid_bias|uniform_lattice|cross|a60|rook|k3|phi0|q12|s0.1,4430,done,completed,0,,4360,64,0.010521296993885473,93.92361826441562
grid_bias|uniform_lattice|cross|a60|rook|k3|phi0|q18|s0,4430,done,completed,0,,4360,64,0.010521296993885473,93.92361826441562
grid_bias|uniform_lattice|cross|a60|rook|k3|phi0|q18|s0.1,4430,done,completed,0,,4360,64,0.010521296993885473,93.92361826441562
grid_bias|uniform_lattice|cross|a60|queen|k3|phi0|q6|s0,4430,done,completed,0,,4360,64,0.010521296993885473,93.92361826441562
grid_bias|uniform_lattice|cross|a60|queen|k3|phi0|q6|s0.1,4430,done,completed,0,,4360,64,0.010521296993885473,93.92361826441562
grid_bias|uniform_lattice|cross|a60|queen|k3|phi0|q12|s0,4430,done,completed,0,,4360,64,0.010521296993885473,93.92361826441562
grid_bias|uniform_lattice|cross|a60|queen|k3|phi0|q12|s0.1,4430,done,completed,0,,4360,64,0.010521296993885473,93.92361826441562
grid_bias|uniform_lattice|cross|a60|queen|k3|phi0|q18|s0,4430,done,completed,0,,4360,64,0.010521296993885473,93.92361826441562
grid_bias|uniform_lattice|cross|a60|queen|k3|phi0|q18|s0.1,4430,done,completed,0,,4360,64,0.010521296993885473,93.92361826441562
grid_bias|uniform_lattice|cross|a90|rook|k3|phi0.5|q6|s0,4430,done,completed,0,,4360,64,0.010521296993885473,93.92361826441562
grid_bias|uniform_lattice|cross|a90|rook|k3|phi0.5|q6|s0.1,4430,done,completed,0,,4360,64,0.010521296993885473,93.92361826441562
grid_bias|uniform_lattice|cross|a90|rook|k3|phi0.5|q12|s0,4430,done,completed,0,,4360,64,0.010521296993885473,93.92361826441562
grid_bias|uniform_lattice|cross|a90|rook|k3|phi0.5|q12|s0.1,4430,done,completed,0,,4360,64,0.010521296993885473,93.92361826441562
grid_bias|uniform_lattice|cross|a90|rook|k3|phi0.5|q18|s0,4430,done,completed,0,,4360,64,0.010521296993885473,93.92361826441562
grid_bias|uniform_lattice|cross|a90|rook|k3|phi0.5|q18|s0.1,4430,done,completed,0,,4360,64,0.010521296993885473,93.92361826441562
grid_bias|uniform_lattice|cross|a90|queen|k3|phi0.5|q6|s0,4430,done,completed,0,,4360,64,0.010521296993885473,93.92361826441562
grid_bias|uniform_lattice|cross|a90|queen|k3|phi0.5|q6|s0.1,4430,done,completed,0,,4360,64,0.010521296993885473,93.92361826441562
grid_bias|uniform_lattice|cross|a90|queen|k3|phi0.5|q12|s0,4430,done,completed,0,,4360,64,0.010521296993885473,93.92361826441562
grid_bias|uniform_lattice|cross|a90|queen|k3|phi0.5|q12|s0.1,4430,done,completed,0,,4360,64,0.010521296993885473,93.92361826441562
grid_bias|uniform_lattice|cross|a90|queen|k3|phi0.5|q18|s0,4430,done,completed,0,,4360,64,0.010521296993885473,93.92361826441562
grid_bias|uniform_lattice|cross|a90|queen|k3|phi0.5|q18|s0.1,4430,done,completed,0,,4360,64,0.010521296993885473,93.92361826441562
grid_bias|uniform_lattice|cross|a60|rook|k3|phi0.5|q6|s0,4430,done,completed,0,,4360,64,0.010521296993885473,93.92361826441562
grid_bias|uniform_lattice|cross|a60|rook|k3|phi0.5|q6|s0.1,4430,done,completed,0,,4360,64,0.010521296993885473,93.92361826441562
grid_bias|uniform_lattice|cross|a60|rook|k3|phi0.5|q12|s0,4430,done,completed,0,,4360,64,0.010521296993885473,93.92361826441562
grid_bias|uniform_lattice|cross|a60|rook|k3|phi0.5|q12|s0.1,4430,done,completed,0,,4360,64,0.010521296993885473,93.92361826441562
grid_bias|uniform_lattice|cross|a60|rook|k3|phi0.5|q18|s0,4430,done,completed,0,,4360,64,0.010521296993885473,93.92361826441562
grid_bias|uniform_lattice|cross|a60|rook|k3|phi0.5|q18|s0.1,4430,done,completed,0,,4360,64,0.010521296993885473,93.92361826441562
grid_bias|uniform_lattice|cross|a60|queen|k3|phi0.5|q6|s0,4430,done,completed,0,,4360,64,0.010521296993885473,93.92361826441562
grid_bias|uniform_lattice|cross|a60|queen|k3|phi0.5|q6|s0.1,4430,done,completed,0,,4360,64,0.010521296993885473,93.92361826441562
grid_bias|uniform_lattice|cross|a60|queen|k3|phi0.5|q12|s0,4430,done,completed,0,,4360,64,0.010521296993885473,93.92361826441562
grid_bias|uniform_lattice|cross|a60|queen|k3|phi0.5|q12|s0.1,4430,done,completed,0,,4360,64,0.010521296993885473,93.92361826441562
grid_bias|uniform_lattice|cross|a60|queen|k3|phi0.5|q18|s0,4430,done,completed,0,,4360,64,0.010521296993885473,93.92361826441562
grid_bias|uniform_lattice|cross|a60|queen|k3|phi0.5|q18|s0.1,4430,done,completed,0,,4360,64,0.010521296993885473,93.92361826441562
grid_bias|uniform_lattice|cross|a90|rook|k4|phi0|q6|s0,4430,done,completed,0,,4360,64,0.010521296993885473,93.92361826441562
grid_bias|uniform_lattice|cross|a90|rook|k4|phi0|q6|s0.1,4430,done,completed,0,,4360,64,0.010521296993885473,93.92361826441562
grid_bias|uniform_lattice|cross|a90|rook|k4|phi0|q12|s0,4430,done,completed,0,,4360,64,0.010521296993885473,93.92361826441562
grid_bias|uniform_lattice|cross|a90|rook|k4|phi0|q12|s0.1,4430,done,completed,0,,4360,64,0.010521296993885473,93.92361826441562
grid_bias|uniform_lattice|cross|a90|rook|k4|phi0|q18|s0,4430,done,completed,0,,4360,64,0.010521296993885473,93.92361826441562
grid_bias|uniform_lattice|cross|a90|rook|k4|phi0|q18|s0.1,4430,done,completed,0,,4360,64,0.010521296993885473,93.92361826441562
grid_bias|uniform_lattice|cross|a90|queen|k4|phi0|q6|s0,4430,done,completed,0,,4360,64,0.010521296993885473,93.92361826441562
grid_bias|uniform_lattice|cross|a90|queen|k4|phi0|q6|s0.1,4430,done,completed,0,,4360,64,0.010521296993885473,93.92361826441562
grid_bias|uniform_lattice|cross|a90|queen|k4|phi0|q12|s0,4430,done,completed,0,,4360,64,0.010521296993885473,93.92361826441562
grid_bias|uniform_lattice|cross|a90|queen|k4|phi0|q12|s0.1,4430,done,completed,0,,4360,64,0.010521296993885473,93.92361826441562
grid_bias|uniform_lattice|cross|a90|queen|k4|phi0|q18|s0,4430,done,completed,0,,4360,64,0.010521296993885473,93.92361826441562
grid_bias|uniform_lattice|cross|a90|queen|k4|phi0|q18|s0.1,4430,done,completed,0,,4360,64,0.010521296993885473,93.92361826441562
grid_bias|uniform_lattice|cross|a60|rook|k4|phi0|q6|s0,4430,done,completed,0,,4360,64,0.010521296993885473,93.92361826441562
grid_bias|uniform_lattice|cross|a60|rook|k4|phi0|q6|s0.1,4430,done,completed,0,,4360,64,0.010521296993885473,93.92361826441562
grid_bias|uniform_lattice|cross|a60|rook|k4|phi0|q12|s0,4430,done,completed,0,,4360,64,0.010521296993885473,93.92361826441562
grid_bias|uniform_lattice|cross|a60|rook|k4|phi0|q12|s0.1,4430,done,completed,0,,4360,64,0.010521296993885473,93.92361826441562
grid_bias|uniform_lattice|cross|a60|rook|k4|phi0|q18|s0,4430,done,completed,0,,4360,64,0.010521296993885473,93.92361826441562
grid_bias|uniform_lattice|cross|a60|rook|k4|phi0|q18|s0.1,4430,done,completed,0,,4360,64,0.010521296993885473,93.92361826441562
grid_bias|uniform_lattice|cross|a60|queen|k4|phi0|q6|s0,4430,done,completed,0,,4360,64,0.010521296993885473,93.92361826441562
grid_bias|uniform_lattice|cross|a60|queen|k4|phi0|q6|s0.1,4430,done,completed,0,,4360,64,0.010521296993885473,93.92361826441562
grid_bias|uniform_lattice|cross|a60|queen|k4|phi0|q12|s0,4430,done,completed,0,,4360,64,0.010521296993885473,93.92361826441562
grid_bias|uniform_lattice|cross|a60|queen|k4|phi0|q12|s0.1,4430,done,completed,0,,4360,64,0.010521296993885473,93.92361826441562
grid_bias|uniform_lattice|cross|a60|queen|k4|phi0|q18|s0,4430,done,completed,0,,4360,64,0.010521296993885473,93.92361826441562
grid_bias|uniform_lattice|cross|a60|queen|k4|phi0|q18|s0.1,4430,done,completed,0,,4360,64,0.010521296993885473,93.92361826441562
grid_bias|uniform_lattice|cross|a90|rook|k4|phi0.5|q6|s0,4430,done,completed,0,,4360,64,0.010521296993885473,93.92361826441562
grid_bias|uniform_lattice|cross|a90|rook|k4|phi0.5|q6|s0.1,4430,done,completed,0,,4360,64,0.010521296993885473,93.92361826441562
grid_bias|uniform_lattice|cross|a90|rook|k4|phi0.5|q12|s0,4430,done,completed,0,,4360,64,0.010521296993885473,93.92361826441562
grid_bias|uniform_lattice|cross|a90|rook|k4|phi0.5|q12|s0.1,4430,done,completed,0,,4360,64,0.010521296993885473,93.92361826441562
grid_bias|uniform_lattice|cross|a90|rook|k4|phi0.5|q18|s0,4430,done,completed,0,,4360,64,0.010521296993885473,93.92361826441562
grid_bias|uniform_lattice|cross|a90|rook|k4|phi0.5|q18|s0.1,4430,done,completed,0,,4360,64,0.010521296993885473,93.92361826441562
grid_bias|uniform_lattice|cross|a90|queen|k4|phi0.5|q6|s0,4430,done,completed,0,,4360,64,0.010521296993885473,93.92361826441562
grid_bias|uniform_lattice|cross|a90|queen|k4|phi0.5|q6|s0.1,4430,done,completed,0,,4360,64,0.010521296993885473,93.92361826441562
grid_bias|uniform_lattice|cross|a90|queen|k4|phi0.5|q12|s0,4430,done,completed,0,,4360,64,0.010521296993885473,93.92361826441562
grid_bias|uniform_lattice|cross|a90|queen|k4|phi0.5|q12|s0.1,4430,done,completed,0,,4360,64,0.010521296993885473,93.92361826441562
grid_bias|uniform_lattice|cross|a90|queen|k4|phi0.5|q18|s0,4430,done,completed,0,,4360,64,0.010521296993885473,93.92361826441562
grid_bias|uniform_lattice|cross|a90|queen|k4|phi0.5|q18|s0.1,4430,done,completed,0,,4360,64,0.010521296993885473,93.92361826441562
grid_bias|uniform_lattice|cross|a60|rook|k4|phi0.5|q6|s0,4430,done,completed,0,,4360,64,0.010521296993885473,93.92361826441562
grid_bias|uniform_lattice|cross|a60|rook|k4|phi0.5|q6|s0.1,4430,done,completed,0,,4360,64,0.010521296993885473,93.92361826441562
grid_bias|uniform_lattice|cross|a60|rook|k4|phi0.5|q12|s0,4430,done,completed,0,,4360,64,0.010521296993885473,93.92361826441562
grid_bias|uniform_lattice|cross|a60|rook|k4|phi0.5|q12|s0.1,4430,done,completed,0,,4360,64,0.010521296993885473,93.92361826441562
grid_bias|uniform_lattice|cross|a60|rook|k4|phi0.5|q18|s0,4430,done,completed,0,,4360,64,0.010521296993885473,93.92361826441562
grid_bias|uniform_lattice|cross|a60|rook|k4|phi0.5|q18|s0.1,4430,done,completed,0,,4360,64,0.010521296993885473,93.92361826441562
grid_bias|uniform_lattice|cross|a60|queen|k4|phi0.5|q6|s0,4430,done,completed,0,,4360,64,0.010521296993885473,93.92361826441562
grid_bias|uniform_lattice|cross|a60|queen|k4|phi0.5|q6|s0.1,4430,done,completed,0,,4360,64,0.010521296993885473,93.92361826441562
grid_bias|uniform_lattice|cross|a60|queen|k4|phi0.5|q12|s0,4430,done,completed,0,,4360,64,0.010521296993885473,93.92361826441562
grid_bias|uniform_lattice|cross|a60|queen|k4|phi0.5|q12|s0.1,4430,done,completed,0,,4360,64,0.010521296993885473,93.92361826441562
grid_bias|uniform_lattice|cross|a60|queen|k4|phi0.5|q18|s0,4430,done,completed,0,,4360,64,0.010521296993885473,93.92361826441562
grid_bias|uniform_lattice|cross|a60|queen|k4|phi0.5|q18|s0.1,4430,done,completed,0,,4360,64,0.010521296993885473,93.92361826441562
grid_bias|uniform_lattice|grid|a90|rook|k3|phi0|q6|s0,4430,done,completed,0,,4360,64,0.010521296993885473,93.92361826441562
grid_bias|uniform_lattice|grid|a90|rook|k3|phi0|q6|s0.1,4430,done,completed,0,,4360,64,0.010521296993885473,93.92361826441562
grid_bias|uniform_lattice|grid|a90|rook|k3|phi0|q12|s0,4430,done,completed,0,,4360,64,0.010521296993885473,93.92361826441562
grid_bias|uniform_lattice|grid|a90|rook|k3|phi0|q12|s0.1,4430,done,completed,0,,4360,64,0.010521296993885473,93.92361826441562
grid_bias|uniform_lattice|grid|a90|rook|k3|phi0|q18|s0,4430,done,completed,0,,4360,64,0.010521296993885473,93.92361826441562
grid_bias|uniform_lattice|grid|a90|rook|k3|phi0|q18|s0.1,4430,done,completed,0,,4360,64,0.010521296993885473,93.92361826441562
grid_bias|uniform_lattice|grid|a90|queen|k3|phi0|q6|s0,4430,done,completed,0,,4360,64,0.010521296993885473,93.92361826441562
grid_bias|uniform_lattice|grid|a90|queen|k3|phi0|q6|s0.1,4430,done,completed,0,,4360,64,0.010521296993885473,93.92361826441562
grid_bias|uniform_lattice|grid|a90|queen|k3|phi0|q12|s0,4430,done,completed,0,,4360,64,0.010521296993885473,93.92361826441562
grid_bias|uniform_lattice|grid|a90|queen|k3|phi0|q12|s0.1,4430,done,completed,0,,4360,64,0.010521296993885473,93.92361826441562
grid_bias|uniform_lattice|grid|a90|queen|k3|phi0|q18|s0,4430,done,completed,0,,4360,64,0.010521296993885473,93.92361826441562
grid_bias|uniform_lattice|grid|a90|queen|k3|phi0|q18|s0.1,4430,done,completed,0,,4360,64,0.010521296993885473,93.92361826441562
grid_bias|uniform_lattice|grid|a60|rook|k3|phi0|q6|s0,4430,done,completed,0,,4360,64,0.010521296993885473,93.92361826441562
grid_bias|uniform_lattice|grid|a60|rook|k3|phi0|q6|s0.1,4430,done,completed,0,,4360,64,0.010521296993885473,93.92361826441562
grid_bias|uniform_lattice|grid|a60|rook|k3|phi0|q12|s0,4430,done,completed,0,,4360,64,0.010521296993885473,93.92361826441562
grid_bias|uniform_lattice|grid|a60|rook|k3|phi0|q12|s0.1,4430,done,completed,0,,4360,64,0.010521296993885473,93.92361826441562
grid_bias|uniform_lattice|grid|a60|rook|k3|phi0|q18|s0,4430,done,completed,0,,4360,64,0.010521296993885473,93.92361826441562
grid_bias|uniform_lattice|grid|a60|rook|k3|phi0|q18|s0.1,4430,done,completed,0,,4360,64,0.010521296993885473,93.92361826441562
grid_bias|uniform_lattice|grid|a60|queen|k3|phi0|q6|s0,4430,done,completed,0,,4360,64,0.010521296993885473,93.92361826441562
grid_bias|uniform_lattice|grid|a60|queen|k3|phi0|q6|s0.1,4430,done,completed,0,,4360,64,0.010521296993885473,93.92361826441562
grid_bias|uniform_lattice|grid|a60|queen|k3|phi0|q12|s0,4430,done,completed,0,,4360,64,0.010521296993885473,93.92361826441562
grid_bias|uniform_lattice|grid|a60|queen|k3|phi0|q12|s0.1,4430,done,completed,0,,4360,64,0.010521296993885473,93.92361826441562
grid_bias|uniform_lattice|grid|a60|queen|k3|phi0|q18|s0,4430,done,completed,0,,4360,64,0.010521296993885473,93.92361826441562
grid_bias|uniform_lattice|grid|a60|queen|k3|phi0|q18|s0.1,4430,done,completed,0,,4360,64,0.010521296993885473,93.92361826441562
grid_bias|uniform_lattice|grid|a90|rook|k3|phi0.5|q6|s0,4430,done,completed,0,,4360,64,0.010521296993885473,93.92361826441562
grid_bias|uniform_lattice|grid|a90|rook|k3|phi0.5|q6|s0.1,4430,done,completed,0,,4360,64,0.010521296993885473,93.92361826441562
grid_bias|uniform_lattice|grid|a90|rook|k3|phi0.5|q12|s0,4430,done,completed,0,,4360,64,0.010521296993885473,93.92361826441562
grid_bias|uniform_lattice|grid|a90|rook|k3|phi0.5|q12|s0.1,4430,done,completed,0,,4360,64,0.010521296993885473,93.92361826441562
grid_bias|uniform_lattice|grid|a90|rook|k3|phi0.5|q18|s0,4430,done,completed,0,,4360,64,0.010521296993885473,93.92361826441562
grid_bias|uniform_lattice|grid|a90|rook|k3|phi0.5|q18|s0.1,4430,done,completed,0,,4360,64,0.010521296993885473,93.92361826441562
grid_bias|uniform_lattice|grid|a90|queen|k3|phi0.5|q6|s0,4430,done,completed,0,,4360,64,0.010521296993885473,93.92361826441562
grid_bias|uniform_lattice|grid|a90|queen|k3|phi0.5|q6|s0.1,4430,done,completed,0,,4360,64,0.010521296993885473,93.92361826441562
grid_bias|uniform_lattice|grid|a90|queen|k3|phi0.5|q12|s0,4430,done,completed,0,,4360,64,0.010521296993885473,93.92361826441562
grid_bias|uniform_lattice|grid|a90|queen|k3|phi0.5|q12|s0.1,4430,done,completed,0,,4360,64,0.010521296993885473,93.92361826441562
grid_bias|uniform_lattice|grid|a90|queen|k3|phi0.5|q18|s0,4430,done,completed,0,,4360,64,0.010521296993885473,93.92361826441562
grid_bias|uniform_lattice|grid|a90|queen|k3|phi0.5|q18|s0.1,4430,done,completed,0,,4360,64,0.010521296993885473,93.92361826441562
grid_bias|uniform_lattice|grid|a60|rook|k3|phi0.5|q6|s0,4430,done,completed,0,,4360,64,0.010521296993885473,93.92361826441562
grid_bias|uniform_lattice|grid|a60|rook|k3|phi0.5|q6|s0.1,4430,done,completed,0,,4360,64,0.010521296993885473,93.92361826441562
grid_bias|uniform_lattice|grid|a60|rook|k3|phi0.5|q12|s0,4430,done,completed,0,,4360,64,0.010521296993885473,93.92361826441562
grid_bias|uniform_lattice|grid|a60|rook|k3|phi0.5|q12|s0.1,4430,done,completed,0,,4360,64,0.010521296993885473,93.92361826441562
grid_bias|uniform_lattice|grid|a60|rook|k3|phi0.5|q18|s0,4430,done,completed,0,,4360,64,0.010521296993885473,93.92361826441562
grid_bias|uniform_lattice|grid|a60|rook|k3|phi0.5|q18|s0.1,4430,done,completed,0,,4360,64,0.010521296993885473,93.92361826441562
grid_bias|uniform_lattice|grid|a60|queen|k3|phi0.5|q6|s0,4430,done,completed,0,,4360,64,0.010521296993885473,93.92361826441562
grid_bias|uniform_lattice|grid|a60|queen|k3|phi0.5|q6|s0.1,4430,done,completed,0,,4360,64,0.010521296993885473,93.92361826441562
grid_bias|uniform_lattice|grid|a60|queen|k3|phi0.5|q12|s0,4430,done,completed,0,,4360,64,0.010521296993885473,93.92361826441562
grid_bias|uniform_lattice|grid|a60|queen|k3|phi0.5|q12|s0.1,4430,done,completed,0,,4360,64,0.010521296993885473,93.92361826441562
grid_bias|uniform_lattice|grid|a60|queen|k3|phi0.5|q18|s0,4430,done,completed,0,,4360,64,0.010521296993885473,93.92361826441562
grid_bias|uniform_lattice|grid|a60|queen|k3|phi0.5|q18|s0.1,4430,done,completed,0,,4360,64,0.010521296993885473,93.92361826441562
grid_bias|uniform_lattice|grid|a90|rook|k4|phi0|q6|s0,4430,done,completed,0,,4360,64,0.010521296993885473,93.92361826441562
grid_bias|uniform_lattice|grid|a90|rook|k4|phi0|q6|s0.1,4430,done,completed,0,,4360,64,0.010521296993885473,93.92361826441562
grid_bias|uniform_lattice|grid|a90|rook|k4|phi0|q12|s0,4430,done,completed,0,,4360,64,0.010521296993885473,93.92361826441562
grid_bias|uniform_lattice|grid|a90|rook|k4|phi0|q12|s0.1,4430,done,completed,0,,4360,64,0.010521296993885473,93.92361826441562
grid_bias|uniform_lattice|grid|a90|rook|k4|phi0|q18|s0,4430,done,completed,0,,4360,64,0.010521296993885473,93.92361826441562
grid_bias|uniform_lattice|grid|a90|rook|k4|phi0|q18|s0.1,4430,done,completed,0,,4360,64,0.010521296993885473,93.92361826441562
grid_bias|uniform_lattice|grid|a90|queen|k4|phi0|q6|s0,4430,done,completed,0,,4360,64,0.010521296993885473,93.92361826441562
grid_bias|uniform_lattice|grid|a90|queen|k4|phi0|q6|s0.1,4430,done,completed,0,,4360,64,0.010521296993885473,93.92361826441562
grid_bias|uniform_lattice|grid|a90|queen|k4|phi0|q12|s0,4430,done,completed,0,,4360,64,0.010521296993885473,93.92361826441562
grid_bias|uniform_lattice|grid|a90|queen|k4|phi0|q12|s0.1,4430,done,completed,0,,4360,64,0.010521296993885473,93.92361826441562
grid_bias|uniform_lattice|grid|a90|queen|k4|phi0|q18|s0,4430,done,completed,0,,4360,64,0.010521296993885473,93.92361826441562
grid_bias|uniform_lattice|grid|a90|queen|k4|phi0|q18|s0.1,4430,done,completed,0,,4360,64,0.010521296993885473,93.92361826441562
grid_bias|uniform_lattice|grid|a60|rook|k4|phi0|q6|s0,4430,done,completed,0,,4360,64,0.010521296993885473,93.92361826441562
grid_bias|uniform_lattice|grid|a60|rook|k4|phi0|q6|s0.1,4430,done,completed,0,,4360,64,0.010521296993885473,93.92361826441562
grid_bias|uniform_lattice|grid|a60|rook|k4|phi0|q12|s0,4430,done,completed,0,,4360,64,0.010521296993885473,93.92361826441562
grid_bias|uniform_lattice|grid|a60|rook|k4|phi0|q12|s0.1,4430,done,completed,0,,4360,64,0.010521296993885473,93.92361826441562
grid_bias|uniform_lattice|grid|a60|rook|k4|phi0|q18|s0,4430,done,completed,0,,4360,64,0.010521296993885473,93.92361826441562
grid_bias|uniform_lattice|grid|a60|rook|k4|phi0|q18|s0.1,4430,done,completed,0,,4360,64,0.010521296993885473,93.92361826441562
grid_bias|uniform_lattice|grid|a60|queen|k4|phi0|q6|s0,4430,done,completed,0,,4360,64,0.010521296993885473,93.92361826441562
grid_bias|uniform_lattice|grid|a60|queen|k4|phi0|q6|s0.1,4430,done,completed,0,,4360,64,0.010521296993885473,93.92361826441562
grid_bias|uniform_lattice|grid|a60|queen|k4|phi0|q12|s0,4430,done,completed,0,,4360,64,0.010521296993885473,93.92361826441562
grid_bias|uniform_lattice|grid|a60|queen|k4|phi0|q12|s0.1,4430,done,completed,0,,4360,64,0.010521296993885473,93.92361826441562
grid_bias|uniform_lattice|grid|a60|queen|k4|phi0|q18|s0,4430,done,completed,0,,4360,64,0.010521296993885473,93.92361826441562
grid_bias|uniform_lattice|grid|a60|queen|k4|phi0|q18|s0.1,4430,done,completed,0,,4360,64,0.010521296993885473,93.92361826441562
grid_bias|uniform_lattice|grid|a90|rook|k4|phi0.5|q6|s0,4430,done,completed,0,,4360,64,0.010521296993885473,93.92361826441562
grid_bias|uniform_lattice|grid|a90|rook|k4|phi0.5|q6|s0.1,4430,done,completed,0,,4360,64,0.010521296993885473,93.92361826441562
grid_bias|uniform_lattice|grid|a90|rook|k4|phi0.5|q12|s0,4430,done,completed,0,,4360,64,0.010521296993885473,93.92361826441562
grid_bias|uniform_lattice|grid|a90|rook|k4|phi0.5|q12|s0.1,4430,done,completed,0,,4360,64,0.010521296993885473,93.92361826441562
grid_bias|uniform_lattice|grid|a90|rook|k4|phi0.5|q18|s0,4430,done,completed,0,,4360,64,0.010521296993885473,93.92361826441562
grid_bias|uniform_lattice|grid|a90|rook|k4|phi0.5|q18|s0.1,4430,done,completed,0,,4360,64,0.010521296993885473,93.92361826441562
grid_bias|uniform_lattice|grid|a90|queen|k4|phi0.5|q6|s0,4430,done,completed,0,,4360,64,0.010521296993885473,93.92361826441562
grid_bias|uniform_lattice|grid|a90|queen|k4|phi0.5|q6|s0.1,4430,done,completed,0,,4360,64,0.010521296993885473,93.92361826441562
grid_bias|uniform_lattice|grid|a90|queen|k4|phi0.5|q12|s0,4430,done,completed,0,,4360,64,0.010521296993885473,93.92361826441562
grid_bias|uniform_lattice|grid|a90|queen|k4|phi0.5|q12|s0.1,4430,done,completed,0,,4360,64,0.010521296993885473,93.92361826441562
grid_bias|uniform_lattice|grid|a90|queen|k4|phi0.5|q18|s0,4430,done,completed,0,,4360,64,0.010521296993885473,93.92361826441562
grid_bias|uniform_lattice|grid|a90|queen|k4|phi0.5|q18|s0.1,4430,done,completed,0,,4360,64,0.010521296993885473,93.92361826441562
grid_bias|uniform_lattice|grid|a60|rook|k4|phi0.5|q6|s0,4430,done,completed,0,,4360,64,0.010521296993885473,93.92361826441562
grid_bias|uniform_lattice|grid|a60|rook|k4|phi0.5|q6|s0.1,4430,done,completed,0,,4360,64,0.010521296993885473,93.92361826441562
grid_bias|uniform_lattice|grid|a60|rook|k4|phi0.5|q12|s0,4430,done,completed,0,,4360,64,0.010521296993885473,93.92361826441562
grid_bias|uniform_lattice|grid|a60|rook|k4|phi0.5|q12|s0.1,4430,done,completed,0,,4360,64,0.010521296993885473,93.92361826441562
grid_bias|uniform_lattice|grid|a60|rook|k4|phi0.5|q18|s0,4430,done,completed,0,,4360,64,0.010521296993885473,93.92361826441562
grid_bias|uniform_lattice|grid|a60|rook|k4|phi0.5|q18|s0.1,4430,done,completed,0,,4360,64,0.010521296993885473,93.92361826441562
grid_bias|uniform_lattice|grid|a60|queen|k4|phi0.5|q6|s0,4430,done,completed,0,,4360,64,0.010521296993885473,93.92361826441562
grid_bias|uniform_lattice|grid|a60|queen|k4|phi0.5|q6|s0.1,4430,done,completed,0,,4360,64,0.010521296993885473,93.92361826441562
grid_bias|uniform_lattice|grid|a60|queen|k4|phi0.5|q12|s0,4430,done,completed,0,,4360,64,0.010521296993885473,93.92361826441562
grid_bias|uniform_lattice|grid|a60|queen|k4|phi0.5|q12|s0.1,4430,done,completed,0,,4360,64,0.010521296993885473,93.92361826441562
grid_bias|uniform_lattice|grid|a60|queen|k4|phi0.5|q18|s0,4430,done,completed,0,,4360,64,0.010521296993885473,93.92361826441562
grid_bias|uniform_lattice|grid|a60|queen|k4|phi0.5|q18|s0.1,4430,done,completed,0,,4360,64,0.010521296993885473,93.92361826441562
grid_bias|network|complete|a90|rook|k3|phi0|q6|s0,4430,done,completed,0,,4360,64,0.010521296993885473,93.92361826441562
grid_bias|network|complete|a90|rook|k3|phi0|q6|s0.1,4430,done,completed,0,,4360,64,0.010521296993885473,93.92361826441562
grid_bias|network|complete|a90|rook|k3|phi0|q12|s0,4430,done,completed,0,,4360,64,0.010521296993885473,93.92361826441562
grid_bias|network|complete|a90|rook|k3|phi0|q12|s0.1,4430,done,completed,0,,4360,64,0.010521296993885473,93.92361826441562
grid_bias|network|complete|a90|rook|k3|phi0|q18|s0,4430,done,completed,0,,4360,64,0.010521296993885473,93.92361826441562
grid_bias|network|complete|a90|rook|k3|phi0|q18|s0.1,4430,done,completed,0,,4360,64,0.010521296993885473,93.92361826441562
grid_bias|network|complete|a90|queen|k3|phi0|q6|s0,4430,done,completed,0,,4360,64,0.010521296993885473,93.92361826441562
grid_bias|network|complete|a90|queen|k3|phi0|q6|s0.1,4430,done,completed,0,,4360,64,0.010521296993885473,93.92361826441562
grid_bias|network|complete|a90|queen|k3|phi0|q12|s0,4430,done,completed,0,,4360,64,0.010521296993885473,93.92361826441562
grid_bias|network|complete|a90|queen|k3|phi0|q12|s0.1,4430,done,completed,0,,4360,64,0.010521296993885473,93.92361826441562
grid_bias|network|complete|a90|queen|k3|phi0|q18|s0,4430,done,completed,0,,4360,64,0.010521296993885473,93.92361826441562
grid_bias|network|complete|a90|queen|k3|phi0|q18|s0.1,4430,done,completed,0,,4360,64,0.010521296993885473,93.92361826441562
grid_bias|network|complete|a60|rook|k3|phi0|q6|s0,4430,done,completed,0,,4360,64,0.010521296993885473,93.92361826441562
grid_bias|network|complete|a60|rook|k3|phi0|q6|s0.1,4430,done,completed,0,,4360,64,0.010521296993885473,93.92361826441562
grid_bias|network|complete|a60|rook|k3|phi0|q12|s0,4430,done,completed,0,,4360,64,0.010521296993885473,93.92361826441562
grid_bias|network|complete|a60|rook|k3|phi0|q12|s0.1,4430,done,completed,0,,4360,64,0.010521296993885473,93.92361826441562
grid_bias|network|complete|a60|rook|k3|phi0|q18|s0,4430,done,completed,0,,4360,64,0.010521296993885473,93.92361826441562
grid_bias|network|complete|a60|rook|k3|phi0|q18|s0.1,4430,done,completed,0,,4360,64,0.010521296993885473,93.92361826441562
grid_bias|network|complete|a60|queen|k3|phi0|q6|s0,4430,done,completed,0,,4360,64,0.010521296993885473,93.92361826441562
grid_bias|network|complete|a60|queen|k3|phi0|q6|s0.1,4430,done,completed,0,,4360,64,0.010521296993885473,93.92361826441562
grid_bias|network|complete|a60|queen|k3|phi0|q12|s0,4430,done,completed,0,,4360,64,0.010521296993885473,93.92361826441562
grid_bias|network|complete|a60|queen|k3|phi0|q12|s0.1,4430,done,completed,0,,4360,64,0.010521296993885473,93.92361826441562
grid_bias|network|complete|a60|queen|k3|phi0|q18|s0,4430,done,completed,0,,4360,64,0.010521296993885473,93.92361826441562
grid_bias|network|complete|a60|queen|k3|phi0|q18|s0.1,4430,done,completed,0,,4360,64,0.010521296993885473,93.92361826441562
grid_bias|network|complete|a90|rook|k3|phi0.5|q6|s0,4430,done,completed,0,,4360,64,0.010521296993885473,93.92361826441562
grid_bias|network|complete|a90|rook|k3|phi0.5|q6|s0.1,4430,done,completed,0,,4360,64,0.010521296993885473,93.92361826441562
grid_bias|network|complete|a90|rook|k3|phi0.5|q12|s0,4430,done,completed,0,,4360,64,0.010521296993885473,93.92361826441562
grid_bias|network|complete|a90|rook|k3|phi0.5|q12|s0.1,4430,done,completed,0,,4360,64,0.010521296993885473,93.92361826441562
grid_bias|network|complete|a90|rook|k3|phi0.5|q18|s0,4430,done,completed,0,,4360,64,0.010521296993885473,93.92361826441562
grid_bias|network|complete|a90|rook|k3|phi0.5|q18|s0.1,4430,done,completed,0,,4360,64,0.010521296993885473,93.92361826441562
grid_bias|network|complete|a90|queen|k3|phi0.5|q6|s0,4430,done,completed,0,,4360,64,0.010521296993885473,93.92361826441562
grid_bias|network|complete|a90|queen|k3|phi0.5|q6|s0.1,4430,done,completed,0,,4360,64,0.010521296993885473,93.92361826441562
grid_bias|network|complete|a90|queen|k3|phi0.5|q12|s0,4430,done,completed,0,,4360,64,0.010521296993885473,93.92361826441562
grid_bias|network|complete|a90|queen|k3|phi0.5|q12|s0.1,4430,done,completed,0,,4360,64,0.010521296993885473,93.92361826441562
grid_bias|network|complete|a90|queen|k3|phi0.5|q18|s0,4430,done,completed,0,,4360,64,0.010521296993885473,93.92361826441562
grid_bias|network|complete|a90|queen|k3|phi0.5|q18|s0.1,4430,done,completed,0,,4360,64,0.010521296993885473,93.92361826441562
grid_bias|network|complete|a60|rook|k3|phi0.5|q6|s0,4430,done,completed,0,,4360,64,0.010521296993885473,93.92361826441562
grid_bias|network|complete|a60|rook|k3|phi0.5|q6|s0.1,4430,done,completed,0,,4360,64,0.010521296993885473,93.92361826441562
grid_bias|network|complete|a60|rook|k3|phi0.5|q12|s0,4430,done,completed,0,,4360,64,0.010521296993885473,93.92361826441562
grid_bias|network|complete|a60|rook|k3|phi0.5|q12|s0.1,4430,done,completed,0,,4360,64,0.010521296993885473,93.92361826441562
grid_bias|network|complete|a60|rook|k3|phi0.5|q18|s0,4430,done,completed,0,,4360,64,0.010521296993885473,93.92361826441562
grid_bias|network|complete|a60|rook|k3|phi0.5|q18|s0.1,4430,done,completed,0,,4360,64,0.010521296993885473,93.92361826441562
grid_bias|network|complete|a60|queen|k3|phi0.5|q6|s0,4430,done,completed,0,,4360,64,0.010521296993885473,93.92361826441562
grid_bias|network|complete|a60|queen|k3|phi0.5|q6|s0.1,4430,done,completed,0,,4360,64,0.010521296993885473,93.92361826441562
grid_bias|network|complete|a60|queen|k3|phi0.5|q12|s0,4430,done,completed,0,,4360,64,0.010521296993885473,93.92361826441562
grid_bias|network|complete|a60|queen|k3|phi0.5|q12|s0.1,4430,done,completed,0,,4360,64,0.010521296993885473,93.92361826441562
grid_bias|network|complete|a60|queen|k3|phi0.5|q18|s0,4430,done,completed,0,,4360,64,0.010521296993885473,93.92361826441562
grid_bias|network|complete|a60|queen|k3|phi0.5|q18|s0.1,4430,done,completed,0,,4360,64,0.010521296993885473,93.92361826441562
grid_bias|network|complete|a90|rook|k4|phi0|q6|s0,4430,done,completed,0,,4360,64,0.010521296993885473,93.92361826441562
grid_bias|network|complete|a90|rook|k4|phi0|q6|s0.1,4430,done,completed,0,,4360,64,0.010521296993885473,93.92361826441562
grid_bias|network|complete|a90|rook|k4|phi0|q12|s0,4430,done,completed,0,,4360,64,0.010521296993885473,93.92361826441562
grid_bias|network|complete|a90|rook|k4|phi0|q12|s0.1,4430,done,completed,0,,4360,64,0.010521296993885473,93.92361826441562
grid_bias|network|complete|a90|rook|k4|phi0|q18|s0,4430,done,completed,0,,4360,64,0.010521296993885473,93.92361826441562
grid_bias|network|complete|a90|rook|k4|phi0|q18|s0.1,4430,done,completed,0,,4360,64,0.010521296993885473,93.92361826441562
grid_bias|network|complete|a90|queen|k4|phi0|q6|s0,4430,done,completed,0,,4360,64,0.010521296993885473,93.92361826441562
grid_bias|network|complete|a90|queen|k4|phi0|q6|s0.1,4430,done,completed,0,,4360,64,0.010521296993885473,93.92361826441562
grid_bias|network|complete|a90|queen|k4|phi0|q12|s0,4430,done,completed,0,,4360,64,0.010521296993885473,93.92361826441562
grid_bias|network|complete|a90|queen|k4|phi0|q12|s0.1,4430,done,completed,0,,4360,64,0.010521296993885473,93.92361826441562
grid_bias|network|complete|a90|queen|k4|phi0|q18|s0,4430,done,completed,0,,4360,64,0.010521296993885473,93.92361826441562
grid_bias|network|complete|a90|queen|k4|phi0|q18|s0.1,4430,done,completed,0,,4360,64,0.010521296993885473,93.92361826441562
grid_bias|network|complete|a60|rook|k4|phi0|q6|s0,4430,done,completed,0,,4360,64,0.010521296993885473,93.92361826441562
grid_bias|network|complete|a60|rook|k4|phi0|q6|s0.1,4430,done,completed,0,,4360,64,0.010521296993885473,93.92361826441562
grid_bias|network|complete|a60|rook|k4|phi0|q12|s0,4430,done,completed,0,,4360,64,0.010521296993885473,93.92361826441562
grid_bias|network|complete|a60|rook|k4|phi0|q12|s0.1,4430,done,completed,0,,4360,64,0.010521296993885473,93.92361826441562
grid_bias|network|complete|a60|rook|k4|phi0|q18|s0,4430,done,completed,0,,4360,64,0.010521296993885473,93.92361826441562
grid_bias|network|complete|a60|rook|k4|phi0|q18|s0.1,4430,done,completed,0,,4360,64,0.010521296993885473,93.92361826441562
grid_bias|network|complete|a60|queen|k4|phi0|q6|s0,4430,done,completed,0,,4360,64,0.010521296993885473,93.92361826441562
grid_bias|network|complete|a60|queen|k4|phi0|q6|s0.1,4430,done,completed,0,,4360,64,0.010521296993885473,93.92361826441562
grid_bias|network|complete|a60|queen|k4|phi0|q12|s0,4430,done,completed,0,,4360,64,0.010521296993885473,93.92361826441562
grid_bias|network|complete|a60|queen|k4|phi0|q12|s0.1,4430,done,completed,0,,4360,64,0.010521296993885473,93.92361826441562
grid_bias|network|complete|a60|queen|k4|phi0|q18|s0,4430,done,completed,0,,4360,64,0.010521296993885473,93.92361826441562
grid_bias|network|complete|a60|queen|k4|phi0|q18|s0.1,4430,done,completed,0,,4360,64,0.010521296993885473,93.92361826441562
grid_bias|network|complete|a90|rook|k4|phi0.5|q6|s0,4430,done,completed,0,,4360,64,0.010521296993885473,93.92361826441562
grid_bias|network|complete|a90|rook|k4|phi0.5|q6|s0.1,4430,done,completed,0,,4360,64,0.010521296993885473,93.92361826441562
grid_bias|network|complete|a90|rook|k4|phi0.5|q12|s0,4430,done,completed,0,,4360,64,0.010521296993885473,93.92361826441562
grid_bias|network|complete|a90|rook|k4|phi0.5|q12|s0.1,4430,done,completed,0,,4360,64,0.010521296993885473,93.92361826441562
grid_bias|network|complete|a90|rook|k4|phi0.5|q18|s0,4430,done,completed,0,,4360,64,0.010521296993885473,93.92361826441562
grid_bias|network|complete|a90|rook|k4|phi0.5|q18|s0.1,4430,done,completed,0,,4360,64,0.010521296993885473,93.92361826441562
grid_bias|network|complete|a90|queen|k4|phi0.5|q6|s0,4430,done,completed,0,,4360,64,0.010521296993885473,93.92361826441562
grid_bias|network|complete|a90|queen|k4|phi0.5|q6|s0.1,4430,done,completed,0,,4360,64,0.010521296993885473,93.92361826441562
grid_bias|network|complete|a90|queen|k4|phi0.5|q12|s0,4430,done,completed,0,,4360,64,0.010521296993885473,93.92361826441562
grid_bias|network|complete|a90|queen|k4|phi0.5|q12|s0.1,4430,done,completed,0,,4360,64,0.010521296993885473,93.92361826441562
grid_bias|network|complete|a90|queen|k4|phi0.5|q18|s0,4430,done,completed,0,,4360,64,0.010521296993885473,93.92361826441562
grid_bias|network|complete|a90|queen|k4|phi0.5|q18|s0.1,4430,done,completed,0,,4360,64,0.010521296993885473,93.92361826441562
grid_bias|network|complete|a60|rook|k4|phi0.5|q6|s0,4430,done,completed,0,,4360,64,0.010521296993885473,93.92361826441562
grid_bias|network|complete|a60|rook|k4|phi0.5|q6|s0.1,4430,done,completed,0,,4360,64,0.010521296993885473,93.92361826441562
grid_bias|network|complete|a60|rook|k4|phi0.5|q12|s0,4430,done,completed,0,,4360,64,0.010521296993885473,93.92361826441562
grid_bias|network|complete|a60|rook|k4|phi0.5|q12|s0.1,4430,done,completed,0,,4360,64,0.010521296993885473,93.92361826441562
grid_bias|network|complete|a60|rook|k4|phi0.5|q18|s0,4430,done,completed,0,,4360,64,0.010521296993885473,93.92361826441562
grid_bias|network|complete|a60|rook|k4|phi0.5|q18|s0.1,4430,done,completed,0,,4360,64,0.010521296993885473,93.92361826441562
grid_bias|network|complete|a60|queen|k4|phi0.5|q6|s0,4430,done,completed,0,,4360,64,0.010521296993885473,93.92361826441562
grid_bias|network|complete|a60|queen|k4|phi0.5|q6|s0.1,4430,done,completed,0,,4360,64,0.010521296993885473,93.92361826441562
grid_bias|network|complete|a60|queen|k4|phi0.5|q12|s0,4430,done,completed,0,,4360,64,0.010521296993885473,93.92361826441562
grid_bias|network|complete|a60|queen|k4|phi0.5|q12|s0.1,4430,done,completed,0,,4360,64,0.010521296993885473,93.92361826441562
grid_bias|network|complete|a60|queen|k4|phi0.5|q18|s0,4430,done,completed,0,,4360,64,0.010521296993885473,93.92361826441562
grid_bias|network|complete|a60|queen|k4|phi0.5|q18|s0.1,4430,done,completed,0,,4360,64,0.010521296993885473,93.92361826441562
grid_bias|network|ring|a90|rook|k3|phi0|q6|s0,4430,done,completed,0,,4360,64,0.010521296993885473,93.92361826441562
grid_bias|network|ring|a90|rook|k3|phi0|q6|s0.1,4430,done,completed,0,,4360,64,0.010521296993885473,93.92361826441562
grid_bias|network|ring|a90|rook|k3|phi0|q12|s0,4430,done,completed,0,,4360,64,0.010521296993885473,93.92361826441562
grid_bias|network|ring|a90|rook|k3|phi0|q12|s0.1,4430,done,completed,0,,4360,64,0.010521296993885473,93.92361826441562
grid_bias|network|ring|a90|rook|k3|phi0|q18|s0,4430,done,completed,0,,4360,64,0.010521296993885473,93.92361826441562
grid_bias|network|ring|a90|rook|k3|phi0|q18|s0.1,4430,done,completed,0,,4360,64,0.010521296993885473,93.92361826441562
grid_bias|network|ring|a90|queen|k3|phi0|q6|s0,4430,done,completed,0,,4360,64,0.010521296993885473,93.92361826441562
grid_bias|network|ring|a90|queen|k3|phi0|q6|s0.1,4430,done,completed,0,,4360,64,0.010521296993885473,93.92361826441562
grid_bias|network|ring|a90|queen|k3|phi0|q12|s0,4430,done,completed,0,,4360,64,0.010521296993885473,93.92361826441562
grid_bias|network|ring|a90|queen|k3|phi0|q12|s0.1,4430,done,completed,0,,4360,64,0.010521296993885473,93.92361826441562
grid_bias|network|ring|a90|queen|k3|phi0|q18|s0,4430,done,completed,0,,4360,64,0.010521296993885473,93.92361826441562
grid_bias|network|ring|a90|queen|k3|phi0|q18|s0.1,4430,done,completed,0,,4360,64,0.010521296993885473,93.92361826441562
grid_bias|network|ring|a60|rook|k3|phi0|q6|s0,4430,done,completed,0,,4360,64,0.010521296993885473,93.92361826441562
grid_bias|network|ring|a60|rook|k3|phi0|q6|s0.1,4430,done,completed,0,,4360,64,0.010521296993885473,93.92361826441562
grid_bias|network|ring|a60|rook|k3|phi0|q12|s0,4430,done,completed,0,,4360,64,0.010521296993885473,93.92361826441562
grid_bias|network|ring|a60|rook|k3|phi0|q12|s0.1,4430,done,completed,0,,4360,64,0.010521296993885473,93.92361826441562
grid_bias|network|ring|a60|rook|k3|phi0|q18|s0,4430,done,completed,0,,4360,64,0.010521296993885473,93.92361826441562
grid_bias|network|ring|a60|rook|k3|phi0|q18|s0.1,4430,done,completed,0,,4360,64,0.010521296993885473,93.92361826441562
grid_bias|network|ring|a60|queen|k3|phi0|q6|s0,4430,done,completed,0,,4360,64,0.010521296993885473,93.92361826441562
grid_bias|network|ring|a60|queen|k3|phi0|q6|s0.1,4430,done,completed,0,,4360,64,0.010521296993885473,93.92361826441562
grid_bias|network|ring|a60|queen|k3|phi0|q12|s0,4430,done,completed,0,,4360,64,0.010521296993885473,93.92361826441562
grid_bias|network|ring|a60|queen|k3|phi0|q12|s0.1,4430,done,completed,0,,4360,64,0.010521296993885473,93.92361826441562
grid_bias|network|ring|a60|queen|k3|phi0|q18|s0,4430,done,completed,0,,4360,64,0.010521296993885473,93.92361826441562
grid_bias|network|ring|a60|queen|k3|phi0|q18|s0.1,4430,done,completed,0,,4360,64,0.010521296993885473,93.92361826441562
grid_bias|network|ring|a90|rook|k3|phi0.5|q6|s0,4430,done,completed,0,,4360,64,0.010521296993885473,93.92361826441562
grid_bias|network|ring|a90|rook|k3|phi0.5|q6|s0.1,4430,done,completed,0,,4360,64,0.010521296993885473,93.92361826441562
grid_bias|network|ring|a90|rook|k3|phi0.5|q12|s0,4430,done,completed,0,,4360,64,0.010521296993885473,93.92361826441562
grid_bias|network|ring|a90|rook|k3|phi0.5|q12|s0.1,4430,done,completed,0,,4360,64,0.010521296993885473,93.92361826441562
grid_bias|network|ring|a90|rook|k3|phi0.5|q18|s0,4430,done,completed,0,,4360,64,0.010521296993885473,93.92361826441562
grid_bias|network|ring|a90|rook|k3|phi0.5|q18|s0.1,4430,done,completed,0,,4360,64,0.010521296993885473,93.92361826441562
grid_bias|network|ring|a90|queen|k3|phi0.5|q6|s0,4430,done,completed,0,,4360,64,0.010521296993885473,93.92361826441562
grid_bias|network|ring|a90|queen|k3|phi0.5|q6|s0.1,4430,done,completed,0,,4360,64,0.010521296993885473,93.92361826441562
grid_bias|network|ring|a90|queen|k3|phi0.5|q12|s0,4430,done,completed,0,,4360,64,0.010521296993885473,93.92361826441562
grid_bias|network|ring|a90|queen|k3|phi0.5|q12|s0.1,4430,done,completed,0,,4360,64,0.010521296993885473,93.92361826441562
grid_bias|network|ring|a90|queen|k3|phi0.5|q18|s0,4430,done,completed,0,,4360,64,0.010521296993885473,93.92361826441562
grid_bias|network|ring|a90|queen|k3|phi0.5|q18|s0.1,4430,done,completed,0,,4360,64,0.010521296993885473,93.92361826441562
grid_bias|network|ring|a60|rook|k3|phi0.5|q6|s0,4430,done,completed,0,,4360,64,0.010521296993885473,93.92361826441562
grid_bias|network|ring|a60|rook|k3|phi0.5|q6|s0.1,4430,done,completed,0,,4360,64,0.010521296993885473,93.92361826441562
grid_bias|network|ring|a60|rook|k3|phi0.5|q12|s0,4430,done,completed,0,,4360,64,0.010521296993885473,93.92361826441562
grid_bias|network|ring|a60|rook|k3|phi0.5|q12|s0.1,4430,done,completed,0,,4360,64,0.010521296993885473,93.92361826441562
grid_bias|network|ring|a60|rook|k3|phi0.5|q18|s0,4430,done,completed,0,,4360,64,0.010521296993885473,93.92361826441562
grid_bias|network|ring|a60|rook|k3|phi0.5|q18|s0.1,4430,done,completed,0,,4360,64,0.010521296993885473,93.92361826441562
grid_bias|network|ring|a60|queen|k3|phi0.5|q6|s0,4430,done,completed,0,,4360,64,0.010521296993885473,93.92361826441562
grid_bias|network|ring|a60|queen|k3|phi0.5|q6|s0.1,4430,done,completed,0,,4360,64,0.010521296993885473,93.92361826441562
grid_bias|network|ring|a60|queen|k3|phi0.5|q12|s0,4430,done,completed,0,,4360,64,0.010521296993885473,93.92361826441562
grid_bias|network|ring|a60|queen|k3|phi0.5|q12|s0.1,4430,done,completed,0,,4360,64,0.010521296993885473,93.92361826441562
grid_bias|network|ring|a60|queen|k3|phi0.5|q18|s0,4430,done,completed,0,,4360,64,0.010521296993885473,93.92361826441562
grid_bias|network|ring|a60|queen|k3|phi0.5|q18|s0.1,4430,done,completed,0,,4360,64,0.010521296993885473,93.92361826441562
grid_bias|network|ring|a90|rook|k4|phi0|q6|s0,4430,done,completed,0,,4360,64,0.010521296993885473,93.92361826441562
grid_bias|network|ring|a90|rook|k4|phi0|q6|s0.1,4430,done,completed,0,,4360,64,0.010521296993885473,93.92361826441562
grid_bias|network|ring|a90|rook|k4|phi0|q12|s0,4430,done,completed,0,,4360,64,0.010521296993885473,93.92361826441562
grid_bias|network|ring|a90|rook|k4|phi0|q12|s0.1,4430,done,completed,0,,4360,64,0.010521296993885473,93.92361826441562
grid_bias|network|ring|a90|rook|k4|phi0|q18|s0,4430,done,completed,0,,4360,64,0.010521296993885473,93.92361826441562
grid_bias|network|ring|a90|rook|k4|phi0|q18|s0.1,4430,done,completed,0,,4360,64,0.010521296993885473,93.92361826441562
grid_bias|network|ring|a90|queen|k4|phi0|q6|s0,4430,done,completed,0,,4360,64,0.010521296993885473,93.92361826441562
grid_bias|network|ring|a90|queen|k4|phi0|q6|s0.1,4430,done,completed,0,,4360,64,0.010521296993885473,93.92361826441562
grid_bias|network|ring|a90|queen|k4|phi0|q12|s0,4430,done,completed,0,,4360,64,0.010521296993885473,93.92361826441562
grid_bias|network|ring|a90|queen|k4|phi0|q12|s0.1,4430,done,completed,0,,4360,64,0.010521296993885473,93.92361826441562
grid_bias|network|ring|a90|queen|k4|phi0|q18|s0,4430,done,completed,0,,4360,64,0.010521296993885473,93.92361826441562
grid_bias|network|ring|a90|queen|k4|phi0|q18|s0.1,4430,done,completed,0,,4360,64,0.010521296993885473,93.92361826441562
grid_bias|network|ring|a60|rook|k4|phi0|q6|s0,4430,done,completed,0,,4360,64,0.010521296993885473,93.92361826441562
grid_bias|network|ring|a60|rook|k4|phi0|q6|s0.1,4430,done,completed,0,,4360,64,0.010521296993885473,93.92361826441562
grid_bias|network|ring|a60|rook|k4|phi0|q12|s0,4430,done,completed,0,,4360,64,0.010521296993885473,93.92361826441562
grid_bias|network|ring|a60|rook|k4|phi0|q12|s0.1,4430,done,completed,0,,4360,64,0.010521296993885473,93.92361826441562
grid_bias|network|ring|a60|rook|k4|phi0|q18|s0,4430,done,completed,0,,4360,64,0.010521296993885473,93.92361826441562
grid_bias|network|ring|a60|rook|k4|phi0|q18|s0.1,4430,done,completed,0,,4360,64,0.010521296993885473,93.92361826441562
grid_bias|network|ring|a60|queen|k4|phi0|q6|s0,4430,done,completed,0,,4360,64,0.010521296993885473,93.92361826441562
grid_bias|network|ring|a60|queen|k4|phi0|q6|s0.1,4430,done,completed,0,,4360,64,0.010521296993885473,93.92361826441562
grid_bias|network|ring|a60|queen|k4|phi0|q12|s0,4430,done,completed,0,,4360,64,0.010521296993885473,93.92361826441562
grid_bias|network|ring|a60|queen|k4|phi0|q12|s0.1,4430,done,completed,0,,4360,64,0.010521296993885473,93.92361826441562
grid_bias|network|ring|a60|queen|k4|phi0|q18|s0,4430,done,completed,0,,4360,64,0.010521296993885473,93.92361826441562
grid_bias|network|ring|a60|queen|k4|phi0|q18|s0.1,4430,done,completed,0,,4360,64,0.010521296993885473,93.92361826441562
grid_bias|network|ring|a90|rook|k4|phi0.5|q6|s0,4430,done,completed,0,,4360,64,0.010521296993885473,93.92361826441562
grid_bias|network|ring|a90|rook|k4|phi0.5|q6|s0.1,4430,done,completed,0,,4360,64,0.010521296993885473,93.92361826441562
grid_bias|network|ring|a90|rook|k4|phi0.5|q12|s0,4430,done,completed,0,,4360,64,0.010521296993885473,93.92361826441562
grid_bias|network|ring|a90|rook|k4|phi0.5|q12|s0.1,4430,done,completed,0,,4360,64,0.010521296993885473,93.92361826441562
grid_bias|network|ring|a90|rook|k4|phi0.5|q18|s0,4430,done,completed,0,,4360,64,0.010521296993885473,93.92361826441562
grid_bias|network|ring|a90|rook|k4|phi0.5|q18|s0.1,4430,done,completed,0,,4360,64,0.010521296993885473,93.92361826441562
grid_bias|network|ring|a90|queen|k4|phi0.5|q6|s0,4430,done,completed,0,,4360,64,0.010521296993885473,93.92361826441562
grid_bias|network|ring|a90|queen|k4|phi0.5|q6|s0.1,4430,done,completed,0,,4360,64,0.010521296993885473,93.92361826441562
grid_bias|network|ring|a90|queen|k4|phi0.5|q12|s0,4430,done,completed,0,,4360,64,0.010521296993885473,93.92361826441562
grid_bias|network|ring|a90|queen|k4|phi0.5|q12|s0.1,4430,done,completed,0,,4360,64,0.010521296993885473,93.92361826441562
grid_bias|network|ring|a90|queen|k4|phi0.5|q18|s0,4430,done,completed,0,,4360,64,0.010521296993885473,93.92361826441562
grid_bias|network|ring|a90|queen|k4|phi0.5|q18|s0.1,4430,done,completed,0,,4360,64,0.010521296993885473,93.92361826441562
grid_bias|network|ring|a60|rook|k4|phi0.5|q6|s0,4430,done,completed,0,,4360,64,0.010521296993885473,93.92361826441562
grid_bias|network|ring|a60|rook|k4|phi0.5|q6|s0.1,4430,done,completed,0,,4360,64,0.010521296993885473,93.92361826441562
grid_bias|network|ring|a60|rook|k4|phi0.5|q12|s0,4430,done,completed,0,,4360,64,0.010521296993885473,93.92361826441562
grid_bias|network|ring|a60|rook|k4|phi0.5|q12|s0.1,4430,done,completed,0,,4360,64,0.010521296993885473,93.92361826441562
grid_bias|network|ring|a60|rook|k4|phi0.5|q18|s0,4430,done,completed,0,,4360,64,0.010521296993885473,93.92361826441562
grid_bias|network|ring|a60|rook|k4|phi0.5|q18|s0.1,4430,done,completed,0,,4360,64,0.010521296993885473,93.92361826441562
grid_bias|network|ring|a60|queen|k4|phi0.5|q6|s0,4430,done,completed,0,,4360,64,0.010521296993885473,93.92361826441562
grid_bias|network|ring|a60|queen|k4|phi0.5|q6|s0.1,4430,done,completed,0,,4360,64,0.010521296993885473,93.92361826441562
grid_bias|network|ring|a60|queen|k4|phi0.5|q12|s0,4430,done,completed,0,,4360,64,0.010521296993885473,93.92361826441562
grid_bias|network|ring|a60|queen|k4|phi0.5|q12|s0.1,4430,done,completed,0,,4360,64,0.010521296993885473,93.92361826441562
grid_bias|network|ring|a60|queen|k4|phi0.5|q18|s0,4430,done,completed,0,,4360,64,0.010521296993885473,93.92361826441562
grid_bias|network|ring|a60|queen|k4|phi0.5|q18|s0.1,4430,done,completed,0,,4360,64,0.010521296993885473,93.92361826441562
grid_bias|network|cross|a90|rook|k3|phi0|q6|s0,4430,done,completed,0,,4360,64,0.010521296993885473,93.92361826441562
grid_bias|network|cross|a90|rook|k3|phi0|q6|s0.1,4430,done,completed,0,,4360,64,0.010521296993885473,93.92361826441562
grid_bias|network|cross|a90|rook|k3|phi0|q12|s0,4430,done,completed,0,,4360,64,0.010521296993885473,93.92361826441562
grid_bias|network|cross|a90|rook|k3|phi0|q12|s0.1,4430,done,completed,0,,4360,64,0.010521296993885473,93.92361826441562
grid_bias|network|cross|a90|rook|k3|phi0|q18|s0,4430,done,completed,0,,4360,64,0.010521296993885473,93.92361826441562
grid_bias|network|cross|a90|rook|k3|phi0|q18|s0.1,4430,done,completed,0,,4360,64,0.010521296993885473,93.92361826441562
grid_bias|network|cross|a90|queen|k3|phi0|q6|s0,4430,done,completed,0,,4360,64,0.010521296993885473,93.92361826441562
grid_bias|network|cross|a90|queen|k3|phi0|q6|s0.1,4430,done,completed,0,,4360,64,0.010521296993885473,93.92361826441562
grid_bias|network|cross|a90|queen|k3|phi0|q12|s0,4430,done,completed,0,,4360,64,0.010521296993885473,93.92361826441562
grid_bias|network|cross|a90|queen|k3|phi0|q12|s0.1,4430,done,completed,0,,4360,64,0.010521296993885473,93.92361826441562
grid_bias|network|cross|a90|queen|k3|phi0|q18|s0,4430,done,completed,0,,4360,64,0.010521296993885473,93.92361826441562
grid_bias|network|cross|a90|queen|k3|phi0|q18|s0.1,4430,done,completed,0,,4360,64,0.010521296993885473,93.92361826441562
grid_bias|network|cross|a60|rook|k3|phi0|q6|s0,4430,done,completed,0,,4360,64,0.010521296993885473,93.92361826441562
grid_bias|network|cross|a60|rook|k3|phi0|q6|s0.1,4430,done,completed,0,,4360,64,0.010521296993885473,93.92361826441562
grid_bias|network|cross|a60|rook|k3|phi0|q12|s0,4430,done,completed,0,,4360,64,0.010521296993885473,93.92361826441562
grid_bias|network|cross|a60|rook|k3|phi0|q12|s0.1,4430,done,completed,0,,4360,64,0.010521296993885473,93.92361826441562
grid_bias|network|cross|a60|rook|k3|phi0|q18|s0,4430,done,completed,0,,4360,64,0.010521296993885473,93.92361826441562
grid_bias|network|cross|a60|rook|k3|phi0|q18|s0.1,4430,done,completed,0,,4360,64,0.010521296993885473,93.92361826441562
grid_bias|network|cross|a60|queen|k3|phi0|q6|s0,4430,done,completed,0,,4360,64,0.010521296993885473,93.92361826441562
grid_bias|network|cross|a60|queen|k3|phi0|q6|s0.1,4430,done,completed,0,,4360,64,0.010521296993885473,93.92361826441562
grid_bias|network|cross|a60|queen|k3|phi0|q12|s0,4430,done,completed,0,,4360,64,0.010521296993885473,93.92361826441562
grid_bias|network|cross|a60|queen|k3|phi0|q12|s0.1,4430,done,completed,0,,4360,64,0.010521296993885473,93.92361826441562
grid_bias|network|cross|a60|queen|k3|phi0|q18|s0,4430,done,completed,0,,4360,64,0.010521296993885473,93.92361826441562
grid_bias|network|cross|a60|queen|k3|phi0|q18|s0.1,4430,done,completed,0,,4360,64,0.010521296993885473,93.92361826441562
grid_bias|network|cross|a90|rook|k3|phi0.5|q6|s0,4430,done,completed,0,,4360,64,0.010521296993885473,93.92361826441562
grid_bias|network|cross|a90|rook|k3|phi0.5|q6|s0.1,4430,done,completed,0,,4360,64,0.010521296993885473,93.92361826441562
grid_bias|network|cross|a90|rook|k3|phi0.5|q12|s0,4430,done,completed,0,,4360,64,0.010521296993885473,93.92361826441562
grid_bias|network|cross|a90|rook|k3|phi0.5|q12|s0.1,4430,done,completed,0,,4360,64,0.010521296993885473,93.92361826441562
grid_bias|network|cross|a90|rook|k3|phi0.5|q18|s0,4430,done,completed,0,,4360,64,0.010521296993885473,93.92361826441562
grid_bias|network|cross|a90|rook|k3|phi0.5|q18|s0.1,4430,done,completed,0,,4360,64,0.010521296993885473,93.92361826441562
grid_bias|network|cross|a90|queen|k3|phi0.5|q6|s0,4430,done,completed,0,,4360,64,0.010521296993885473,93.92361826441562
grid_bias|network|cross|a90|queen|k3|phi0.5|q6|s0.1,4430,done,completed,0,,4360,64,0.010521296993885473,93.92361826441562
grid_bias|network|cross|a90|queen|k3|phi0.5|q12|s0,4430,done,completed,0,,4360,64,0.010521296993885473,93.92361826441562
grid_bias|network|cross|a90|queen|k3|phi0.5|q12|s0.1,4430,done,completed,0,,4360,64,0.010521296993885473,93.92361826441562
grid_bias|network|cross|a90|queen|k3|phi0.5|q18|s0,4430,done,completed,0,,4360,64,0.010521296993885473,93.92361826441562
grid_bias|network|cross|a90|queen|k3|phi0.5|q18|s0.1,4430,done,completed,0,,4360,64,0.010521296993885473,93.92361826441562
grid_bias|network|cross|a60|rook|k3|phi0.5|q6|s0,4430,done,completed,0,,4360,64,0.010521296993885473,93.92361826441562
grid_bias|network|cross|a60|rook|k3|phi0.5|q6|s0.1,4430,done,completed,0,,4360,64,0.010521296993885473,93.92361826441562
grid_bias|network|cross|a60|rook|k3|phi0.5|q12|s0,4430,done,completed,0,,4360,64,0.010521296993885473,93.92361826441562
grid_bias|network|cross|a60|rook|k3|phi0.5|q12|s0.1,4430,done,completed,0,,4360,64,0.010521296993885473,93.92361826441562
grid_bias|network|cross|a60|rook|k3|phi0.5|q18|s0,4430,done,completed,0,,4360,64,0.010521296993885473,93.92361826441562
grid_bias|network|cross|a60|rook|k3|phi0.5|q18|s0.1,4430,done,completed,0,,4360,64,0.010521296993885473,93.92361826441562
grid_bias|network|cross|a60|queen|k3|phi0.5|q6|s0,4430,done,completed,0,,4360,64,0.010521296993885473,93.92361826441562
grid_bias|network|cross|a60|queen|k3|phi0.5|q6|s0.1,4430,done,completed,0,,4360,64,0.010521296993885473,93.92361826441562
grid_bias|network|cross|a60|queen|k3|phi0.5|q12|s0,4430,done,completed,0,,4360,64,0.010521296993885473,93.92361826441562
grid_bias|network|cross|a60|queen|k3|phi0.5|q12|s0.1,4430,done,completed,0,,4360,64,0.010521296993885473,93.92361826441562
grid_bias|network|cross|a60|queen|k3|phi0.5|q18|s0,4430,done,completed,0,,4360,64,0.010521296993885473,93.92361826441562
grid_bias|network|cross|a60|queen|k3|phi0.5|q18|s0.1,4430,done,completed,0,,4360,64,0.010521296993885473,93.92361826441562
grid_bias|network|cross|a90|rook|k4|phi0|q6|s0,4430,done,completed,0,,4360,64,0.010521296993885473,93.92361826441562
grid_bias|network|cross|a90|rook|k4|phi0|q6|s0.1,4430,done,completed,0,,4360,64,0.010521296993885473,93.92361826441562
grid_bias|network|cross|a90|rook|k4|phi0|q12|s0,4430,done,completed,0,,4360,64,0.010521296993885473,93.92361826441562
grid_bias|network|cross|a90|rook|k4|phi0|q12|s0.1,4430,done,completed,0,,4360,64,0.010521296993885473,93.92361826441562
grid_bias|network|cross|a90|rook|k4|phi0|q18|s0,4430,done,completed,0,,4360,64,0.010521296993885473,93.92361826441562
grid_bias|network|cross|a90|rook|k4|phi0|q18|s0.1,4430,done,completed,0,,4360,64,0.010521296993885473,93.92361826441562
grid_bias|network|cross|a90|queen|k4|phi0|q6|s0,4430,done,completed,0,,4360,64,0.010521296993885473,93.92361826441562
grid_bias|network|cross|a90|queen|k4|phi0|q6|s0.1,4430,done,completed,0,,4360,64,0.010521296993885473,93.92361826441562
grid_bias|network|cross|a90|queen|k4|phi0|q12|s0,4430,done,completed,0,,4360,64,0.010521296993885473,93.92361826441562
grid_bias|network|cross|a90|queen|k4|phi0|q12|s0.1,4430,done,completed,0,,4360,64,0.010521296993885473,93.92361826441562
grid_bias|network|cross|a90|queen|k4|phi0|q18|s0,4430,done,completed,0,,4360,64,0.010521296993885473,93.92361826441562
grid_bias|network|cross|a90|queen|k4|phi0|q18|s0.1,4430,done,completed,0,,4360,64,0.010521296993885473,93.92361826441562
grid_bias|network|cross|a60|rook|k4|phi0|q6|s0,4430,done,completed,0,,4360,64,0.010521296993885473,93.92361826441562
grid_bias|network|cross|a60|rook|k4|phi0|q6|s0.1,4430,done,completed,0,,4360,64,0.010521296993885473,93.92361826441562
grid_bias|network|cross|a60|rook|k4|phi0|q12|s0,4430,done,completed,0,,4360,64,0.010521296993885473,93.92361826441562
grid_bias|network|cross|a60|rook|k4|phi0|q12|s0.1,4430,done,completed,0,,4360,64,0.010521296993885473,93.92361826441562
grid_bias|network|cross|a60|rook|k4|phi0|q18|s0,4430,done,completed,0,,4360,64,0.010521296993885473,93.92361826441562
grid_bias|network|cross|a60|rook|k4|phi0|q18|s0.1,4430,done,completed,0,,4360,64,0.010521296993885473,93.92361826441562
grid_bias|network|cross|a60|queen|k4|phi0|q6|s0,4430,done,completed,0,,4360,64,0.010521296993885473,93.92361826441562
grid_bias|network|cross|a60|queen|k4|phi0|q6|s0.1,4430,done,completed,0,,4360,64,0.010521296993885473,93.92361826441562
grid_bias|network|cross|a60|queen|k4|phi0|q12|s0,4430,done,completed,0,,4360,64,0.010521296993885473,93.92361826441562
grid_bias|network|cross|a60|queen|k4|phi0|q12|s0.1,4430,done,completed,0,,4360,64,0.010521296993885473,93.92361826441562
grid_bias|network|cross|a60|queen|k4|phi0|q18|s0,4430,done,completed,0,,4360,64,0.010521296993885473,93.92361826441562
grid_bias|network|cross|a60|queen|k4|phi0|q18|s0.1,4430,done,completed,0,,4360,64,0.010521296993885473,93.92361826441562
grid_bias|network|cross|a90|rook|k4|phi0.5|q6|s0,4430,done,completed,0,,4360,64,0.010521296993885473,93.92361826441562
grid_bias|network|cross|a90|rook|k4|phi0.5|q6|s0.1,4430,done,completed,0,,4360,64,0.010521296993885473,93.92361826441562
grid_bias|network|cross|a90|rook|k4|phi0.5|q12|s0,4430,done,completed,0,,4360,64,0.010521296993885473,93.92361826441562
grid_bias|network|cross|a90|rook|k4|phi0.5|q12|s0.1,4430,done,completed,0,,4360,64,0.010521296993885473,93.92361826441562
grid_bias|network|cross|a90|rook|k4|phi0.5|q18|s0,4430,done,completed,0,,4360,64,0.010521296993885473,93.92361826441562
grid_bias|network|cross|a90|rook|k4|phi0.5|q18|s0.1,4430,done,completed,0,,4360,64,0.010521296993885473,93.92361826441562
grid_bias|network|cross|a90|queen|k4|phi0.5|q6|s0,4430,done,completed,0,,4360,64,0.010521296993885473,93.92361826441562
grid_bias|network|cross|a90|queen|k4|phi0.5|q6|s0.1,4430,done,completed,0,,4360,64,0.010521296993885473,93.92361826441562
grid_bias|network|cross|a90|queen|k4|phi0.5|q12|s0,4430,done,completed,0,,4360,64,0.010521296993885473,93.92361826441562
grid_bias|network|cross|a90|queen|k4|phi0.5|q12|s0.1,4430,done,completed,0,,4360,64,0.010521296993885473,93.92361826441562
grid_bias|network|cross|a90|queen|k4|phi0.5|q18|s0,4430,done,completed,0,,4360,64,0.010521296993885473,93.92361826441562
grid_bias|network|cross|a90|queen|k4|phi0.5|q18|s0.1,4430,done,completed,0,,4360,64,0.010521296993885473,93.92361826441562
grid_bias|network|cross|a60|rook|k4|phi0.5|q6|s0,4430,done,completed,0,,4360,64,0.010521296993885473,93.92361826441562
grid_bias|network|cross|a60|rook|k4|phi0.5|q6|s0.1,4430,done,completed,0,,4360,64,0.010521296993885473,93.92361826441562
grid_bias|network|cross|a60|rook|k4|phi0.5|q12|s0,4430,done,completed,0,,4360,64,0.010521296993885473,93.92361826441562
grid_bias|network|cross|a60|rook|k4|phi0.5|q12|s0.1,4430,done,completed,0,,4360,64,0.010521296993885473,93.92361826441562
grid_bias|network|cross|a60|rook|k4|phi0.5|q18|s0,4430,done,completed,0,,4360,64,0.010521296993885473,93.92361826441562
grid_bias|network|cross|a60|rook|k4|phi0.5|q18|s0.1,4430,done,completed,0,,4360,64,0.010521296993885473,93.92361826441562
grid_bias|network|cross|a60|queen|k4|phi0.5|q6|s0,4430,done,completed,0,,4360,64,0.010521296993885473,93.92361826441562
grid_bias|network|cross|a60|queen|k4|phi0.5|q6|s0.1,4430,done,completed,0,,4360,64,0.010521296993885473,93.92361826441562
grid_bias|network|cross|a60|queen|k4|phi0.5|q12|s0,4430,done,completed,0,,4360,64,0.010521296993885473,93.92361826441562
grid_bias|network|cross|a60|queen|k4|phi0.5|q12|s0.1,4430,done,completed,0,,4360,64,0.010521296993885473,93.92361826441562
grid_bias|network|cross|a60|queen|k4|phi0.5|q18|s0,4430,done,completed,0,,4360,64,0.010521296993885473,93.92361826441562
grid_bias|network|cross|a60|queen|k4|phi0.5|q18|s0.1,4430,done,completed,0,,4360,64,0.010521296993885473,93.92361826441562
grid_bias|network|grid|a90|rook|k3|phi0|q6|s0,4430,done,completed,0,,4360,64,0.010521296993885473,93.92361826441562
grid_bias|network|grid|a90|rook|k3|phi0|q6|s0.1,4430,done,completed,0,,4360,64,0.010521296993885473,93.92361826441562
grid_bias|network|grid|a90|rook|k3|phi0|q12|s0,4430,done,completed,0,,4360,64,0.010521296993885473,93.92361826441562
grid_bias|network|grid|a90|rook|k3|phi0|q12|s0.1,4430,done,completed,0,,4360,64,0.010521296993885473,93.92361826441562
grid_bias|network|grid|a90|rook|k3|phi0|q18|s0,4430,done,completed,0,,4360,64,0.010521296993885473,93.92361826441562
grid_bias|network|grid|a90|rook|k3|phi0|q18|s0.1,4430,done,completed,0,,4360,64,0.010521296993885473,93.92361826441562
grid_bias|network|grid|a90|queen|k3|phi0|q6|s0,4430,done,completed,0,,4360,64,0.010521296993885473,93.92361826441562
grid_bias|network|grid|a90|queen|k3|phi0|q6|s0.1,4430,done,completed,0,,4360,64,0.010521296993885473,93.92361826441562
grid_bias|network|grid|a90|queen|k3|phi0|q12|s0,4430,done,completed,0,,4360,64,0.010521296993885473,93.92361826441562
grid_bias|network|grid|a90|queen|k3|phi0|q12|s0.1,4430,done,completed,0,,4360,64,0.010521296993885473,93.92361826441562
grid_bias|network|grid|a90|queen|k3|phi0|q18|s0,4430,done,completed,0,,4360,64,0.010521296993885473,93.92361826441562
grid_bias|network|grid|a90|queen|k3|phi0|q18|s0.1,4430,done,completed,0,,4360,64,0.010521296993885473,93.92361826441562
grid_bias|network|grid|a60|rook|k3|phi0|q6|s0,4430,done,completed,0,,4360,64,0.010521296993885473,93.92361826441562
grid_bias|network|grid|a60|rook|k3|phi0|q6|s0.1,4430,done,completed,0,,4360,64,0.010521296993885473,93.92361826441562
grid_bias|network|grid|a60|rook|k3|phi0|q12|s0,4430,done,completed,0,,4360,64,0.010521296993885473,93.92361826441562
grid_bias|network|grid|a60|rook|k3|phi0|q12|s0.1,4430,done,completed,0,,4360,64,0.010521296993885473,93.92361826441562
grid_bias|network|grid|a60|rook|k3|phi0|q18|s0,4430,done,completed,0,,4360,64,0.010521296993885473,93.92361826441562
grid_bias|network|grid|a60|rook|k3|phi0|q18|s0.1,4430,done,completed,0,,4360,64,0.010521296993885473,93.92361826441562
grid_bias|network|grid|a60|queen|k3|phi0|q6|s0,4430,done,completed,0,,4360,64,0.010521296993885473,93.92361826441562
grid_bias|network|grid|a60|queen|k3|phi0|q6|s0.1,4430,done,completed,0,,4360,64,0.010521296993885473,93.92361826441562
grid_bias|network|grid|a60|queen|k3|phi0|q12|s0,4430,done,completed,0,,4360,64,0.010521296993885473,93.92361826441562
grid_bias|network|grid|a60|queen|k3|phi0|q12|s0.1,4430,done,completed,0,,4360,64,0.010521296993885473,93.92361826441562
grid_bias|network|grid|a60|queen|k3|phi0|q18|s0,4430,done,completed,0,,4360,64,0.010521296993885473,93.92361826441562
grid_bias|network|grid|a60|queen|k3|phi0|q18|s0.1,4430,done,completed,0,,4360,64,0.010521296993885473,93.92361826441562
grid_bias|network|grid|a90|rook|k3|phi0.5|q6|s0,4430,done,completed,0,,4360,64,0.010521296993885473,93.92361826441562
grid_bias|network|grid|a90|rook|k3|phi0.5|q6|s0.1,4430,done,completed,0,,4360,64,0.010521296993885473,93.92361826441562
grid_bias|network|grid|a90|rook|k3|phi0.5|q12|s0,4430,done,completed,0,,4360,64,0.010521296993885473,93.92361826441562
grid_bias|network|grid|a90|rook|k3|phi0.5|q12|s0.1,4430,done,completed,0,,4360,64,0.010521296993885473,93.92361826441562
grid_bias|network|grid|a90|rook|k3|phi0.5|q18|s0,4430,done,completed,0,,4360,64,0.010521296993885473,93.92361826441562
grid_bias|network|grid|a90|rook|k3|phi0.5|q18|s0.1,4430,done,completed,0,,4360,64,0.010521296993885473,93.92361826441562
grid_bias|network|grid|a90|queen|k3|phi0.5|q6|s0,4430,done,completed,0,,4360,64,0.010521296993885473,93.92361826441562
grid_bias|network|grid|a90|queen|k3|phi0.5|q6|s0.1,4430,done,completed,0,,4360,64,0.010521296993885473,93.92361826441562
grid_bias|network|grid|a90|queen|k3|phi0.5|q12|s0,4430,done,completed,0,,4360,64,0.010521296993885473,93.92361826441562
grid_bias|network|grid|a90|queen|k3|phi0.5|q12|s0.1,4430,done,completed,0,,4360,64,0.010521296993885473,93.92361826441562
grid_bias|network|grid|a90|queen|k3|phi0.5|q18|s0,4430,done,completed,0,,4360,64,0.010521296993885473,93.92361826441562
grid_bias|network|grid|a90|queen|k3|phi0.5|q18|s0.1,4430,done,completed,0,,4360,64,0.010521296993885473,93.92361826441562
grid_bias|network|grid|a60|rook|k3|phi0.5|q6|s0,4430,done,completed,0,,4360,64,0.010521296993885473,93.92361826441562
grid_bias|network|grid|a60|rook|k3|phi0.5|q6|s0.1,4430,done,completed,0,,4360,64,0.010521296993885473,93.92361826441562
grid_bias|network|grid|a60|rook|k3|phi0.5|q12|s0,4430,done,completed,0,,4360,64,0.010521296993885473,93.92361826441562
grid_bias|network|grid|a60|rook|k3|phi0.5|q12|s0.1,4430,done,completed,0,,4360,64,0.010521296993885473,93.92361826441562
grid_bias|network|grid|a60|rook|k3|phi0.5|q18|s0,4430,done,completed,0,,4360,64,0.010521296993885473,93.92361826441562
grid_bias|network|grid|a60|rook|k3|phi0.5|q18|s0.1,4430,done,completed,0,,4360,64,0.010521296993885473,93.92361826441562
grid_bias|network|grid|a60|queen|k3|phi0.5|q6|s0,4430,done,completed,0,,4360,64,0.010521296993885473,93.92361826441562
grid_bias|network|grid|a60|queen|k3|phi0.5|q6|s0.1,4430,done,completed,0,,4360,64,0.010521296993885473,93.92361826441562
grid_bias|network|grid|a60|queen|k3|phi0.5|q12|s0,4430,done,completed,0,,4360,64,0.010521296993885473,93.92361826441562
grid_bias|network|grid|a60|queen|k3|phi0.5|q12|s0.1,4430,done,completed,0,,4360,64,0.010521296993885473,93.92361826441562
grid_bias|network|grid|a60|queen|k3|phi0.5|q18|s0,4430,done,completed,0,,4360,64,0.010521296993885473,93.92361826441562
grid_bias|network|grid|a60|queen|k3|phi0.5|q18|s0.1,4430,done,completed,0,,4360,64,0.010521296993885473,93.92361826441562
grid_bias|network|grid|a90|rook|k4|phi0|q6|s0,4430,done,completed,0,,4360,64,0.010521296993885473,93.92361826441562
grid_bias|network|grid|a90|rook|k4|phi0|q6|s0.1,4430,done,completed,0,,4360,64,0.010521296993885473,93.92361826441562
grid_bias|network|grid|a90|rook|k4|phi0|q12|s0,4430,done,completed,0,,4360,64,0.010521296993885473,93.92361826441562
grid_bias|network|grid|a90|rook|k4|phi0|q12|s0.1,4430,done,completed,0,,4360,64,0.010521296993885473,93.92361826441562
grid_bias|network|grid|a90|rook|k4|phi0|q18|s0,4430,done,completed,0,,4360,64,0.010521296993885473,93.92361826441562
grid_bias|network|grid|a90|rook|k4|phi0|q18|s0.1,4430,done,completed,0,,4360,64,0.010521296993885473,93.92361826441562
grid_bias|network|grid|a90|queen|k4|phi0|q6|s0,4430,done,completed,0,,4360,64,0.010521296993885473,93.92361826441562
grid_bias|network|grid|a90|queen|k4|phi0|q6|s0.1,4430,done,completed,0,,4360,64,0.010521296993885473,93.92361826441562
grid_bias|network|grid|a90|queen|k4|phi0|q12|s0,4430,done,completed,0,,4360,64,0.010521296993885473,93.92361826441562
grid_bias|network|grid|a90|queen|k4|phi0|q12|s0.1,4430,done,completed,0,,4360,64,0.010521296993885473,93.92361826441562
grid_bias|network|grid|a90|queen|k4|phi0|q18|s0,4430,done,completed,0,,4360,64,0.010521296993885473,93.92361826441562
grid_bias|network|grid|a90|queen|k4|phi0|q18|s0.1,4430,done,completed,0,,4360,64,0.010521296993885473,93.92361826441562
grid_bias|network|grid|a60|rook|k4|phi0|q6|s0,4430,done,completed,0,,4360,64,0.010521296993885473,93.92361826441562
grid_bias|network|grid|a60|rook|k4|phi0|q6|s0.1,4430,done,completed,0,,4360,64,0.010521296993885473,93.92361826441562
grid_bias|network|grid|a60|rook|k4|phi0|q12|s0,4430,done,completed,0,,4360,64,0.010521296993885473,93.92361826441562
grid_bias|network|grid|a60|rook|k4|phi0|q12|s0.1,4430,done,completed,0,,4360,64,0.010521296993885473,93.92361826441562
grid_bias|network|grid|a60|rook|k4|phi0|q18|s0,4430,done,completed,0,,4360,64,0.010521296993885473,93.92361826441562
grid_bias|network|grid|a60|rook|k4|phi0|q18|s0.1,4430,done,completed,0,,4360,64,0.010521296993885473,93.92361826441562
grid_bias|network|grid|a60|queen|k4|phi0|q6|s0,4430,done,completed,0,,4360,64,0.010521296993885473,93.92361826441562
grid_bias|network|grid|a60|queen|k4|phi0|q6|s0.1,4430,done,completed,0,,4360,64,0.010521296993885473,93.92361826441562
grid_bias|network|grid|a60|queen|k4|phi0|q12|s0,4430,done,completed,0,,4360,64,0.010521296993885473,93.92361826441562
grid_bias|network|grid|a60|queen|k4|phi0|q12|s0.1,4430,done,completed,0,,4360,64,0.010521296993885473,93.92361826441562
grid_bias|network|grid|a60|queen|k4|phi0|q18|s0,4430,done,completed,0,,4360,64,0.010521296993885473,93.92361826441562
grid_bias|network|grid|a60|queen|k4|phi0|q18|s0.1,4430,done,completed,0,,4360,64,0.010521296993885473,93.92361826441562
grid_bias|network|grid|a90|rook|k4|phi0.5|q6|s0,4430,done,completed,0,,4360,64,0.010521296993885473,93.92361826441562
grid_bias|network|grid|a90|rook|k4|phi0.5|q6|s0.1,4430,done,completed,0,,4360,64,0.010521296993885473,93.92361826441562
grid_bias|network|grid|a90|rook|k4|phi0.5|q12|s0,4430,done,completed,0,,4360,64,0.010521296993885473,93.92361826441562
grid_bias|network|grid|a90|rook|k4|phi0.5|q12|s0.1,4430,done,completed,0,,4360,64,0.010521296993885473,93.92361826441562
grid_bias|network|grid|a90|rook|k4|phi0.5|q18|s0,4430,done,completed,0,,4360,64,0.010521296993885473,93.92361826441562
grid_bias|network|grid|a90|rook|k4|phi0.5|q18|s0.1,4430,done,completed,0,,4360,64,0.010521296993885473,93.92361826441562
grid_bias|network|grid|a90|queen|k4|phi0.5|q6|s0,4430,done,completed,0,,4360,64,0.010521296993885473,93.92361826441562
grid_bias|network|grid|a90|queen|k4|phi0.5|q6|s0.1,4430,done,completed,0,,4360,64,0.010521296993885473,93.92361826441562
grid_bias|network|grid|a90|queen|k4|phi0.5|q12|s0,4430,done,completed,0,,4360,64,0.010521296993885473,93.92361826441562
grid_bias|network|grid|a90|queen|k4|phi0.5|q12|s0.1,4430,done,completed,0,,4360,64,0.010521296993885473,93.92361826441562
grid_bias|network|grid|a90|queen|k4|phi0.5|q18|s0,4430,done,completed,0,,4360,64,0.010521296993885473,93.92361826441562
grid_bias|network|grid|a90|queen|k4|phi0.5|q18|s0.1,4430,done,completed,0,,4360,64,0.010521296993885473,93.92361826441562
grid_bias|network|grid|a60|rook|k4|phi0.5|q6|s0,4430,done,completed,0,,4360,64,0.010521296993885473,93.92361826441562
grid_bias|network|grid|a60|rook|k4|phi0.5|q6|s0.1,4430,done,completed,0,,4360,64,0.010521296993885473,93.92361826441562
grid_bias|network|grid|a60|rook|k4|phi0.5|q12|s0,4430,done,completed,0,,4360,64,0.010521296993885473,93.92361826441562
grid_bias|network|grid|a60|rook|k4|phi0.5|q12|s0.1,4430,done,completed,0,,4360,64,0.010521296993885473,93.92361826441562
grid_bias|network|grid|a60|rook|k4|phi0.5|q18|s0,4430,done,completed,0,,4360,64,0.010521296993885473,93.92361826441562
grid_bias|network|grid|a60|rook|k4|phi0.5|q18|s0.1,4430,done,completed,0,,4360,64,0.010521296993885473,93.92361826441562
grid_bias|network|grid|a60|queen|k4|phi0.5|q6|s0,4430,done,completed,0,,4360,64,0.010521296993885473,93.92361826441562
grid_bias|network|grid|a60|queen|k4|phi0.5|q6|s0.1,4430,done,completed,0,,4360,64,0.010521296993885473,93.92361826441562
grid_bias|network|grid|a60|queen|k4|phi0.5|q12|s0,4430,done,completed,0,,4360,64,0.010521296993885473,93.92361826441562
grid_bias|network|grid|a60|queen|k4|phi0.5|q12|s0.1,4430,done,completed,0,,4360,64,0.010521296993885473,93.92361826441562
grid_bias|network|grid|a60|queen|k4|phi0.5|q18|s0,4430,done,completed,0,,4360,64,0.010521296993885473,93.92361826441562
grid_bias|network|grid|a60|queen|k4|phi0.5|q18|s0.1,4430,done,completed,0,,4360,64,0.010521296993885473,93.92361826441562
grid_bias|frontier|complete|a90|rook|k3|phi0|q6|s0,4430,done,completed,0,,4360,64,0.010521296993885473,93.92361826441562
grid_bias|frontier|complete|a90|rook|k3|phi0|q6|s0.1,4430,done,completed,0,,4360,64,0.010521296993885473,93.92361826441562
grid_bias|frontier|complete|a90|rook|k3|phi0|q12|s0,4430,done,completed,0,,4360,64,0.010521296993885473,93.92361826441562
grid_bias|frontier|complete|a90|rook|k3|phi0|q12|s0.1,4430,done,completed,0,,4360,64,0.010521296993885473,93.92361826441562
grid_bias|frontier|complete|a90|rook|k3|phi0|q18|s0,4430,done,completed,0,,4360,64,0.010521296993885473,93.92361826441562
grid_bias|frontier|complete|a90|rook|k3|phi0|q18|s0.1,4430,done,completed,0,,4360,64,0.010521296993885473,93.92361826441562
grid_bias|frontier|complete|a90|queen|k3|phi0|q6|s0,4430,done,completed,0,,4360,64,0.010521296993885473,93.92361826441562
grid_bias|frontier|complete|a90|queen|k3|phi0|q6|s0.1,4430,done,completed,0,,4360,64,0.010521296993885473,93.92361826441562
grid_bias|frontier|complete|a90|queen|k3|phi0|q12|s0,4430,done,completed,0,,4360,64,0.010521296993885473,93.92361826441562
grid_bias|frontier|complete|a90|queen|k3|phi0|q12|s0.1,4430,done,completed,0,,4360,64,0.010521296993885473,93.92361826441562
grid_bias|frontier|complete|a90|queen|k3|phi0|q18|s0,4430,done,completed,0,,4360,64,0.010521296993885473,93.92361826441562
grid_bias|frontier|complete|a90|queen|k3|phi0|q18|s0.1,4430,done,completed,0,,4360,64,0.010521296993885473,93.92361826441562
grid_bias|frontier|complete|a60|rook|k3|phi0|q6|s0,4430,done,completed,0,,4360,64,0.010521296993885473,93.92361826441562
grid_bias|frontier|complete|a60|rook|k3|phi0|q6|s0.1,4430,done,completed,0,,4360,64,0.010521296993885473,93.92361826441562
grid_bias|frontier|complete|a60|rook|k3|phi0|q12|s0,4430,done,completed,0,,4360,64,0.010521296993885473,93.92361826441562
grid_bias|frontier|complete|a60|rook|k3|phi0|q12|s0.1,4430,done,completed,0,,4360,64,0.010521296993885473,93.92361826441562
grid_bias|frontier|complete|a60|rook|k3|phi0|q18|s0,4430,done,completed,0,,4360,64,0.010521296993885473,93.92361826441562
grid_bias|frontier|complete|a60|rook|k3|phi0|q18|s0.1,4430,done,completed,0,,4360,64,0.010521296993885473,93.92361826441562
grid_bias|frontier|complete|a60|queen|k3|phi0|q6|s0,4430,done,completed,0,,4360,64,0.010521296993885473,93.92361826441562
grid_bias|frontier|complete|a60|queen|k3|phi0|q6|s0.1,4430,done,completed,0,,4360,64,0.010521296993885473,93.92361826441562
grid_bias|frontier|complete|a60|queen|k3|phi0|q12|s0,4430,done,completed,0,,4360,64,0.010521296993885473,93.92361826441562
grid_bias|frontier|complete|a60|queen|k3|phi0|q12|s0.1,4430,done,completed,0,,4360,64,0.010521296993885473,93.92361826441562
grid_bias|frontier|complete|a60|queen|k3|phi0|q18|s0,4430,done,completed,0,,4360,64,0.010521296993885473,93.92361826441562
grid_bias|frontier|complete|a60|queen|k3|phi0|q18|s0.1,4430,done,completed,0,,4360,64,0.010521296993885473,93.92361826441562
grid_bias|frontier|complete|a90|rook|k3|phi0.5|q6|s0,4430,done,completed,0,,4360,64,0.010521296993885473,93.92361826441562
grid_bias|frontier|complete|a90|rook|k3|phi0.5|q6|s0.1,4430,done,completed,0,,4360,64,0.010521296993885473,93.92361826441562
grid_bias|frontier|complete|a90|rook|k3|phi0.5|q12|s0,4430,done,completed,0,,4360,64,0.010521296993885473,93.92361826441562
grid_bias|frontier|complete|a90|rook|k3|phi0.5|q12|s0.1,4430,done,completed,0,,4360,64,0.010521296993885473,93.92361826441562
grid_bias|frontier|complete|a90|rook|k3|phi0.5|q18|s0,4430,done,completed,0,,4360,64,0.010521296993885473,93.92361826441562
grid_bias|frontier|complete|a90|rook|k3|phi0.5|q18|s0.1,4430,done,completed,0,,4360,64,0.010521296993885473,93.92361826441562
grid_bias|frontier|complete|a90|queen|k3|phi0.5|q6|s0,4430,done,completed,0,,4360,64,0.010521296993885473,93.92361826441562
grid_bias|frontier|complete|a90|queen|k3|phi0.5|q6|s0.1,4430,done,completed,0,,4360,64,0.010521296993885473,93.92361826441562
grid_bias|frontier|complete|a90|queen|k3|phi0.5|q12|s0,4430,done,completed,0,,4360,64,0.010521296993885473,93.92361826441562
grid_bias|frontier|complete|a90|queen|k3|phi0.5|q12|s0.1,4430,done,completed,0,,4360,64,0.010521296993885473,93.92361826441562
grid_bias|frontier|complete|a90|queen|k3|phi0.5|q18|s0,4430,done,completed,0,,4360,64,0.010521296993885473,93.92361826441562
grid_bias|frontier|complete|a90|queen|k3|phi0.5|q18|s0.1,4430,done,completed,0,,4360,64,0.010521296993885473,93.92361826441562
grid_bias|frontier|complete|a60|rook|k3|phi0.5|q6|s0,4430,done,completed,0,,4360,64,0.010521296993885473,93.92361826441562
grid_bias|frontier|complete|a60|rook|k3|phi0.5|q6|s0.1,4430,done,completed,0,,4360,64,0.010521296993885473,93.92361826441562
grid_bias|frontier|complete|a60|rook|k3|phi0.5|q12|s0,4430,done,completed,0,,4360,64,0.010521296993885473,93.92361826441562
grid_bias|frontier|complete|a60|rook|k3|phi0.5|q12|s0.1,4430,done,completed,0,,4360,64,0.010521296993885473,93.92361826441562
grid_bias|frontier|complete|a60|rook|k3|phi0.5|q18|s0,4430,done,completed,0,,4360,64,0.010521296993885473,93.92361826441562
grid_bias|frontier|complete|a60|rook|k3|phi0.5|q18|s0.1,4430,done,completed,0,,4360,64,0.010521296993885473,93.92361826441562
grid_bias|frontier|complete|a60|queen|k3|phi0.5|q6|s0,4430,done,completed,0,,4360,64,0.010521296993885473,93.92361826441562
grid_bias|frontier|complete|a60|queen|k3|phi0.5|q6|s0.1,4430,done,completed,0,,4360,64,0.010521296993885473,93.92361826441562
grid_bias|frontier|complete|a60|queen|k3|phi0.5|q12|s0,4430,done,completed,0,,4360,64,0.010521296993885473,93.92361826441562
grid_bias|frontier|complete|a60|queen|k3|phi0.5|q12|s0.1,4430,done,completed,0,,4360,64,0.010521296993885473,93.92361826441562
grid_bias|frontier|complete|a60|queen|k3|phi0.5|q18|s0,4430,done,completed,0,,4360,64,0.010521296993885473,93.92361826441562
grid_bias|frontier|complete|a60|queen|k3|phi0.5|q18|s0.1,4430,done,completed,0,,4360,64,0.010521296993885473,93.92361826441562
grid_bias|frontier|complete|a90|rook|k4|phi0|q6|s0,4430,done,completed,0,,4360,64,0.010521296993885473,93.92361826441562
grid_bias|frontier|complete|a90|rook|k4|phi0|q6|s0.1,4430,done,completed,0,,4360,64,0.010521296993885473,93.92361826441562
grid_bias|frontier|complete|a90|rook|k4|phi0|q12|s0,4430,done,completed,0,,4360,64,0.010521296993885473,93.92361826441562
grid_bias|frontier|complete|a90|rook|k4|phi0|q12|s0.1,4430,done,completed,0,,4360,64,0.010521296993885473,93.92361826441562
grid_bias|frontier|complete|a90|rook|k4|phi0|q18|s0,4430,done,completed,0,,4360,64,0.010521296993885473,93.92361826441562
grid_bias|frontier|complete|a90|rook|k4|phi0|q18|s0.1,4430,done,completed,0,,4360,64,0.010521296993885473,93.92361826441562
grid_bias|frontier|complete|a90|queen|k4|phi0|q6|s0,4430,done,completed,0,,4360,64,0.010521296993885473,93.92361826441562
grid_bias|frontier|complete|a90|queen|k4|phi0|q6|s0.1,4430,done,completed,0,,4360,64,0.010521296993885473,93.92361826441562
grid_bias|frontier|complete|a90|queen|k4|phi0|q12|s0,4430,done,completed,0,,4360,64,0.010521296993885473,93.92361826441562
grid_bias|frontier|complete|a90|queen|k4|phi0|q12|s0.1,4430,done,completed,0,,4360,64,0.010521296993885473,93.92361826441562
grid_bias|frontier|complete|a90|queen|k4|phi0|q18|s0,4430,done,completed,0,,4360,64,0.010521296993885473,93.92361826441562
grid_bias|frontier|complete|a90|queen|k4|phi0|q18|s0.1,4430,done,completed,0,,4360,64,0.010521296993885473,93.92361826441562
grid_bias|frontier|complete|a60|rook|k4|phi0|q6|s0,4430,done,completed,0,,4360,64,0.010521296993885473,93.92361826441562
grid_bias|frontier|complete|a60|rook|k4|phi0|q6|s0.1,4430,done,completed,0,,4360,64,0.010521296993885473,93.92361826441562
grid_bias|frontier|complete|a60|rook|k4|phi0|q12|s0,4430,done,completed,0,,4360,64,0.010521296993885473,93.92361826441562
grid_bias|frontier|complete|a60|rook|k4|phi0|q12|s0.1,4430,done,completed,0,,4360,64,0.010521296993885473,93.92361826441562
grid_bias|frontier|complete|a60|rook|k4|phi0|q18|s0,4430,done,completed,0,,4360,64,0.010521296993885473,93.92361826441562
grid_bias|frontier|complete|a60|rook|k4|phi0|q18|s0.1,4430,done,completed,0,,4360,64,0.010521296993885473,93.92361826441562
grid_bias|frontier|complete|a60|queen|k4|phi0|q6|s0,4430,done,completed,0,,4360,64,0.010521296993885473,93.92361826441562
grid_bias|frontier|complete|a60|queen|k4|phi0|q6|s0.1,4430,done,completed,0,,4360,64,0.010521296993885473,93.92361826441562
grid_bias|frontier|complete|a60|queen|k4|phi0|q12|s0,4430,done,completed,0,,4360,64,0.010521296993885473,93.92361826441562
grid_bias|frontier|complete|a60|queen|k4|phi0|q12|s0.1,4430,done,completed,0,,4360,64,0.010521296993885473,93.92361826441562
grid_bias|frontier|complete|a60|queen|k4|phi0|q18|s0,4430,done,completed,0,,4360,64,0.010521296993885473,93.92361826441562
grid_bias|frontier|complete|a60|queen|k4|phi0|q18|s0.1,4430,done,completed,0,,4360,64,0.010521296993885473,93.92361826441562
grid_bias|frontier|complete|a90|rook|k4|phi0.5|q6|s0,4430,done,completed,0,,4360,64,0.010521296993885473,93.92361826441562
grid_bias|frontier|complete|a90|rook|k4|phi0.5|q6|s0.1,4430,done,completed,0,,4360,64,0.010521296993885473,93.92361826441562
grid_bias|frontier|complete|a90|rook|k4|phi0.5|q12|s0,4430,done,completed,0,,4360,64,0.010521296993885473,93.92361826441562
grid_bias|frontier|complete|a90|rook|k4|phi0.5|q12|s0.1,4430,done,completed,0,,4360,64,0.010521296993885473,93.92361826441562
grid_bias|frontier|complete|a90|rook|k4|phi0.5|q18|s0,4430,done,completed,0,,4360,64,0.010521296993885473,93.92361826441562
grid_bias|frontier|complete|a90|rook|k4|phi0.5|q18|s0.1,4430,done,completed,0,,4360,64,0.010521296993885473,93.92361826441562
grid_bias|frontier|complete|a90|queen|k4|phi0.5|q6|s0,4430,done,completed,0,,4360,64,0.010521296993885473,93.92361826441562
grid_bias|frontier|complete|a90|queen|k4|phi0.5|q6|s0.1,4430,done,completed,0,,4360,64,0.010521296993885473,93.92361826441562
grid_bias|frontier|complete|a90|queen|k4|phi0.5|q12|s0,4430,done,completed,0,,4360,64,0.010521296993885473,93.92361826441562
grid_bias|frontier|complete|a90|queen|k4|phi0.5|q12|s0.1,4430,done,completed,0,,4360,64,0.010521296993885473,93.92361826441562
grid_bias|frontier|complete|a90|queen|k4|phi0.5|q18|s0,4430,done,completed,0,,4360,64,0.010521296993885473,93.92361826441562
grid_bias|frontier|complete|a90|queen|k4|phi0.5|q18|s0.1,4430,done,completed,0,,4360,64,0.010521296993885473,93.92361826441562
grid_bias|frontier|complete|a60|rook|k4|phi0.5|q6|s0,4430,done,completed,0,,4360,64,0.010521296993885473,93.92361826441562
grid_bias|frontier|complete|a60|rook|k4|phi0.5|q6|s0.1,4430,done,completed,0,,4360,64,0.010521296993885473,93.92361826441562
grid_bias|frontier|complete|a60|rook|k4|phi0.5|q12|s0,4430,done,completed,0,,4360,64,0.010521296993885473,93.92361826441562
grid_bias|frontier|complete|a60|rook|k4|phi0.5|q12|s0.1,4430,done,completed,0,,4360,64,0.010521296993885473,93.92361826441562
grid_bias|frontier|complete|a60|rook|k4|phi0.5|q18|s0,4430,done,completed,0,,4360,64,0.010521296993885473,93.92361826441562
grid_bias|frontier|complete|a60|rook|k4|phi0.5|q18|s0.1,4430,done,completed,0,,4360,64,0.010521296993885473,93.92361826441562
grid_bias|frontier|complete|a60|queen|k4|phi0.5|q6|s0,4430,done,completed,0,,4360,64,0.010521296993885473,93.92361826441562
grid_bias|frontier|complete|a60|queen|k4|phi0.5|q6|s0.1,4430,done,completed,0,,4360,64,0.010521296993885473,93.92361826441562
grid_bias|frontier|complete|a60|queen|k4|phi0.5|q12|s0,4430,done,completed,0,,4360,64,0.010521296993885473,93.92361826441562
grid_bias|frontier|complete|a60|queen|k4|phi0.5|q12|s0.1,4430,done,completed,0,,4360,64,0.010521296993885473,93.92361826441562
grid_bias|frontier|complete|a60|queen|k4|phi0.5|q18|s0,4430,done,completed,0,,4360,64,0.010521296993885473,93.92361826441562
grid_bias|frontier|complete|a60|queen|k4|phi0.5|q18|s0.1,4430,done,completed,0,,4360,64,0.010521296993885473,93.92361826441562
grid_bias|frontier|ring|a90|rook|k3|phi0|q6|s0,4430,done,completed,0,,4360,64,0.010521296993885473,93.92361826441562
grid_bias|frontier|ring|a90|rook|k3|phi0|q6|s0.1,4430,done,completed,0,,4360,64,0.010521296993885473,93.92361826441562
grid_bias|frontier|ring|a90|rook|k3|phi0|q12|s0,4430,done,completed,0,,4360,64,0.010521296993885473,93.92361826441562
grid_bias|frontier|ring|a90|rook|k3|phi0|q12|s0.1,4430,done,completed,0,,4360,64,0.010521296993885473,93.92361826441562
grid_bias|frontier|ring|a90|rook|k3|phi0|q18|s0,4430,done,completed,0,,4360,64,0.010521296993885473,93.92361826441562
grid_bias|frontier|ring|a90|rook|k3|phi0|q18|s0.1,4430,done,completed,0,,4360,64,0.010521296993885473,93.92361826441562
grid_bias|frontier|ring|a90|queen|k3|phi0|q6|s0,4430,done,completed,0,,4360,64,0.010521296993885473,93.92361826441562
grid_bias|frontier|ring|a90|queen|k3|phi0|q6|s0.1,4430,done,completed,0,,4360,64,0.010521296993885473,93.92361826441562
grid_bias|frontier|ring|a90|queen|k3|phi0|q12|s0,4430,done,completed,0,,4360,64,0.010521296993885473,93.92361826441562
grid_bias|frontier|ring|a90|queen|k3|phi0|q12|s0.1,4430,done,completed,0,,4360,64,0.010521296993885473,93.92361826441562
grid_bias|frontier|ring|a90|queen|k3|phi0|q18|s0,4430,done,completed,0,,4360,64,0.010521296993885473,93.92361826441562
grid_bias|frontier|ring|a90|queen|k3|phi0|q18|s0.1,4430,done,completed,0,,4360,64,0.010521296993885473,93.92361826441562
grid_bias|frontier|ring|a60|rook|k3|phi0|q6|s0,4430,done,completed,0,,4360,64,0.010521296993885473,93.92361826441562
grid_bias|frontier|ring|a60|rook|k3|phi0|q6|s0.1,4430,done,completed,0,,4360,64,0.010521296993885473,93.92361826441562
grid_bias|frontier|ring|a60|rook|k3|phi0|q12|s0,4430,done,completed,0,,4360,64,0.010521296993885473,93.92361826441562
grid_bias|frontier|ring|a60|rook|k3|phi0|q12|s0.1,4430,done,completed,0,,4360,64,0.010521296993885473,93.92361826441562
grid_bias|frontier|ring|a60|rook|k3|phi0|q18|s0,4430,done,completed,0,,4360,64,0.010521296993885473,93.92361826441562
grid_bias|frontier|ring|a60|rook|k3|phi0|q18|s0.1,4430,done,completed,0,,4360,64,0.010521296993885473,93.92361826441562
grid_bias|frontier|ring|a60|queen|k3|phi0|q6|s0,4430,done,completed,0,,4360,64,0.010521296993885473,93.92361826441562
grid_bias|frontier|ring|a60|queen|k3|phi0|q6|s0.1,4430,done,completed,0,,4360,64,0.010521296993885473,93.92361826441562
grid_bias|frontier|ring|a60|queen|k3|phi0|q12|s0,4430,done,completed,0,,4360,64,0.010521296993885473,93.92361826441562
grid_bias|frontier|ring|a60|queen|k3|phi0|q12|s0.1,4430,done,completed,0,,4360,64,0.010521296993885473,93.92361826441562
grid_bias|frontier|ring|a60|queen|k3|phi0|q18|s0,4430,done,completed,0,,4360,64,0.010521296993885473,93.92361826441562
grid_bias|frontier|ring|a60|queen|k3|phi0|q18|s0.1,4430,done,completed,0,,4360,64,0.010521296993885473,93.92361826441562
grid_bias|frontier|ring|a90|rook|k3|phi0.5|q6|s0,4430,done,completed,0,,4360,64,0.010521296993885473,93.92361826441562
grid_bias|frontier|ring|a90|rook|k3|phi0.5|q6|s0.1,4430,done,completed,0,,4360,64,0.010521296993885473,93.92361826441562
grid_bias|frontier|ring|a90|rook|k3|phi0.5|q12|s0,4430,done,completed,0,,4360,64,0.010521296993885473,93.92361826441562
grid_bias|frontier|ring|a90|rook|k3|phi0.5|q12|s0.1,4430,done,completed,0,,4360,64,0.010521296993885473,93.92361826441562
grid_bias|frontier|ring|a90|rook|k3|phi0.5|q18|s0,4430,done,completed,0,,4360,64,0.010521296993885473,93.92361826441562
grid_bias|frontier|ring|a90|rook|k3|phi0.5|q18|s0.1,4430,done,completed,0,,4360,64,0.010521296993885473,93.92361826441562
grid_bias|frontier|ring|a90|queen|k3|phi0.5|q6|s0,4430,done,completed,0,,4360,64,0.010521296993885473,93.92361826441562
grid_bias|frontier|ring|a90|queen|k3|phi0.5|q6|s0.1,4430,done,completed,0,,4360,64,0.010521296993885473,93.92361826441562
grid_bias|frontier|ring|a90|queen|k3|phi0.5|q12|s0,4430,done,completed,0,,4360,64,0.010521296993885473,93.92361826441562
grid_bias|frontier|ring|a90|queen|k3|phi0.5|q12|s0.1,4430,done,completed,0,,4360,64,0.010521296993885473,93.92361826441562
grid_bias|frontier|ring|a90|queen|k3|phi0.5|q18|s0,4430,done,completed,0,,4360,64,0.010521296993885473,93.92361826441562
grid_bias|frontier|ring|a90|queen|k3|phi0.5|q18|s0.1,4430,done,completed,0,,4360,64,0.010521296993885473,93.92361826441562
grid_bias|frontier|ring|a60|rook|k3|phi0.5|q6|s0,4430,done,completed,0,,4360,64,0.010521296993885473,93.92361826441562
grid_bias|frontier|ring|a60|rook|k3|phi0.5|q6|s0.1,4430,done,completed,0,,4360,64,0.010521296993885473,93.92361826441562
grid_bias|frontier|ring|a60|rook|k3|phi0.5|q12|s0,4430,done,completed,0,,4360,64,0.010521296993885473,93.92361826441562
grid_bias|frontier|ring|a60|rook|k3|phi0.5|q12|s0.1,4430,done,completed,0,,4360,64,0.010521296993885473,93.92361826441562
grid_bias|frontier|ring|a60|rook|k3|phi0.5|q18|s0,4430,done,completed,0,,4360,64,0.010521296993885473,93.92361826441562
grid_bias|frontier|ring|a60|rook|k3|phi0.5|q18|s0.1,4430,done,completed,0,,4360,64,0.010521296993885473,93.92361826441562
grid_bias|frontier|ring|a60|queen|k3|phi0.5|q6|s0,4430,done,completed,0,,4360,64,0.010521296993885473,93.92361826441562
grid_bias|frontier|ring|a60|queen|k3|phi0.5|q6|s0.1,4430,done,completed,0,,4360,64,0.010521296993885473,93.92361826441562
grid_bias|frontier|ring|a60|queen|k3|phi0.5|q12|s0,4430,done,completed,0,,4360,64,0.010521296993885473,93.92361826441562
grid_bias|frontier|ring|a60|queen|k3|phi0.5|q12|s0.1,4430,done,completed,0,,4360,64,0.010521296993885473,93.92361826441562
grid_bias|frontier|ring|a60|queen|k3|phi0.5|q18|s0,4430,done,completed,0,,4360,64,0.010521296993885473,93.92361826441562
grid_bias|frontier|ring|a60|queen|k3|phi0.5|q18|s0.1,4430,done,completed,0,,4360,64,0.010521296993885473,93.92361826441562
grid_bias|frontier|ring|a90|rook|k4|phi0|q6|s0,4430,done,completed,0,,4360,64,0.010521296993885473,93.92361826441562
grid_bias|frontier|ring|a90|rook|k4|phi0|q6|s0.1,4430,done,completed,0,,4360,64,0.010521296993885473,93.92361826441562
grid_bias|frontier|ring|a90|rook|k4|phi0|q12|s0,4430,done,completed,0,,4360,64,0.010521296993885473,93.92361826441562
grid_bias|frontier|ring|a90|rook|k4|phi0|q12|s0.1,4430,done,completed,0,,4360,64,0.010521296993885473,93.92361826441562
grid_bias|frontier|ring|a90|rook|k4|phi0|q18|s0,4430,done,completed,0,,4360,64,0.010521296993885473,93.92361826441562
grid_bias|frontier|ring|a90|rook|k4|phi0|q18|s0.1,4430,done,completed,0,,4360,64,0.010521296993885473,93.92361826441562
grid_bias|frontier|ring|a90|queen|k4|phi0|q6|s0,4430,done,completed,0,,4360,64,0.010521296993885473,93.92361826441562
grid_bias|frontier|ring|a90|queen|k4|phi0|q6|s0.1,4430,done,completed,0,,4360,64,0.010521296993885473,93.92361826441562
grid_bias|frontier|ring|a90|queen|k4|phi0|q12|s0,4430,done,completed,0,,4360,64,0.010521296993885473,93.92361826441562
grid_bias|frontier|ring|a90|queen|k4|phi0|q12|s0.1,4430,done,completed,0,,4360,64,0.010521296993885473,93.92361826441562
grid_bias|frontier|ring|a90|queen|k4|phi0|q18|s0,4430,done,completed,0,,4360,64,0.010521296993885473,93.92361826441562
grid_bias|frontier|ring|a90|queen|k4|phi0|q18|s0.1,4430,done,completed,0,,4360,64,0.010521296993885473,93.92361826441562
grid_bias|frontier|ring|a60|rook|k4|phi0|q6|s0,4430,done,completed,0,,4360,64,0.010521296993885473,93.92361826441562
grid_bias|frontier|ring|a60|rook|k4|phi0|q6|s0.1,4430,done,completed,0,,4360,64,0.010521296993885473,93.92361826441562
grid_bias|frontier|ring|a60|rook|k4|phi0|q12|s0,4430,done,completed,0,,4360,64,0.010521296993885473,93.92361826441562
grid_bias|frontier|ring|a60|rook|k4|phi0|q12|s0.1,4430,done,completed,0,,4360,64,0.010521296993885473,93.92361826441562
grid_bias|frontier|ring|a60|rook|k4|phi0|q18|s0,4430,done,completed,0,,4360,64,0.010521296993885473,93.92361826441562
grid_bias|frontier|ring|a60|rook|k4|phi0|q18|s0.1,4430,done,completed,0,,4360,64,0.010521296993885473,93.92361826441562
grid_bias|frontier|ring|a60|queen|k4|phi0|q6|s0,4430,done,completed,0,,4360,64,0.010521296993885473,93.92361826441562
grid_bias|frontier|ring|a60|queen|k4|phi0|q6|s0.1,4430,done,completed,0,,4360,64,0.010521296993885473,93.92361826441562
grid_bias|frontier|ring|a60|queen|k4|phi0|q12|s0,4430,done,completed,0,,4360,64,0.010521296993885473,93.92361826441562
grid_bias|frontier|ring|a60|queen|k4|phi0|q12|s0.1,4430,done,completed,0,,4360,64,0.010521296993885473,93.92361826441562
grid_bias|frontier|ring|a60|queen|k4|phi0|q18|s0,4430,done,completed,0,,4360,64,0.010521296993885473,93.92361826441562
grid_bias|frontier|ring|a60|queen|k4|phi0|q18|s0.1,4430,done,completed,0,,4360,64,0.010521296993885473,93.92361826441562
grid_bias|frontier|ring|a90|rook|k4|phi0.5|q6|s0,4430,done,completed,0,,4360,64,0.010521296993885473,93.92361826441562
grid_bias|frontier|ring|a90|rook|k4|phi0.5|q6|s0.1,4430,done,completed,0,,4360,64,0.010521296993885473,93.92361826441562
grid_bias|frontier|ring|a90|rook|k4|phi0.5|q12|s0,4430,done,completed,0,,4360,64,0.010521296993885473,93.92361826441562
grid_bias|frontier|ring|a90|rook|k4|phi0.5|q12|s0.1,4430,done,completed,0,,4360,64,0.010521296993885473,93.92361826441562
grid_bias|frontier|ring|a90|rook|k4|phi0.5|q18|s0,4430,done,completed,0,,4360,64,0.010521296993885473,93.92361826441562
grid_bias|frontier|ring|a90|rook|k4|phi0.5|q18|s0.1,4430,done,completed,0,,4360,64,0.010521296993885473,93.92361826441562
grid_bias|frontier|ring|a90|queen|k4|phi0.5|q6|s0,4430,done,completed,0,,4360,64,0.010521296993885473,93.92361826441562
grid_bias|frontier|ring|a90|queen|k4|phi0.5|q6|s0.1,4430,done,completed,0,,4360,64,0.010521296993885473,93.92361826441562
grid_bias|frontier|ring|a90|queen|k4|phi0.5|q12|s0,4430,done,completed,0,,4360,64,0.010521296993885473,93.92361826441562
grid_bias|frontier|ring|a90|queen|k4|phi0.5|q12|s0.1,4430,done,completed,0,,4360,64,0.010521296993885473,93.92361826441562
grid_bias|frontier|ring|a90|queen|k4|phi0.5|q18|s0,4430,done,completed,0,,4360,64,0.010521296993885473,93.92361826441562
grid_bias|frontier|ring|a90|queen|k4|phi0.5|q18|s0.1,4430,done,completed,0,,4360,64,0.010521296993885473,93.92361826441562
grid_bias|frontier|ring|a60|rook|k4|phi0.5|q6|s0,4430,done,completed,0,,4360,64,0.010521296993885473,93.92361826441562
grid_bias|frontier|ring|a60|rook|k4|phi0.5|q6|s0.1,4430,done,completed,0,,4360,64,0.010521296993885473,93.92361826441562
grid_bias|frontier|ring|a60|rook|k4|phi0.5|q12|s0,4430,done,completed,0,,4360,64,0.010521296993885473,93.92361826441562
grid_bias|frontier|ring|a60|rook|k4|phi0.5|q12|s0.1,4430,done,completed,0,,4360,64,0.010521296993885473,93.92361826441562
grid_bias|frontier|ring|a60|rook|k4|phi0.5|q18|s0,4430,done,completed,0,,4360,64,0.010521296993885473,93.92361826441562
grid_bias|frontier|ring|a60|rook|k4|phi0.5|q18|s0.1,4430,done,completed,0,,4360,64,0.010521296993885473,93.92361826441562
grid_bias|frontier|ring|a60|queen|k4|phi0.5|q6|s0,4430,done,completed,0,,4360,64,0.010521296993885473,93.92361826441562
grid_bias|frontier|ring|a60|queen|k4|phi0.5|q6|s0.1,4430,done,completed,0,,4360,64,0.010521296993885473,93.92361826441562
grid_bias|frontier|ring|a60|queen|k4|phi0.5|q12|s0,4430,done,completed,0,,4360,64,0.010521296993885473,93.92361826441562
grid_bias|frontier|ring|a60|queen|k4|phi0.5|q12|s0.1,4430,done,completed,0,,4360,64,0.010521296993885473,93.92361826441562
grid_bias|frontier|ring|a60|queen|k4|phi0.5|q18|s0,4430,done,completed,0,,4360,64,0.010521296993885473,93.92361826441562
grid_bias|frontier|ring|a60|queen|k4|phi0.5|q18|s0.1,4430,done,completed,0,,4360,64,0.010521296993885473,93.92361826441562
grid_bias|frontier|cross|a90|rook|k3|phi0|q6|s0,4430,done,completed,0,,4360,64,0.010521296993885473,93.92361826441562
grid_bias|frontier|cross|a90|rook|k3|phi0|q6|s0.1,4430,done,completed,0,,4360,64,0.010521296993885473,93.92361826441562
grid_bias|frontier|cross|a90|rook|k3|phi0|q12|s0,4430,done,completed,0,,4360,64,0.010521296993885473,93.92361826441562
grid_bias|frontier|cross|a90|rook|k3|phi0|q12|s0.1,4430,done,completed,0,,4360,64,0.010521296993885473,93.92361826441562
grid_bias|frontier|cross|a90|rook|k3|phi0|q18|s0,4430,done,completed,0,,4360,64,0.010521296993885473,93.92361826441562
grid_bias|frontier|cross|a90|rook|k3|phi0|q18|s0.1,4430,done,completed,0,,4360,64,0.010521296993885473,93.92361826441562
grid_bias|frontier|cross|a90|queen|k3|phi0|q6|s0,4430,done,completed,0,,4360,64,0.010521296993885473,93.92361826441562
grid_bias|frontier|cross|a90|queen|k3|phi0|q6|s0.1,4430,done,completed,0,,4360,64,0.010521296993885473,93.92361826441562
grid_bias|frontier|cross|a90|queen|k3|phi0|q12|s0,4430,done,completed,0,,4360,64,0.010521296993885473,93.92361826441562
grid_bias|frontier|cross|a90|queen|k3|phi0|q12|s0.1,4430,done,completed,0,,4360,64,0.010521296993885473,93.92361826441562
grid_bias|frontier|cross|a90|queen|k3|phi0|q18|s0,4430,done,completed,0,,4360,64,0.010521296993885473,93.92361826441562
grid_bias|frontier|cross|a90|queen|k3|phi0|q18|s0.1,4430,done,completed,0,,4360,64,0.010521296993885473,93.92361826441562
grid_bias|frontier|cross|a60|rook|k3|phi0|q6|s0,4430,done,completed,0,,4360,64,0.010521296993885473,93.92361826441562
grid_bias|frontier|cross|a60|rook|k3|phi0|q6|s0.1,4430,done,completed,0,,4360,64,0.010521296993885473,93.92361826441562
grid_bias|frontier|cross|a60|rook|k3|phi0|q12|s0,4430,done,completed,0,,4360,64,0.010521296993885473,93.92361826441562
grid_bias|frontier|cross|a60|rook|k3|phi0|q12|s0.1,4430,done,completed,0,,4360,64,0.010521296993885473,93.92361826441562
grid_bias|frontier|cross|a60|rook|k3|phi0|q18|s0,4430,done,completed,0,,4360,64,0.010521296993885473,93.92361826441562
grid_bias|frontier|cross|a60|rook|k3|phi0|q18|s0.1,4430,done,completed,0,,4360,64,0.010521296993885473,93.92361826441562
grid_bias|frontier|cross|a60|queen|k3|phi0|q6|s0,4430,done,completed,0,,4360,64,0.010521296993885473,93.92361826441562
grid_bias|frontier|cross|a60|queen|k3|phi0|q6|s0.1,4430,done,completed,0,,4360,64,0.010521296993885473,93.92361826441562
grid_bias|frontier|cross|a60|queen|k3|phi0|q12|s0,4430,done,completed,0,,4360,64,0.010521296993885473,93.92361826441562
grid_bias|frontier|cross|a60|queen|k3|phi0|q12|s0.1,4430,done,completed,0,,4360,64,0.010521296993885473,93.92361826441562
grid_bias|frontier|cross|a60|queen|k3|phi0|q18|s0,4430,done,completed,0,,4360,64,0.010521296993885473,93.92361826441562
grid_bias|frontier|cross|a60|queen|k3|phi0|q18|s0.1,4430,done,completed,0,,4360,64,0.010521296993885473,93.92361826441562
grid_bias|frontier|cross|a90|rook|k3|phi0.5|q6|s0,4430,done,completed,0,,4360,64,0.010521296993885473,93.92361826441562
grid_bias|frontier|cross|a90|rook|k3|phi0.5|q6|s0.1,4430,done,completed,0,,4360,64,0.010521296993885473,93.92361826441562
grid_bias|frontier|cross|a90|rook|k3|phi0.5|q12|s0,4430,done,completed,0,,4360,64,0.010521296993885473,93.92361826441562
grid_bias|frontier|cross|a90|rook|k3|phi0.5|q12|s0.1,4430,done,completed,0,,4360,64,0.010521296993885473,93.92361826441562
grid_bias|frontier|cross|a90|rook|k3|phi0.5|q18|s0,4430,done,completed,0,,4360,64,0.010521296993885473,93.92361826441562
grid_bias|frontier|cross|a90|rook|k3|phi0.5|q18|s0.1,4430,done,completed,0,,4360,64,0.010521296993885473,93.92361826441562
grid_bias|frontier|cross|a90|queen|k3|phi0.5|q6|s0,4430,done,completed,0,,4360,64,0.010521296993885473,93.92361826441562
grid_bias|frontier|cross|a90|queen|k3|phi0.5|q6|s0.1,4430,done,completed,0,,4360,64,0.010521296993885473,93.92361826441562
grid_bias|frontier|cross|a90|queen|k3|phi0.5|q12|s0,4430,done,completed,0,,4360,64,0.010521296993885473,93.92361826441562
grid_bias|frontier|cross|a90|queen|k3|phi0.5|q12|s0.1,4430,done,completed,0,,4360,64,0.010521296993885473,93.92361826441562
grid_bias|frontier|cross|a90|queen|k3|phi0.5|q18|s0,4430,done,completed,0,,4360,64,0.010521296993885473,93.92361826441562
grid_bias|frontier|cross|a90|queen|k3|phi0.5|q18|s0.1,4430,done,completed,0,,4360,64,0.010521296993885473,93.92361826441562
grid_bias|frontier|cross|a60|rook|k3|phi0.5|q6|s0,4430,done,completed,0,,4360,64,0.010521296993885473,93.92361826441562
grid_bias|frontier|cross|a60|rook|k3|phi0.5|q6|s0.1,4430,done,completed,0,,4360,64,0.010521296993885473,93.92361826441562
grid_bias|frontier|cross|a60|rook|k3|phi0.5|q12|s0,4430,done,completed,0,,4360,64,0.010521296993885473,93.92361826441562
grid_bias|frontier|cross|a60|rook|k3|phi0.5|q12|s0.1,4430,done,completed,0,,4360,64,0.010521296993885473,93.92361826441562
grid_bias|frontier|cross|a60|rook|k3|phi0.5|q18|s0,4430,done,completed,0,,4360,64,0.010521296993885473,93.92361826441562
grid_bias|frontier|cross|a60|rook|k3|phi0.5|q18|s0.1,4430,done,completed,0,,4360,64,0.010521296993885473,93.92361826441562
grid_bias|frontier|cross|a60|queen|k3|phi0.5|q6|s0,4430,done,completed,0,,4360,64,0.010521296993885473,93.92361826441562
grid_bias|frontier|cross|a60|queen|k3|phi0.5|q6|s0.1,4430,done,completed,0,,4360,64,0.010521296993885473,93.92361826441562
grid_bias|frontier|cross|a60|queen|k3|phi0.5|q12|s0,4430,done,completed,0,,4360,64,0.010521296993885473,93.92361826441562
grid_bias|frontier|cross|a60|queen|k3|phi0.5|q12|s0.1,4430,done,completed,0,,4360,64,0.010521296993885473,93.92361826441562
grid_bias|frontier|cross|a60|queen|k3|phi0.5|q18|s0,4430,done,completed,0,,4360,64,0.010521296993885473,93.92361826441562
grid_bias|frontier|cross|a60|queen|k3|phi0.5|q18|s0.1,4430,done,completed,0,,4360,64,0.010521296993885473,93.92361826441562
grid_bias|frontier|cross|a90|rook|k4|phi0|q6|s0,4430,done,completed,0,,4360,64,0.010521296993885473,93.92361826441562
grid_bias|frontier|cross|a90|rook|k4|phi0|q6|s0.1,4430,done,completed,0,,4360,64,0.010521296993885473,93.92361826441562
grid_bias|frontier|cross|a90|rook|k4|phi0|q12|s0,4430,done,completed,0,,4360,64,0.010521296993885473,93.92361826441562
grid_bias|frontier|cross|a90|rook|k4|phi0|q12|s0.1,4430,done,completed,0,,4360,64,0.010521296993885473,93.92361826441562
grid_bias|frontier|cross|a90|rook|k4|phi0|q18|s0,4430,done,completed,0,,4360,64,0.010521296993885473,93.92361826441562
grid_bias|frontier|cross|a90|rook|k4|phi0|q18|s0.1,4430,done,completed,0,,4360,64,0.010521296993885473,93.92361826441562
grid_bias|frontier|cross|a90|queen|k4|phi0|q6|s0,4430,done,completed,0,,4360,64,0.010521296993885473,93.92361826441562
grid_bias|frontier|cross|a90|queen|k4|phi0|q6|s0.1,4430,done,completed,0,,4360,64,0.010521296993885473,93.92361826441562
grid_bias|frontier|cross|a90|queen|k4|phi0|q12|s0,4430,done,completed,0,,4360,64,0.010521296993885473,93.92361826441562
grid_bias|frontier|cross|a90|queen|k4|phi0|q12|s0.1,4430,done,completed,0,,4360,64,0.010521296993885473,93.92361826441562
grid_bias|frontier|cross|a90|queen|k4|phi0|q18|s0,4430,done,completed,0,,4360,64,0.010521296993885473,93.92361826441562
grid_bias|frontier|cross|a90|queen|k4|phi0|q18|s0.1,4430,done,completed,0,,4360,64,0.010521296993885473,93.92361826441562
grid_bias|frontier|cross|a60|rook|k4|phi0|q6|s0,4430,done,completed,0,,4360,64,0.010521296993885473,93.92361826441562
grid_bias|frontier|cross|a60|rook|k4|phi0|q6|s0.1,4430,done,completed,0,,4360,64,0.010521296993885473,93.92361826441562
grid_bias|frontier|cross|a60|rook|k4|phi0|q12|s0,4430,done,completed,0,,4360,64,0.010521296993885473,93.92361826441562
grid_bias|frontier|cross|a60|rook|k4|phi0|q12|s0.1,4430,done,completed,0,,4360,64,0.010521296993885473,93.92361826441562
grid_bias|frontier|cross|a60|rook|k4|phi0|q18|s0,4430,done,completed,0,,4360,64,0.010521296993885473,93.92361826441562
grid_bias|frontier|cross|a60|rook|k4|phi0|q18|s0.1,4430,done,completed,0,,4360,64,0.010521296993885473,93.92361826441562
grid_bias|frontier|cross|a60|queen|k4|phi0|q6|s0,4430,done,completed,0,,4360,64,0.010521296993885473,93.92361826441562
grid_bias|frontier|cross|a60|queen|k4|phi0|q6|s0.1,4430,done,completed,0,,4360,64,0.010521296993885473,93.92361826441562
grid_bias|frontier|cross|a60|queen|k4|phi0|q12|s0,4430,done,completed,0,,4360,64,0.010521296993885473,93.92361826441562
grid_bias|frontier|cross|a60|queen|k4|phi0|q12|s0.1,4430,done,completed,0,,4360,64,0.010521296993885473,93.92361826441562
grid_bias|frontier|cross|a60|queen|k4|phi0|q18|s0,4430,done,completed,0,,4360,64,0.010521296993885473,93.92361826441562
grid_bias|frontier|cross|a60|queen|k4|phi0|q18|s0.1,4430,done,completed,0,,4360,64,0.010521296993885473,93.92361826441562
grid_bias|frontier|cross|a90|rook|k4|phi0.5|q6|s0,4430,done,completed,0,,4360,64,0.010521296993885473,93.92361826441562
grid_bias|frontier|cross|a90|rook|k4|phi0.5|q6|s0.1,4430,done,completed,0,,4360,64,0.010521296993885473,93.92361826441562
grid_bias|frontier|cross|a90|rook|k4|phi0.5|q12|s0,4430,done,completed,0,,4360,64,0.010521296993885473,93.92361826441562
grid_bias|frontier|cross|a90|rook|k4|phi0.5|q12|s0.1,4430,done,completed,0,,4360,64,0.010521296993885473,93.92361826441562
grid_bias|frontier|cross|a90|rook|k4|phi0.5|q18|s0,4430,done,completed,0,,4360,64,0.010521296993885473,93.92361826441562
grid_bias|frontier|cross|a90|rook|k4|phi0.5|q18|s0.1,4430,done,completed,0,,4360,64,0.010521296993885473,93.92361826441562
grid_bias|frontier|cross|a90|queen|k4|phi0.5|q6|s0,4430,done,completed,0,,4360,64,0.010521296993885473,93.92361826441562
grid_bias|frontier|cross|a90|queen|k4|phi0.5|q6|s0.1,4430,done,completed,0,,4360,64,0.010521296993885473,93.92361826441562
grid_bias|frontier|cross|a90|queen|k4|phi0.5|q12|s0,4430,done,completed,0,,4360,64,0.010521296993885473,93.92361826441562
grid_bias|frontier|cross|a90|queen|k4|phi0.5|q12|s0.1,4430,done,completed,0,,4360,64,0.010521296993885473,93.92361826441562
grid_bias|frontier|cross|a90|queen|k4|phi0.5|q18|s0,4430,done,completed,0,,4360,64,0.010521296993885473,93.92361826441562
grid_bias|frontier|cross|a90|queen|k4|phi0.5|q18|s0.1,4430,done,completed,0,,4360,64,0.010521296993885473,93.92361826441562
grid_bias|frontier|cross|a60|rook|k4|phi0.5|q6|s0,4430,done,completed,0,,4360,64,0.010521296993885473,93.92361826441562
grid_bias|frontier|cross|a60|rook|k4|phi0.5|q6|s0.1,4430,done,completed,0,,4360,64,0.010521296993885473,93.92361826441562
grid_bias|frontier|cross|a60|rook|k4|phi0.5|q12|s0,4430,done,completed,0,,4360,64,0.010521296993885473,93.92361826441562
grid_bias|frontier|cross|a60|rook|k4|phi0.5|q12|s0.1,4430,done,completed,0,,4360,64,0.010521296993885473,93.92361826441562
grid_bias|frontier|cross|a60|rook|k4|phi0.5|q18|s0,4430,done,completed,0,,4360,64,0.010521296993885473,93.92361826441562
grid_bias|frontier|cross|a60|rook|k4|phi0.5|q18|s0.1,4430,done,completed,0,,4360,64,0.010521296993885473,93.92361826441562
grid_bias|frontier|cross|a60|queen|k4|phi0.5|q6|s0,4430,done,completed,0,,4360,64,0.010521296993885473,93.92361826441562
grid_bias|frontier|cross|a60|queen|k4|phi0.5|q6|s0.1,4430,done,completed,0,,4360,64,0.010521296993885473,93.92361826441562
grid_bias|frontier|cross|a60|queen|k4|phi0.5|q12|s0,4430,done,completed,0,,4360,64,0.010521296993885473,93.92361826441562
grid_bias|frontier|cross|a60|queen|k4|phi0.5|q12|s0.1,4430,done,completed,0,,4360,64,0.010521296993885473,93.92361826441562
grid_bias|frontier|cross|a60|queen|k4|phi0.5|q18|s0,4430,done,completed,0,,4360,64,0.010521296993885473,93.92361826441562
grid_bias|frontier|cross|a60|queen|k4|phi0.5|q18|s0.1,4430,done,completed,0,,4360,64,0.010521296993885473,93.92361826441562
grid_bias|frontier|grid|a90|rook|k3|phi0|q6|s0,4430,done,completed,0,,4360,64,0.010521296993885473,93.92361826441562
grid_bias|frontier|grid|a90|rook|k3|phi0|q6|s0.1,4430,done,completed,0,,4360,64,0.010521296993885473,93.92361826441562
grid_bias|frontier|grid|a90|rook|k3|phi0|q12|s0,4430,done,completed,0,,4360,64,0.010521296993885473,93.92361826441562
grid_bias|frontier|grid|a90|rook|k3|phi0|q12|s0.1,4430,done,completed,0,,4360,64,0.010521296993885473,93.92361826441562
grid_bias|frontier|grid|a90|rook|k3|phi0|q18|s0,4430,done,completed,0,,4360,64,0.010521296993885473,93.92361826441562
grid_bias|frontier|grid|a90|rook|k3|phi0|q18|s0.1,4430,done,completed,0,,4360,64,0.010521296993885473,93.92361826441562
grid_bias|frontier|grid|a90|queen|k3|phi0|q6|s0,4430,done,completed,0,,4360,64,0.010521296993885473,93.92361826441562
grid_bias|frontier|grid|a90|queen|k3|phi0|q6|s0.1,4430,done,completed,0,,4360,64,0.010521296993885473,93.92361826441562
grid_bias|frontier|grid|a90|queen|k3|phi0|q12|s0,4430,done,completed,0,,4360,64,0.010521296993885473,93.92361826441562
grid_bias|frontier|grid|a90|queen|k3|phi0|q12|s0.1,4430,done,completed,0,,4360,64,0.010521296993885473,93.92361826441562
grid_bias|frontier|grid|a90|queen|k3|phi0|q18|s0,4430,done,completed,0,,4360,64,0.010521296993885473,93.92361826441562
grid_bias|frontier|grid|a90|queen|k3|phi0|q18|s0.1,4430,done,completed,0,,4360,64,0.010521296993885473,93.92361826441562
grid_bias|frontier|grid|a60|rook|k3|phi0|q6|s0,4430,done,completed,0,,4360,64,0.010521296993885473,93.92361826441562
grid_bias|frontier|grid|a60|rook|k3|phi0|q6|s0.1,4430,done,completed,0,,4360,64,0.010521296993885473,93.92361826441562
grid_bias|frontier|grid|a60|rook|k3|phi0|q12|s0,4430,done,completed,0,,4360,64,0.010521296993885473,93.92361826441562
grid_bias|frontier|grid|a60|rook|k3|phi0|q12|s0.1,4430,done,completed,0,,4360,64,0.010521296993885473,93.92361826441562
grid_bias|frontier|grid|a60|rook|k3|phi0|q18|s0,4430,done,completed,0,,4360,64,0.010521296993885473,93.92361826441562
grid_bias|frontier|grid|a60|rook|k3|phi0|q18|s0.1,4430,done,completed,0,,4360,64,0.010521296993885473,93.92361826441562
grid_bias|frontier|grid|a60|queen|k3|phi0|q6|s0,4430,done,completed,0,,4360,64,0.010521296993885473,93.92361826441562
grid_bias|frontier|grid|a60|queen|k3|phi0|q6|s0.1,4430,done,completed,0,,4360,64,0.010521296993885473,93.92361826441562
grid_bias|frontier|grid|a60|queen|k3|phi0|q12|s0,4430,done,completed,0,,4360,64,0.010521296993885473,93.92361826441562
grid_bias|frontier|grid|a60|queen|k3|phi0|q12|s0.1,4430,done,completed,0,,4360,64,0.010521296993885473,93.92361826441562
grid_bias|frontier|grid|a60|queen|k3|phi0|q18|s0,4430,done,completed,0,,4360,64,0.010521296993885473,93.92361826441562
grid_bias|frontier|grid|a60|queen|k3|phi0|q18|s0.1,4430,done,completed,0,,4360,64,0.010521296993885473,93.92361826441562
grid_bias|frontier|grid|a90|rook|k3|phi0.5|q6|s0,4430,done,completed,0,,4360,64,0.010521296993885473,93.92361826441562
grid_bias|frontier|grid|a90|rook|k3|phi0.5|q6|s0.1,4430,done,completed,0,,4360,64,0.010521296993885473,93.92361826441562
grid_bias|frontier|grid|a90|rook|k3|phi0.5|q12|s0,4430,done,completed,0,,4360,64,0.010521296993885473,93.92361826441562
grid_bias|frontier|grid|a90|rook|k3|phi0.5|q12|s0.1,4430,done,completed,0,,4360,64,0.010521296993885473,93.92361826441562
grid_bias|frontier|grid|a90|rook|k3|phi0.5|q18|s0,4430,done,completed,0,,4360,64,0.010521296993885473,93.92361826441562
grid_bias|frontier|grid|a90|rook|k3|phi0.5|q18|s0.1,4430,done,completed,0,,4360,64,0.010521296993885473,93.92361826441562
grid_bias|frontier|grid|a90|queen|k3|phi0.5|q6|s0,4430,done,completed,0,,4360,64,0.010521296993885473,93.92361826441562
grid_bias|frontier|grid|a90|queen|k3|phi0.5|q6|s0.1,4430,done,completed,0,,4360,64,0.010521296993885473,93.92361826441562
grid_bias|frontier|grid|a90|queen|k3|phi0.5|q12|s0,4430,done,completed,0,,4360,64,0.010521296993885473,93.92361826441562
grid_bias|frontier|grid|a90|queen|k3|phi0.5|q12|s0.1,4430,done,completed,0,,4360,64,0.010521296993885473,93.92361826441562
grid_bias|frontier|grid|a90|queen|k3|phi0.5|q18|s0,4430,done,completed,0,,4360,64,0.010521296993885473,93.92361826441562
grid_bias|frontier|grid|a90|queen|k3|phi0.5|q18|s0.1,4430,done,completed,0,,4360,64,0.010521296993885473,93.92361826441562
grid_bias|frontier|grid|a60|rook|k3|phi0.5|q6|s0,4430,done,completed,0,,4360,64,0.010521296993885473,93.92361826441562
grid_bias|frontier|grid|a60|rook|k3|phi0.5|q6|s0.1,4430,done,completed,0,,4360,64,0.010521296993885473,93.92361826441562
grid_bias|frontier|grid|a60|rook|k3|phi0.5|q12|s0,4430,done,completed,0,,4360,64,0.010521296993885473,93.92361826441562
grid_bias|frontier|grid|a60|rook|k3|phi0.5|q12|s0.1,4430,done,completed,0,,4360,64,0.010521296993885473,93.92361826441562
grid_bias|frontier|grid|a60|rook|k3|phi0.5|q18|s0,4430,done,completed,0,,4360,64,0.010521296993885473,93.92361826441562
grid_bias|frontier|grid|a60|rook|k3|phi0.5|q18|s0.1,4430,done,completed,0,,4360,64,0.010521296993885473,93.92361826441562
grid_bias|frontier|grid|a60|queen|k3|phi0.5|q6|s0,4430,done,completed,0,,4360,64,0.010521296993885473,93.92361826441562
grid_bias|frontier|grid|a60|queen|k3|phi0.5|q6|s0.1,4430,done,completed,0,,4360,64,0.010521296993885473,93.92361826441562
grid_bias|frontier|grid|a60|queen|k3|phi0.5|q12|s0,4430,done,completed,0,,4360,64,0.010521296993885473,93.92361826441562
grid_bias|frontier|grid|a60|queen|k3|phi0.5|q12|s0.1,4430,done,completed,0,,4360,64,0.010521296993885473,93.92361826441562
grid_bias|frontier|grid|a60|queen|k3|phi0.5|q18|s0,4430,done,completed,0,,4360,64,0.010521296993885473,93.92361826441562
grid_bias|frontier|grid|a60|queen|k3|phi0.5|q18|s0.1,4430,done,completed,0,,4360,64,0.010521296993885473,93.92361826441562
grid_bias|frontier|grid|a90|rook|k4|phi0|q6|s0,4430,done,completed,0,,4360,64,0.010521296993885473,93.92361826441562
grid_bias|frontier|grid|a90|rook|k4|phi0|q6|s0.1,4430,done,completed,0,,4360,64,0.010521296993885473,93.92361826441562
grid_bias|frontier|grid|a90|rook|k4|phi0|q12|s0,4430,done,completed,0,,4360,64,0.010521296993885473,93.92361826441562
grid_bias|frontier|grid|a90|rook|k4|phi0|q12|s0.1,4430,done,completed,0,,4360,64,0.010521296993885473,93.92361826441562
grid_bias|frontier|grid|a90|rook|k4|phi0|q18|s0,4430,done,completed,0,,4360,64,0.010521296993885473,93.92361826441562
grid_bias|frontier|grid|a90|rook|k4|phi0|q18|s0.1,4430,done,completed,0,,4360,64,0.010521296993885473,93.92361826441562
grid_bias|frontier|grid|a90|queen|k4|phi0|q6|s0,4430,done,completed,0,,4360,64,0.010521296993885473,93.92361826441562
grid_bias|frontier|grid|a90|queen|k4|phi0|q6|s0.1,4430,done,completed,0,,4360,64,0.010521296993885473,93.92361826441562
grid_bias|frontier|grid|a90|queen|k4|phi0|q12|s0,4430,done,completed,0,,4360,64,0.010521296993885473,93.92361826441562
grid_bias|frontier|grid|a90|queen|k4|phi0|q12|s0.1,4430,done,completed,0,,4360,64,0.010521296993885473,93.92361826441562
grid_bias|frontier|grid|a90|queen|k4|phi0|q18|s0,4430,done,completed,0,,4360,64,0.010521296993885473,93.92361826441562
grid_bias|frontier|grid|a90|queen|k4|phi0|q18|s0.1,4430,done,completed,0,,4360,64,0.010521296993885473,93.92361826441562
grid_bias|frontier|grid|a60|rook|k4|phi0|q6|s0,4430,done,completed,0,,4360,64,0.010521296993885473,93.92361826441562
grid_bias|frontier|grid|a60|rook|k4|phi0|q6|s0.1,4430,done,completed,0,,4360,64,0.010521296993885473,93.92361826441562
grid_bias|frontier|grid|a60|rook|k4|phi0|q12|s0,4430,done,completed,0,,4360,64,0.010521296993885473,93.92361826441562
grid_bias|frontier|grid|a60|rook|k4|phi0|q12|s0.1,4430,done,completed,0,,4360,64,0.010521296993885473,93.92361826441562
grid_bias|frontier|grid|a60|rook|k4|phi0|q18|s0,4430,done,completed,0,,4360,64,0.010521296993885473,93.92361826441562
grid_bias|frontier|grid|a60|rook|k4|phi0|q18|s0.1,4430,done,completed,0,,4360,64,0.010521296993885473,93.92361826441562
grid_bias|frontier|grid|a60|queen|k4|phi0|q6|s0,4430,done,completed,0,,4360,64,0.010521296993885473,93.92361826441562
grid_bias|frontier|grid|a60|queen|k4|phi0|q6|s0.1,4430,done,completed,0,,4360,64,0.010521296993885473,93.92361826441562
grid_bias|frontier|grid|a60|queen|k4|phi0|q12|s0,4430,done,completed,0,,4360,64,0.010521296993885473,93.92361826441562
grid_bias|frontier|grid|a60|queen|k4|phi0|q12|s0.1,4430,done,completed,0,,4360,64,0.010521296993885473,93.92361826441562
grid_bias|frontier|grid|a60|queen|k4|phi0|q18|s0,4430,done,completed,0,,4360,64,0.010521296993885473,93.92361826441562
grid_bias|frontier|grid|a60|queen|k4|phi0|q18|s0.1,4430,done,completed,0,,4360,64,0.010521296993885473,93.92361826441562
grid_bias|frontier|grid|a90|rook|k4|phi0.5|q6|s0,4430,done,completed,0,,4360,64,0.010521296993885473,93.92361826441562
grid_bias|frontier|grid|a90|rook|k4|phi0.5|q6|s0.1,4430,done,completed,0,,4360,64,0.010521296993885473,93.92361826441562
grid_bias|frontier|grid|a90|rook|k4|phi0.5|q12|s0,4430,done,completed,0,,4360,64,0.010521296993885473,93.92361826441562
grid_bias|frontier|grid|a90|rook|k4|phi0.5|q12|s0.1,4430,done,completed,0,,4360,64,0.010521296993885473,93.92361826441562
grid_bias|frontier|grid|a90|rook|k4|phi0.5|q18|s0,4430,done,completed,0,,4360,64,0.010521296993885473,93.92361826441562
grid_bias|frontier|grid|a90|rook|k4|phi0.5|q18|s0.1,4430,done,completed,0,,4360,64,0.010521296993885473,93.92361826441562
grid_bias|frontier|grid|a90|queen|k4|phi0.5|q6|s0,4430,done,completed,0,,4360,64,0.010521296993885473,93.92361826441562
grid_bias|frontier|grid|a90|queen|k4|phi0.5|q6|s0.1,4430,done,completed,0,,4360,64,0.010521296993885473,93.92361826441562
grid_bias|frontier|grid|a90|queen|k4|phi0.5|q12|s0,4430,done,completed,0,,4360,64,0.010521296993885473,93.92361826441562
grid_bias|frontier|grid|a90|queen|k4|phi0.5|q12|s0.1,4430,done,completed,0,,4360,64,0.010521296993885473,93.92361826441562
grid_bias|frontier|grid|a90|queen|k4|phi0.5|q18|s0,4430,done,completed,0,,4360,64,0.010521296993885473,93.92361826441562
grid_bias|frontier|grid|a90|queen|k4|phi0.5|q18|s0.1,4430,done,completed,0,,4360,64,0.010521296993885473,93.92361826441562
grid_bias|frontier|grid|a60|rook|k4|phi0.5|q6|s0,4430,done,completed,0,,4360,64,0.010521296993885473,93.92361826441562
grid_bias|frontier|grid|a60|rook|k4|phi0.5|q6|s0.1,4430,done,completed,0,,4360,64,0.010521296993885473,93.92361826441562
grid_bias|frontier|grid|a60|rook|k4|phi0.5|q12|s0,4430,done,completed,0,,4360,64,0.010521296993885473,93.92361826441562
grid_bias|frontier|grid|a60|rook|k4|phi0.5|q12|s0.1,4430,done,completed,0,,4360,64,0.010521296993885473,93.92361826441562
grid_bias|frontier|grid|a60|rook|k4|phi0.5|q18|s0,4430,done,completed,0,,4360,64,0.010521296993885473,93.92361826441562
grid_bias|frontier|grid|a60|rook|k4|phi0.5|q18|s0.1,4430,done,completed,0,,4360,64,0.010521296993885473,93.92361826441562
grid_bias|frontier|grid|a60|queen|k4|phi0.5|q6|s0,4430,done,completed,0,,4360,64,0.010521296993885473,93.92361826441562
grid_bias|frontier|grid|a60|queen|k4|phi0.5|q6|s0.1,4430,done,completed,0,,4360,64,0.010521296993885473,93.92361826441562
grid_bias|frontier|grid|a60|queen|k4|phi0.5|q12|s0,4430,done,completed,0,,4360,64,0.010521296993885473,93.92361826441562
grid_bias|frontier|grid|a60|queen|k4|phi0.5|q12|s0.1,4430,done,completed,0,,4360,64,0.010521296993885473,93.92361826441562
grid_bias|frontier|grid|a60|queen|k4|phi0.5|q18|s0,4430,done,completed,0,,4360,64,0.010521296993885473,93.92361826441562
grid_bias|frontier|grid|a60|queen|k4|phi0.5|q18|s0.1,4430,done,completed,0,,4360,64,0.010521296993885473,93.92361826441562